2025-07-28 14:09:05,796 [Worker-7: Loading available Gradle versions] INFO  o.e.b.c.i.u.g.PublishedGradleVersions - Gradle version information cache is not available. Remote download required.
2025-07-28 14:09:51,092 [Worker-8: Loading available Gradle versions] INFO  o.e.b.c.i.u.g.PublishedGradleVersions - Gradle version information cache is up-to-date. Trying to read.
2025-07-28 14:12:09,916 [Worker-35: Building] INFO  o.e.m.c.i.l.LifecycleMappingFactory - Using org.eclipse.m2e.jdt.JarLifecycleMapping lifecycle mapping for MavenProject: com.univ:HBM-HQL-App3:0.0.1-SNAPSHOT @ C:\Users\BETU\Desktop\coading\25june25jee\HBM-Critaria-App5\pom.xml.
2025-07-28 14:12:09,916 [Worker-42: Updating Maven Dependencies] INFO  o.e.m.c.i.l.LifecycleMappingFactory - Using org.eclipse.m2e.jdt.JarLifecycleMapping lifecycle mapping for MavenProject: com.univ:HBMApp2:0.0.1-SNAPSHOT @ C:\Users\BETU\Desktop\coading\25june25jee\HBMApp2\pom.xml.
2025-07-28 14:12:12,962 [Worker-35: Building] INFO  o.a.m.s.f.DefaultMavenResourcesFiltering - skip non existing resourceDirectory C:\Users\BETU\Desktop\coading\25june25jee\HBM-Critaria-App5\src\main\resources
2025-07-28 14:12:12,967 [Worker-35: Building] INFO  o.a.m.s.f.DefaultMavenResourcesFiltering - skip non existing resourceDirectory C:\Users\BETU\Desktop\coading\25june25jee\HBM-Critaria-App5\src\test\resources
2025-07-28 14:12:14,546 [Worker-7: Building] INFO  o.a.m.s.f.DefaultMavenResourcesFiltering - skip non existing resourceDirectory C:\Users\BETU\Desktop\coading\25june25jee\HBM-Critaria-App5\src\main\resources
2025-07-28 14:12:14,550 [Worker-7: Building] INFO  o.a.m.s.f.DefaultMavenResourcesFiltering - skip non existing resourceDirectory C:\Users\BETU\Desktop\coading\25june25jee\HBM-Critaria-App5\src\test\resources
2025-07-28 14:12:14,798 [Worker-7: Building] INFO  o.e.m.c.i.l.LifecycleMappingFactory - Using org.eclipse.m2e.jdt.JarLifecycleMapping lifecycle mapping for MavenProject: com.univ:HBM-HQL-App3:0.0.1-SNAPSHOT @ C:\Users\BETU\Desktop\coading\25june25jee\HBM-HQL-App3\pom.xml.
2025-07-28 14:12:15,111 [Worker-7: Building] INFO  o.a.m.s.f.DefaultMavenResourcesFiltering - skip non existing resourceDirectory C:\Users\BETU\Desktop\coading\25june25jee\HBM-HQL-App3\src\main\resources
2025-07-28 14:12:15,115 [Worker-7: Building] INFO  o.a.m.s.f.DefaultMavenResourcesFiltering - skip non existing resourceDirectory C:\Users\BETU\Desktop\coading\25june25jee\HBM-HQL-App3\src\test\resources
2025-07-28 14:12:15,281 [Worker-17: Updating Maven Dependencies] INFO  o.e.m.c.i.l.LifecycleMappingFactory - Using org.eclipse.m2e.jdt.JarLifecycleMapping lifecycle mapping for MavenProject: com.univ:HBMApp2:0.0.1-SNAPSHOT @ C:\Users\BETU\Desktop\coading\25june25jee\HBMApp2\pom.xml.
2025-07-28 14:12:15,324 [Worker-7: Building] INFO  o.e.m.c.i.l.LifecycleMappingFactory - Using org.eclipse.m2e.jdt.JarLifecycleMapping lifecycle mapping for MavenProject: com.univ:HBM-HQL-App3:0.0.1-SNAPSHOT @ C:\Users\BETU\Desktop\coading\25june25jee\HBM-HQL-App4\pom.xml.
2025-07-28 14:12:15,638 [Worker-7: Building] INFO  o.a.m.s.f.DefaultMavenResourcesFiltering - skip non existing resourceDirectory C:\Users\BETU\Desktop\coading\25june25jee\HBM-HQL-App4\src\main\resources
2025-07-28 14:12:15,642 [Worker-7: Building] INFO  o.a.m.s.f.DefaultMavenResourcesFiltering - skip non existing resourceDirectory C:\Users\BETU\Desktop\coading\25june25jee\HBM-HQL-App4\src\test\resources
2025-07-28 14:12:15,969 [Worker-39: Building] INFO  o.a.m.s.f.DefaultMavenResourcesFiltering - skip non existing resourceDirectory C:\Users\BETU\Desktop\coading\25june25jee\HBM-HQL-App3\src\main\resources
2025-07-28 14:12:15,973 [Worker-39: Building] INFO  o.a.m.s.f.DefaultMavenResourcesFiltering - skip non existing resourceDirectory C:\Users\BETU\Desktop\coading\25june25jee\HBM-HQL-App3\src\test\resources
2025-07-28 14:12:16,140 [Worker-39: Building] INFO  o.a.m.s.f.DefaultMavenResourcesFiltering - skip non existing resourceDirectory C:\Users\BETU\Desktop\coading\25june25jee\HBM-HQL-App4\src\main\resources
2025-07-28 14:12:16,144 [Worker-39: Building] INFO  o.a.m.s.f.DefaultMavenResourcesFiltering - skip non existing resourceDirectory C:\Users\BETU\Desktop\coading\25june25jee\HBM-HQL-App4\src\test\resources
2025-07-28 14:12:16,353 [Worker-39: Building] INFO  o.e.m.c.i.l.LifecycleMappingFactory - Using org.eclipse.m2e.jdt.JarLifecycleMapping lifecycle mapping for MavenProject: com.univ:HBM-OneToOneApp:0.0.1-SNAPSHOT @ C:\Users\BETU\Desktop\coading\25june25jee\HBM-ManyToMany-App15\pom.xml.
2025-07-28 14:12:16,674 [Worker-39: Building] INFO  o.a.m.s.f.DefaultMavenResourcesFiltering - skip non existing resourceDirectory C:\Users\BETU\Desktop\coading\25june25jee\HBM-ManyToMany-App15\src\main\resources
2025-07-28 14:12:16,678 [Worker-39: Building] INFO  o.a.m.s.f.DefaultMavenResourcesFiltering - skip non existing resourceDirectory C:\Users\BETU\Desktop\coading\25june25jee\HBM-ManyToMany-App15\src\test\resources
2025-07-28 14:12:16,858 [Worker-5: Updating Maven Dependencies] INFO  o.e.m.c.i.l.LifecycleMappingFactory - Using org.eclipse.m2e.jdt.JarLifecycleMapping lifecycle mapping for MavenProject: com.univ:HBMApp2:0.0.1-SNAPSHOT @ C:\Users\BETU\Desktop\coading\25june25jee\HBMApp2\pom.xml.
2025-07-28 14:12:16,945 [Worker-39: Building] INFO  o.e.m.c.i.l.LifecycleMappingFactory - Using org.eclipse.m2e.jdt.JarLifecycleMapping lifecycle mapping for MavenProject: com.univ:HBM-OneToOneApp:0.0.1-SNAPSHOT @ C:\Users\BETU\Desktop\coading\25june25jee\HBM-ManyToOneApp12\pom.xml.
2025-07-28 14:12:17,250 [Worker-39: Building] INFO  o.a.m.s.f.DefaultMavenResourcesFiltering - skip non existing resourceDirectory C:\Users\BETU\Desktop\coading\25june25jee\HBM-ManyToOneApp12\src\main\resources
2025-07-28 14:12:17,253 [Worker-39: Building] INFO  o.a.m.s.f.DefaultMavenResourcesFiltering - skip non existing resourceDirectory C:\Users\BETU\Desktop\coading\25june25jee\HBM-ManyToOneApp12\src\test\resources
2025-07-28 14:12:17,569 [Worker-31: Building] INFO  o.a.m.s.f.DefaultMavenResourcesFiltering - skip non existing resourceDirectory C:\Users\BETU\Desktop\coading\25june25jee\HBM-ManyToMany-App15\src\main\resources
2025-07-28 14:12:17,573 [Worker-31: Building] INFO  o.a.m.s.f.DefaultMavenResourcesFiltering - skip non existing resourceDirectory C:\Users\BETU\Desktop\coading\25june25jee\HBM-ManyToMany-App15\src\test\resources
2025-07-28 14:12:17,721 [Worker-31: Building] INFO  o.a.m.s.f.DefaultMavenResourcesFiltering - skip non existing resourceDirectory C:\Users\BETU\Desktop\coading\25june25jee\HBM-ManyToOneApp12\src\main\resources
2025-07-28 14:12:17,725 [Worker-31: Building] INFO  o.a.m.s.f.DefaultMavenResourcesFiltering - skip non existing resourceDirectory C:\Users\BETU\Desktop\coading\25june25jee\HBM-ManyToOneApp12\src\test\resources
2025-07-28 14:12:17,928 [Worker-31: Building] INFO  o.e.m.c.i.l.LifecycleMappingFactory - Using org.eclipse.m2e.jdt.JarLifecycleMapping lifecycle mapping for MavenProject: com.univ:HBM-HQL-App3:0.0.1-SNAPSHOT @ C:\Users\BETU\Desktop\coading\25june25jee\HBM-Named-App7\pom.xml.
2025-07-28 14:12:18,232 [Worker-31: Building] INFO  o.a.m.s.f.DefaultMavenResourcesFiltering - skip non existing resourceDirectory C:\Users\BETU\Desktop\coading\25june25jee\HBM-Named-App7\src\main\resources
2025-07-28 14:12:18,235 [Worker-31: Building] INFO  o.a.m.s.f.DefaultMavenResourcesFiltering - skip non existing resourceDirectory C:\Users\BETU\Desktop\coading\25june25jee\HBM-Named-App7\src\test\resources
2025-07-28 14:12:18,423 [Worker-31: Building] INFO  o.e.m.c.i.l.LifecycleMappingFactory - Using org.eclipse.m2e.jdt.JarLifecycleMapping lifecycle mapping for MavenProject: com.univ:HBM-HQL-App3:0.0.1-SNAPSHOT @ C:\Users\BETU\Desktop\coading\25june25jee\HBM-Native-App6\pom.xml.
2025-07-28 14:12:18,683 [Worker-31: Building] INFO  o.a.m.s.f.DefaultMavenResourcesFiltering - skip non existing resourceDirectory C:\Users\BETU\Desktop\coading\25june25jee\HBM-Native-App6\src\main\resources
2025-07-28 14:12:18,686 [Worker-31: Building] INFO  o.a.m.s.f.DefaultMavenResourcesFiltering - skip non existing resourceDirectory C:\Users\BETU\Desktop\coading\25june25jee\HBM-Native-App6\src\test\resources
2025-07-28 14:12:18,866 [Worker-31: Building] INFO  o.e.m.c.i.l.LifecycleMappingFactory - Using org.eclipse.m2e.jdt.JarLifecycleMapping lifecycle mapping for MavenProject: com.univ:HBM-OneToOneApp:0.0.1-SNAPSHOT @ C:\Users\BETU\Desktop\coading\25june25jee\HBM-OneToMany-App13\pom.xml.
2025-07-28 14:12:19,146 [Worker-31: Building] INFO  o.a.m.s.f.DefaultMavenResourcesFiltering - skip non existing resourceDirectory C:\Users\BETU\Desktop\coading\25june25jee\HBM-OneToMany-App13\src\main\resources
2025-07-28 14:12:19,150 [Worker-31: Building] INFO  o.a.m.s.f.DefaultMavenResourcesFiltering - skip non existing resourceDirectory C:\Users\BETU\Desktop\coading\25june25jee\HBM-OneToMany-App13\src\test\resources
2025-07-28 14:12:19,319 [Worker-31: Building] INFO  o.e.m.c.i.l.LifecycleMappingFactory - Using org.eclipse.m2e.jdt.JarLifecycleMapping lifecycle mapping for MavenProject: com.univ:HBM-OneToOneApp:0.0.1-SNAPSHOT @ C:\Users\BETU\Desktop\coading\25june25jee\HBM-OneToMany-App14\pom.xml.
2025-07-28 14:12:19,536 [Worker-31: Building] INFO  o.a.m.s.f.DefaultMavenResourcesFiltering - skip non existing resourceDirectory C:\Users\BETU\Desktop\coading\25june25jee\HBM-OneToMany-App14\src\main\resources
2025-07-28 14:12:19,540 [Worker-31: Building] INFO  o.a.m.s.f.DefaultMavenResourcesFiltering - skip non existing resourceDirectory C:\Users\BETU\Desktop\coading\25june25jee\HBM-OneToMany-App14\src\test\resources
2025-07-28 14:12:20,448 [Worker-31: Building] INFO  o.e.m.c.i.e.AbstractTransferListenerAdapter - Downloading https://repo.maven.apache.org/maven2/org/apache/maven/plugins/maven-war-plugin/3.4.0/maven-war-plugin-3.4.0.jar
2025-07-28 14:12:20,591 [Worker-31: Building] INFO  o.e.m.c.i.e.AbstractTransferListenerAdapter - Downloaded https://repo.maven.apache.org/maven2/org/apache/maven/plugins/maven-war-plugin/3.4.0/maven-war-plugin-3.4.0.jar
2025-07-28 14:12:20,649 [Worker-31: Building] INFO  o.e.m.c.i.l.LifecycleMappingFactory - Using org.maven.ide.eclipse.wtp.WarLifecycleMapping lifecycle mapping for MavenProject: com.univ:HBM-OneToOne-App11:0.0.1-SNAPSHOT @ C:\Users\BETU\Desktop\coading\25june25jee\HBM-OneToOne-App11\pom.xml.
2025-07-28 14:12:20,884 [Worker-31: Building] INFO  o.e.m.c.i.e.AbstractTransferListenerAdapter - Downloading https://repo.maven.apache.org/maven2/org/apache/maven/plugins/maven-war-plugin/3.4.0/maven-war-plugin-3.4.0.pom
2025-07-28 14:12:20,925 [Worker-31: Building] INFO  o.e.m.c.i.e.AbstractTransferListenerAdapter - Downloaded https://repo.maven.apache.org/maven2/org/apache/maven/plugins/maven-war-plugin/3.4.0/maven-war-plugin-3.4.0.pom
2025-07-28 14:12:21,021 [Worker-31: Building] INFO  o.e.m.c.i.e.AbstractTransferListenerAdapter - Downloading https://repo.maven.apache.org/maven2/org/apache/maven/maven-archiver/3.6.0/maven-archiver-3.6.0.pom
2025-07-28 14:12:21,068 [Worker-31: Building] INFO  o.e.m.c.i.e.AbstractTransferListenerAdapter - Downloaded https://repo.maven.apache.org/maven2/org/apache/maven/maven-archiver/3.6.0/maven-archiver-3.6.0.pom
2025-07-28 14:12:21,162 [Worker-31: Building] INFO  o.e.m.c.i.e.AbstractTransferListenerAdapter - Downloading https://repo.maven.apache.org/maven2/org/codehaus/plexus/plexus-io/3.4.0/plexus-io-3.4.0.pom
2025-07-28 14:12:21,202 [Worker-31: Building] INFO  o.e.m.c.i.e.AbstractTransferListenerAdapter - Downloaded https://repo.maven.apache.org/maven2/org/codehaus/plexus/plexus-io/3.4.0/plexus-io-3.4.0.pom
2025-07-28 14:12:21,297 [Worker-31: Building] INFO  o.e.m.c.i.e.AbstractTransferListenerAdapter - Downloading https://repo.maven.apache.org/maven2/org/codehaus/plexus/plexus-archiver/4.4.0/plexus-archiver-4.4.0.pom
2025-07-28 14:12:21,332 [Worker-31: Building] INFO  o.e.m.c.i.e.AbstractTransferListenerAdapter - Downloaded https://repo.maven.apache.org/maven2/org/codehaus/plexus/plexus-archiver/4.4.0/plexus-archiver-4.4.0.pom
2025-07-28 14:12:21,419 [Worker-31: Building] INFO  o.e.m.c.i.e.AbstractTransferListenerAdapter - Downloading https://repo.maven.apache.org/maven2/org/apache/commons/commons-compress/1.21/commons-compress-1.21.pom
2025-07-28 14:12:21,458 [Worker-31: Building] INFO  o.e.m.c.i.e.AbstractTransferListenerAdapter - Downloaded https://repo.maven.apache.org/maven2/org/apache/commons/commons-compress/1.21/commons-compress-1.21.pom
2025-07-28 14:12:21,564 [Worker-31: Building] INFO  o.e.m.c.i.e.AbstractTransferListenerAdapter - Downloading https://repo.maven.apache.org/maven2/commons-io/commons-io/2.13.0/commons-io-2.13.0.pom
2025-07-28 14:12:21,638 [Worker-31: Building] INFO  o.e.m.c.i.e.AbstractTransferListenerAdapter - Downloaded https://repo.maven.apache.org/maven2/commons-io/commons-io/2.13.0/commons-io-2.13.0.pom
2025-07-28 14:12:21,732 [Worker-31: Building] INFO  o.e.m.c.i.e.AbstractTransferListenerAdapter - Downloading https://repo.maven.apache.org/maven2/org/apache/commons/commons-parent/58/commons-parent-58.pom
2025-07-28 14:12:21,851 [Worker-31: Building] INFO  o.e.m.c.i.e.AbstractTransferListenerAdapter - Downloaded https://repo.maven.apache.org/maven2/org/apache/commons/commons-parent/58/commons-parent-58.pom
2025-07-28 14:12:21,960 [Worker-31: Building] INFO  o.e.m.c.i.e.AbstractTransferListenerAdapter - Downloading https://repo.maven.apache.org/maven2/org/codehaus/plexus/plexus-archiver/4.7.1/plexus-archiver-4.7.1.pom
2025-07-28 14:12:22,006 [Worker-31: Building] INFO  o.e.m.c.i.e.AbstractTransferListenerAdapter - Downloaded https://repo.maven.apache.org/maven2/org/codehaus/plexus/plexus-archiver/4.7.1/plexus-archiver-4.7.1.pom
2025-07-28 14:12:22,095 [Worker-31: Building] INFO  o.e.m.c.i.e.AbstractTransferListenerAdapter - Downloading https://repo.maven.apache.org/maven2/org/codehaus/plexus/plexus-io/3.4.1/plexus-io-3.4.1.pom
2025-07-28 14:12:22,119 [Worker-31: Building] INFO  o.e.m.c.i.e.AbstractTransferListenerAdapter - Downloaded https://repo.maven.apache.org/maven2/org/codehaus/plexus/plexus-io/3.4.1/plexus-io-3.4.1.pom
2025-07-28 14:12:22,216 [Worker-31: Building] INFO  o.e.m.c.i.e.AbstractTransferListenerAdapter - Downloading https://repo.maven.apache.org/maven2/org/apache/commons/commons-compress/1.23.0/commons-compress-1.23.0.pom
2025-07-28 14:12:22,286 [Worker-31: Building] INFO  o.e.m.c.i.e.AbstractTransferListenerAdapter - Downloaded https://repo.maven.apache.org/maven2/org/apache/commons/commons-compress/1.23.0/commons-compress-1.23.0.pom
2025-07-28 14:12:22,397 [Worker-31: Building] INFO  o.e.m.c.i.e.AbstractTransferListenerAdapter - Downloading https://repo.maven.apache.org/maven2/org/apache/commons/commons-parent/56/commons-parent-56.pom
2025-07-28 14:12:22,489 [Worker-31: Building] INFO  o.e.m.c.i.e.AbstractTransferListenerAdapter - Downloaded https://repo.maven.apache.org/maven2/org/apache/commons/commons-parent/56/commons-parent-56.pom
2025-07-28 14:12:22,607 [Worker-31: Building] INFO  o.e.m.c.i.e.AbstractTransferListenerAdapter - Downloading https://repo.maven.apache.org/maven2/org/junit/junit-bom/5.9.1/junit-bom-5.9.1.pom
2025-07-28 14:12:22,656 [Worker-31: Building] INFO  o.e.m.c.i.e.AbstractTransferListenerAdapter - Downloaded https://repo.maven.apache.org/maven2/org/junit/junit-bom/5.9.1/junit-bom-5.9.1.pom
2025-07-28 14:12:22,750 [Worker-31: Building] INFO  o.e.m.c.i.e.AbstractTransferListenerAdapter - Downloading https://repo.maven.apache.org/maven2/com/github/luben/zstd-jni/1.5.5-2/zstd-jni-1.5.5-2.pom
2025-07-28 14:12:22,793 [Worker-31: Building] INFO  o.e.m.c.i.e.AbstractTransferListenerAdapter - Downloaded https://repo.maven.apache.org/maven2/com/github/luben/zstd-jni/1.5.5-2/zstd-jni-1.5.5-2.pom
2025-07-28 14:12:22,909 [Worker-31: Building] INFO  o.e.m.c.i.e.AbstractTransferListenerAdapter - Downloading https://repo.maven.apache.org/maven2/org/apache/maven/shared/maven-mapping/3.0.0/maven-mapping-3.0.0.pom
2025-07-28 14:12:22,939 [Worker-31: Building] INFO  o.e.m.c.i.e.AbstractTransferListenerAdapter - Downloaded https://repo.maven.apache.org/maven2/org/apache/maven/shared/maven-mapping/3.0.0/maven-mapping-3.0.0.pom
2025-07-28 14:12:23,031 [Worker-31: Building] INFO  o.e.m.c.i.e.AbstractTransferListenerAdapter - Downloading https://repo.maven.apache.org/maven2/org/apache/maven/shared/maven-shared-components/22/maven-shared-components-22.pom
2025-07-28 14:12:23,084 [Worker-31: Building] INFO  o.e.m.c.i.e.AbstractTransferListenerAdapter - Downloaded https://repo.maven.apache.org/maven2/org/apache/maven/shared/maven-shared-components/22/maven-shared-components-22.pom
2025-07-28 14:12:23,182 [Worker-31: Building] INFO  o.e.m.c.i.e.AbstractTransferListenerAdapter - Downloading https://repo.maven.apache.org/maven2/org/apache/maven/maven-parent/27/maven-parent-27.pom
2025-07-28 14:12:23,257 [Worker-31: Building] INFO  o.e.m.c.i.e.AbstractTransferListenerAdapter - Downloaded https://repo.maven.apache.org/maven2/org/apache/maven/maven-parent/27/maven-parent-27.pom
2025-07-28 14:12:23,355 [Worker-31: Building] INFO  o.e.m.c.i.e.AbstractTransferListenerAdapter - Downloading https://repo.maven.apache.org/maven2/org/apache/apache/17/apache-17.pom
2025-07-28 14:12:23,433 [Worker-31: Building] INFO  o.e.m.c.i.e.AbstractTransferListenerAdapter - Downloaded https://repo.maven.apache.org/maven2/org/apache/apache/17/apache-17.pom
2025-07-28 14:12:23,596 [Worker-31: Building] INFO  o.e.m.c.i.e.AbstractTransferListenerAdapter - Downloading https://repo.maven.apache.org/maven2/org/apache/maven/maven-core/3.0/maven-core-3.0.pom
2025-07-28 14:12:23,640 [Worker-31: Building] INFO  o.e.m.c.i.e.AbstractTransferListenerAdapter - Downloaded https://repo.maven.apache.org/maven2/org/apache/maven/maven-core/3.0/maven-core-3.0.pom
2025-07-28 14:12:23,726 [Worker-31: Building] INFO  o.e.m.c.i.e.AbstractTransferListenerAdapter - Downloading https://repo.maven.apache.org/maven2/org/apache/maven/maven/3.0/maven-3.0.pom
2025-07-28 14:12:23,779 [Worker-31: Building] INFO  o.e.m.c.i.e.AbstractTransferListenerAdapter - Downloaded https://repo.maven.apache.org/maven2/org/apache/maven/maven/3.0/maven-3.0.pom
2025-07-28 14:12:23,869 [Worker-31: Building] INFO  o.e.m.c.i.e.AbstractTransferListenerAdapter - Downloading https://repo.maven.apache.org/maven2/org/apache/maven/maven-parent/15/maven-parent-15.pom
2025-07-28 14:12:23,932 [Worker-31: Building] INFO  o.e.m.c.i.e.AbstractTransferListenerAdapter - Downloaded https://repo.maven.apache.org/maven2/org/apache/maven/maven-parent/15/maven-parent-15.pom
2025-07-28 14:12:24,021 [Worker-31: Building] INFO  o.e.m.c.i.e.AbstractTransferListenerAdapter - Downloading https://repo.maven.apache.org/maven2/org/apache/apache/6/apache-6.pom
2025-07-28 14:12:24,061 [Worker-31: Building] INFO  o.e.m.c.i.e.AbstractTransferListenerAdapter - Downloaded https://repo.maven.apache.org/maven2/org/apache/apache/6/apache-6.pom
2025-07-28 14:12:24,146 [Worker-31: Building] INFO  o.e.m.c.i.e.AbstractTransferListenerAdapter - Downloading https://repo.maven.apache.org/maven2/org/apache/maven/maven-model/3.0/maven-model-3.0.pom
2025-07-28 14:12:24,186 [Worker-31: Building] INFO  o.e.m.c.i.e.AbstractTransferListenerAdapter - Downloaded https://repo.maven.apache.org/maven2/org/apache/maven/maven-model/3.0/maven-model-3.0.pom
2025-07-28 14:12:24,269 [Worker-31: Building] INFO  o.e.m.c.i.e.AbstractTransferListenerAdapter - Downloading https://repo.maven.apache.org/maven2/org/apache/maven/maven-settings/3.2.5/maven-settings-3.2.5.pom
2025-07-28 14:12:24,296 [Worker-31: Building] INFO  o.e.m.c.i.e.AbstractTransferListenerAdapter - Downloaded https://repo.maven.apache.org/maven2/org/apache/maven/maven-settings/3.2.5/maven-settings-3.2.5.pom
2025-07-28 14:12:24,386 [Worker-31: Building] INFO  o.e.m.c.i.e.AbstractTransferListenerAdapter - Downloading https://repo.maven.apache.org/maven2/org/apache/maven/maven/3.2.5/maven-3.2.5.pom
2025-07-28 14:12:24,451 [Worker-31: Building] INFO  o.e.m.c.i.e.AbstractTransferListenerAdapter - Downloaded https://repo.maven.apache.org/maven2/org/apache/maven/maven/3.2.5/maven-3.2.5.pom
2025-07-28 14:12:24,540 [Worker-31: Building] INFO  o.e.m.c.i.e.AbstractTransferListenerAdapter - Downloading https://repo.maven.apache.org/maven2/org/apache/maven/maven-parent/25/maven-parent-25.pom
2025-07-28 14:12:24,599 [Worker-31: Building] INFO  o.e.m.c.i.e.AbstractTransferListenerAdapter - Downloaded https://repo.maven.apache.org/maven2/org/apache/maven/maven-parent/25/maven-parent-25.pom
2025-07-28 14:12:24,694 [Worker-31: Building] INFO  o.e.m.c.i.e.AbstractTransferListenerAdapter - Downloading https://repo.maven.apache.org/maven2/org/apache/apache/15/apache-15.pom
2025-07-28 14:12:24,741 [Worker-31: Building] INFO  o.e.m.c.i.e.AbstractTransferListenerAdapter - Downloaded https://repo.maven.apache.org/maven2/org/apache/apache/15/apache-15.pom
2025-07-28 14:12:24,831 [Worker-31: Building] INFO  o.e.m.c.i.e.AbstractTransferListenerAdapter - Downloading https://repo.maven.apache.org/maven2/org/apache/maven/maven-settings-builder/3.0/maven-settings-builder-3.0.pom
2025-07-28 14:12:24,871 [Worker-31: Building] INFO  o.e.m.c.i.e.AbstractTransferListenerAdapter - Downloaded https://repo.maven.apache.org/maven2/org/apache/maven/maven-settings-builder/3.0/maven-settings-builder-3.0.pom
2025-07-28 14:12:24,955 [Worker-31: Building] INFO  o.e.m.c.i.e.AbstractTransferListenerAdapter - Downloading https://repo.maven.apache.org/maven2/org/codehaus/plexus/plexus-interpolation/1.14/plexus-interpolation-1.14.pom
2025-07-28 14:12:24,976 [Worker-31: Building] INFO  o.e.m.c.i.e.AbstractTransferListenerAdapter - Downloaded https://repo.maven.apache.org/maven2/org/codehaus/plexus/plexus-interpolation/1.14/plexus-interpolation-1.14.pom
2025-07-28 14:12:25,056 [Worker-31: Building] INFO  o.e.m.c.i.e.AbstractTransferListenerAdapter - Downloading https://repo.maven.apache.org/maven2/org/codehaus/plexus/plexus-components/1.1.18/plexus-components-1.1.18.pom
2025-07-28 14:12:25,086 [Worker-31: Building] INFO  o.e.m.c.i.e.AbstractTransferListenerAdapter - Downloaded https://repo.maven.apache.org/maven2/org/codehaus/plexus/plexus-components/1.1.18/plexus-components-1.1.18.pom
2025-07-28 14:12:25,167 [Worker-31: Building] INFO  o.e.m.c.i.e.AbstractTransferListenerAdapter - Downloading https://repo.maven.apache.org/maven2/org/codehaus/plexus/plexus/2.0.7/plexus-2.0.7.pom
2025-07-28 14:12:25,218 [Worker-31: Building] INFO  o.e.m.c.i.e.AbstractTransferListenerAdapter - Downloaded https://repo.maven.apache.org/maven2/org/codehaus/plexus/plexus/2.0.7/plexus-2.0.7.pom
2025-07-28 14:12:25,319 [Worker-31: Building] INFO  o.e.m.c.i.e.AbstractTransferListenerAdapter - Downloading https://repo.maven.apache.org/maven2/org/codehaus/plexus/plexus-component-annotations/1.5.5/plexus-component-annotations-1.5.5.pom
2025-07-28 14:12:25,342 [Worker-31: Building] INFO  o.e.m.c.i.e.AbstractTransferListenerAdapter - Downloaded https://repo.maven.apache.org/maven2/org/codehaus/plexus/plexus-component-annotations/1.5.5/plexus-component-annotations-1.5.5.pom
2025-07-28 14:12:25,426 [Worker-31: Building] INFO  o.e.m.c.i.e.AbstractTransferListenerAdapter - Downloading https://repo.maven.apache.org/maven2/org/codehaus/plexus/plexus-containers/1.5.5/plexus-containers-1.5.5.pom
2025-07-28 14:12:25,460 [Worker-31: Building] INFO  o.e.m.c.i.e.AbstractTransferListenerAdapter - Downloaded https://repo.maven.apache.org/maven2/org/codehaus/plexus/plexus-containers/1.5.5/plexus-containers-1.5.5.pom
2025-07-28 14:12:25,543 [Worker-31: Building] INFO  o.e.m.c.i.e.AbstractTransferListenerAdapter - Downloading https://repo.maven.apache.org/maven2/org/sonatype/plexus/plexus-sec-dispatcher/1.3/plexus-sec-dispatcher-1.3.pom
2025-07-28 14:12:25,570 [Worker-31: Building] INFO  o.e.m.c.i.e.AbstractTransferListenerAdapter - Downloaded https://repo.maven.apache.org/maven2/org/sonatype/plexus/plexus-sec-dispatcher/1.3/plexus-sec-dispatcher-1.3.pom
2025-07-28 14:12:25,657 [Worker-31: Building] INFO  o.e.m.c.i.e.AbstractTransferListenerAdapter - Downloading https://repo.maven.apache.org/maven2/org/sonatype/spice/spice-parent/12/spice-parent-12.pom
2025-07-28 14:12:25,698 [Worker-31: Building] INFO  o.e.m.c.i.e.AbstractTransferListenerAdapter - Downloaded https://repo.maven.apache.org/maven2/org/sonatype/spice/spice-parent/12/spice-parent-12.pom
2025-07-28 14:12:25,792 [Worker-31: Building] INFO  o.e.m.c.i.e.AbstractTransferListenerAdapter - Downloading https://repo.maven.apache.org/maven2/org/sonatype/forge/forge-parent/4/forge-parent-4.pom
2025-07-28 14:12:25,834 [Worker-31: Building] INFO  o.e.m.c.i.e.AbstractTransferListenerAdapter - Downloaded https://repo.maven.apache.org/maven2/org/sonatype/forge/forge-parent/4/forge-parent-4.pom
2025-07-28 14:12:25,934 [Worker-31: Building] INFO  o.e.m.c.i.e.AbstractTransferListenerAdapter - Downloading https://repo.maven.apache.org/maven2/org/sonatype/plexus/plexus-cipher/1.4/plexus-cipher-1.4.pom
2025-07-28 14:12:25,977 [Worker-31: Building] INFO  o.e.m.c.i.e.AbstractTransferListenerAdapter - Downloaded https://repo.maven.apache.org/maven2/org/sonatype/plexus/plexus-cipher/1.4/plexus-cipher-1.4.pom
2025-07-28 14:12:26,077 [Worker-31: Building] INFO  o.e.m.c.i.e.AbstractTransferListenerAdapter - Downloading https://repo.maven.apache.org/maven2/org/apache/maven/maven-repository-metadata/3.0/maven-repository-metadata-3.0.pom
2025-07-28 14:12:26,119 [Worker-31: Building] INFO  o.e.m.c.i.e.AbstractTransferListenerAdapter - Downloaded https://repo.maven.apache.org/maven2/org/apache/maven/maven-repository-metadata/3.0/maven-repository-metadata-3.0.pom
2025-07-28 14:12:26,213 [Worker-31: Building] INFO  o.e.m.c.i.e.AbstractTransferListenerAdapter - Downloading https://repo.maven.apache.org/maven2/org/apache/maven/maven-artifact/3.0/maven-artifact-3.0.pom
2025-07-28 14:12:26,253 [Worker-31: Building] INFO  o.e.m.c.i.e.AbstractTransferListenerAdapter - Downloaded https://repo.maven.apache.org/maven2/org/apache/maven/maven-artifact/3.0/maven-artifact-3.0.pom
2025-07-28 14:12:26,367 [Worker-31: Building] INFO  o.e.m.c.i.e.AbstractTransferListenerAdapter - Downloading https://repo.maven.apache.org/maven2/org/apache/maven/maven-plugin-api/3.0/maven-plugin-api-3.0.pom
2025-07-28 14:12:26,402 [Worker-31: Building] INFO  o.e.m.c.i.e.AbstractTransferListenerAdapter - Downloaded https://repo.maven.apache.org/maven2/org/apache/maven/maven-plugin-api/3.0/maven-plugin-api-3.0.pom
2025-07-28 14:12:26,496 [Worker-31: Building] INFO  o.e.m.c.i.e.AbstractTransferListenerAdapter - Downloading https://repo.maven.apache.org/maven2/org/sonatype/sisu/sisu-inject-plexus/1.4.2/sisu-inject-plexus-1.4.2.pom
2025-07-28 14:12:26,546 [Worker-31: Building] INFO  o.e.m.c.i.e.AbstractTransferListenerAdapter - Downloaded https://repo.maven.apache.org/maven2/org/sonatype/sisu/sisu-inject-plexus/1.4.2/sisu-inject-plexus-1.4.2.pom
2025-07-28 14:12:26,635 [Worker-31: Building] INFO  o.e.m.c.i.e.AbstractTransferListenerAdapter - Downloading https://repo.maven.apache.org/maven2/org/sonatype/sisu/inject/guice-plexus/1.4.2/guice-plexus-1.4.2.pom
2025-07-28 14:12:26,677 [Worker-31: Building] INFO  o.e.m.c.i.e.AbstractTransferListenerAdapter - Downloaded https://repo.maven.apache.org/maven2/org/sonatype/sisu/inject/guice-plexus/1.4.2/guice-plexus-1.4.2.pom
2025-07-28 14:12:26,768 [Worker-31: Building] INFO  o.e.m.c.i.e.AbstractTransferListenerAdapter - Downloading https://repo.maven.apache.org/maven2/org/sonatype/sisu/inject/guice-bean/1.4.2/guice-bean-1.4.2.pom
2025-07-28 14:12:26,811 [Worker-31: Building] INFO  o.e.m.c.i.e.AbstractTransferListenerAdapter - Downloaded https://repo.maven.apache.org/maven2/org/sonatype/sisu/inject/guice-bean/1.4.2/guice-bean-1.4.2.pom
2025-07-28 14:12:26,897 [Worker-31: Building] INFO  o.e.m.c.i.e.AbstractTransferListenerAdapter - Downloading https://repo.maven.apache.org/maven2/org/sonatype/sisu/sisu-inject/1.4.2/sisu-inject-1.4.2.pom
2025-07-28 14:12:26,937 [Worker-31: Building] INFO  o.e.m.c.i.e.AbstractTransferListenerAdapter - Downloaded https://repo.maven.apache.org/maven2/org/sonatype/sisu/sisu-inject/1.4.2/sisu-inject-1.4.2.pom
2025-07-28 14:12:27,036 [Worker-31: Building] INFO  o.e.m.c.i.e.AbstractTransferListenerAdapter - Downloading https://repo.maven.apache.org/maven2/org/sonatype/sisu/sisu-parent/1.4.2/sisu-parent-1.4.2.pom
2025-07-28 14:12:27,080 [Worker-31: Building] INFO  o.e.m.c.i.e.AbstractTransferListenerAdapter - Downloaded https://repo.maven.apache.org/maven2/org/sonatype/sisu/sisu-parent/1.4.2/sisu-parent-1.4.2.pom
2025-07-28 14:12:27,162 [Worker-31: Building] INFO  o.e.m.c.i.e.AbstractTransferListenerAdapter - Downloading https://repo.maven.apache.org/maven2/org/sonatype/forge/forge-parent/6/forge-parent-6.pom
2025-07-28 14:12:27,201 [Worker-31: Building] INFO  o.e.m.c.i.e.AbstractTransferListenerAdapter - Downloaded https://repo.maven.apache.org/maven2/org/sonatype/forge/forge-parent/6/forge-parent-6.pom
2025-07-28 14:12:27,312 [Worker-31: Building] INFO  o.e.m.c.i.e.AbstractTransferListenerAdapter - Downloading https://repo.maven.apache.org/maven2/org/codehaus/plexus/plexus-component-annotations/1.5.4/plexus-component-annotations-1.5.4.pom
2025-07-28 14:12:27,352 [Worker-31: Building] INFO  o.e.m.c.i.e.AbstractTransferListenerAdapter - Downloaded https://repo.maven.apache.org/maven2/org/codehaus/plexus/plexus-component-annotations/1.5.4/plexus-component-annotations-1.5.4.pom
2025-07-28 14:12:27,440 [Worker-31: Building] INFO  o.e.m.c.i.e.AbstractTransferListenerAdapter - Downloading https://repo.maven.apache.org/maven2/org/codehaus/plexus/plexus-containers/1.5.4/plexus-containers-1.5.4.pom
2025-07-28 14:12:27,485 [Worker-31: Building] INFO  o.e.m.c.i.e.AbstractTransferListenerAdapter - Downloaded https://repo.maven.apache.org/maven2/org/codehaus/plexus/plexus-containers/1.5.4/plexus-containers-1.5.4.pom
2025-07-28 14:12:27,571 [Worker-31: Building] INFO  o.e.m.c.i.e.AbstractTransferListenerAdapter - Downloading https://repo.maven.apache.org/maven2/org/codehaus/plexus/plexus/2.0.5/plexus-2.0.5.pom
2025-07-28 14:12:27,613 [Worker-31: Building] INFO  o.e.m.c.i.e.AbstractTransferListenerAdapter - Downloaded https://repo.maven.apache.org/maven2/org/codehaus/plexus/plexus/2.0.5/plexus-2.0.5.pom
2025-07-28 14:12:27,702 [Worker-31: Building] INFO  o.e.m.c.i.e.AbstractTransferListenerAdapter - Downloading https://repo.maven.apache.org/maven2/org/codehaus/plexus/plexus-classworlds/2.2.3/plexus-classworlds-2.2.3.pom
2025-07-28 14:12:27,744 [Worker-31: Building] INFO  o.e.m.c.i.e.AbstractTransferListenerAdapter - Downloaded https://repo.maven.apache.org/maven2/org/codehaus/plexus/plexus-classworlds/2.2.3/plexus-classworlds-2.2.3.pom
2025-07-28 14:12:27,826 [Worker-31: Building] INFO  o.e.m.c.i.e.AbstractTransferListenerAdapter - Downloading https://repo.maven.apache.org/maven2/org/codehaus/plexus/plexus/2.0.6/plexus-2.0.6.pom
2025-07-28 14:12:27,885 [Worker-31: Building] INFO  o.e.m.c.i.e.AbstractTransferListenerAdapter - Downloaded https://repo.maven.apache.org/maven2/org/codehaus/plexus/plexus/2.0.6/plexus-2.0.6.pom
2025-07-28 14:12:27,976 [Worker-31: Building] INFO  o.e.m.c.i.e.AbstractTransferListenerAdapter - Downloading https://repo.maven.apache.org/maven2/org/sonatype/sisu/sisu-inject-bean/1.4.2/sisu-inject-bean-1.4.2.pom
2025-07-28 14:12:28,016 [Worker-31: Building] INFO  o.e.m.c.i.e.AbstractTransferListenerAdapter - Downloaded https://repo.maven.apache.org/maven2/org/sonatype/sisu/sisu-inject-bean/1.4.2/sisu-inject-bean-1.4.2.pom
2025-07-28 14:12:28,101 [Worker-31: Building] INFO  o.e.m.c.i.e.AbstractTransferListenerAdapter - Downloading https://repo.maven.apache.org/maven2/org/sonatype/sisu/sisu-guice/2.1.7/sisu-guice-2.1.7.pom
2025-07-28 14:12:28,141 [Worker-31: Building] INFO  o.e.m.c.i.e.AbstractTransferListenerAdapter - Downloaded https://repo.maven.apache.org/maven2/org/sonatype/sisu/sisu-guice/2.1.7/sisu-guice-2.1.7.pom
2025-07-28 14:12:28,231 [Worker-31: Building] INFO  o.e.m.c.i.e.AbstractTransferListenerAdapter - Downloading https://repo.maven.apache.org/maven2/org/apache/maven/maven-model-builder/3.0/maven-model-builder-3.0.pom
2025-07-28 14:12:28,276 [Worker-31: Building] INFO  o.e.m.c.i.e.AbstractTransferListenerAdapter - Downloaded https://repo.maven.apache.org/maven2/org/apache/maven/maven-model-builder/3.0/maven-model-builder-3.0.pom
2025-07-28 14:12:28,367 [Worker-31: Building] INFO  o.e.m.c.i.e.AbstractTransferListenerAdapter - Downloading https://repo.maven.apache.org/maven2/org/apache/maven/maven-aether-provider/3.0/maven-aether-provider-3.0.pom
2025-07-28 14:12:28,410 [Worker-31: Building] INFO  o.e.m.c.i.e.AbstractTransferListenerAdapter - Downloaded https://repo.maven.apache.org/maven2/org/apache/maven/maven-aether-provider/3.0/maven-aether-provider-3.0.pom
2025-07-28 14:12:28,491 [Worker-31: Building] INFO  o.e.m.c.i.e.AbstractTransferListenerAdapter - Downloading https://repo.maven.apache.org/maven2/org/sonatype/aether/aether-api/1.7/aether-api-1.7.pom
2025-07-28 14:12:28,537 [Worker-31: Building] INFO  o.e.m.c.i.e.AbstractTransferListenerAdapter - Downloaded https://repo.maven.apache.org/maven2/org/sonatype/aether/aether-api/1.7/aether-api-1.7.pom
2025-07-28 14:12:28,636 [Worker-31: Building] INFO  o.e.m.c.i.e.AbstractTransferListenerAdapter - Downloading https://repo.maven.apache.org/maven2/org/sonatype/aether/aether-parent/1.7/aether-parent-1.7.pom
2025-07-28 14:12:28,669 [Worker-31: Building] INFO  o.e.m.c.i.e.AbstractTransferListenerAdapter - Downloaded https://repo.maven.apache.org/maven2/org/sonatype/aether/aether-parent/1.7/aether-parent-1.7.pom
2025-07-28 14:12:28,753 [Worker-31: Building] INFO  o.e.m.c.i.e.AbstractTransferListenerAdapter - Downloading https://repo.maven.apache.org/maven2/org/sonatype/aether/aether-util/1.7/aether-util-1.7.pom
2025-07-28 14:12:28,790 [Worker-31: Building] INFO  o.e.m.c.i.e.AbstractTransferListenerAdapter - Downloaded https://repo.maven.apache.org/maven2/org/sonatype/aether/aether-util/1.7/aether-util-1.7.pom
2025-07-28 14:12:28,871 [Worker-31: Building] INFO  o.e.m.c.i.e.AbstractTransferListenerAdapter - Downloading https://repo.maven.apache.org/maven2/org/sonatype/aether/aether-impl/1.7/aether-impl-1.7.pom
2025-07-28 14:12:28,900 [Worker-31: Building] INFO  o.e.m.c.i.e.AbstractTransferListenerAdapter - Downloaded https://repo.maven.apache.org/maven2/org/sonatype/aether/aether-impl/1.7/aether-impl-1.7.pom
2025-07-28 14:12:28,988 [Worker-31: Building] INFO  o.e.m.c.i.e.AbstractTransferListenerAdapter - Downloading https://repo.maven.apache.org/maven2/org/sonatype/aether/aether-spi/1.7/aether-spi-1.7.pom
2025-07-28 14:12:29,031 [Worker-31: Building] INFO  o.e.m.c.i.e.AbstractTransferListenerAdapter - Downloaded https://repo.maven.apache.org/maven2/org/sonatype/aether/aether-spi/1.7/aether-spi-1.7.pom
2025-07-28 14:12:29,129 [Worker-31: Building] INFO  o.e.m.c.i.e.AbstractTransferListenerAdapter - Downloading https://repo.maven.apache.org/maven2/org/codehaus/plexus/plexus-interpolation/1.21/plexus-interpolation-1.21.pom
2025-07-28 14:12:29,165 [Worker-31: Building] INFO  o.e.m.c.i.e.AbstractTransferListenerAdapter - Downloaded https://repo.maven.apache.org/maven2/org/codehaus/plexus/plexus-interpolation/1.21/plexus-interpolation-1.21.pom
2025-07-28 14:12:29,251 [Worker-31: Building] INFO  o.e.m.c.i.e.AbstractTransferListenerAdapter - Downloading https://repo.maven.apache.org/maven2/org/codehaus/plexus/plexus-components/1.3.1/plexus-components-1.3.1.pom
2025-07-28 14:12:29,296 [Worker-31: Building] INFO  o.e.m.c.i.e.AbstractTransferListenerAdapter - Downloaded https://repo.maven.apache.org/maven2/org/codehaus/plexus/plexus-components/1.3.1/plexus-components-1.3.1.pom
2025-07-28 14:12:29,375 [Worker-31: Building] INFO  o.e.m.c.i.e.AbstractTransferListenerAdapter - Downloading https://repo.maven.apache.org/maven2/org/codehaus/plexus/plexus/3.3.1/plexus-3.3.1.pom
2025-07-28 14:12:29,430 [Worker-31: Building] INFO  o.e.m.c.i.e.AbstractTransferListenerAdapter - Downloaded https://repo.maven.apache.org/maven2/org/codehaus/plexus/plexus/3.3.1/plexus-3.3.1.pom
2025-07-28 14:12:29,517 [Worker-31: Building] INFO  o.e.m.c.i.e.AbstractTransferListenerAdapter - Downloading https://repo.maven.apache.org/maven2/org/sonatype/spice/spice-parent/17/spice-parent-17.pom
2025-07-28 14:12:29,557 [Worker-31: Building] INFO  o.e.m.c.i.e.AbstractTransferListenerAdapter - Downloaded https://repo.maven.apache.org/maven2/org/sonatype/spice/spice-parent/17/spice-parent-17.pom
2025-07-28 14:12:29,646 [Worker-31: Building] INFO  o.e.m.c.i.e.AbstractTransferListenerAdapter - Downloading https://repo.maven.apache.org/maven2/org/sonatype/forge/forge-parent/10/forge-parent-10.pom
2025-07-28 14:12:29,691 [Worker-31: Building] INFO  o.e.m.c.i.e.AbstractTransferListenerAdapter - Downloaded https://repo.maven.apache.org/maven2/org/sonatype/forge/forge-parent/10/forge-parent-10.pom
2025-07-28 14:12:29,786 [Worker-31: Building] INFO  o.e.m.c.i.e.AbstractTransferListenerAdapter - Downloading https://repo.maven.apache.org/maven2/org/apache/maven/maven-archiver/3.6.0/maven-archiver-3.6.0.jar
2025-07-28 14:12:30,012 [Worker-31: Building] INFO  o.e.m.c.i.e.AbstractTransferListenerAdapter - Downloaded https://repo.maven.apache.org/maven2/org/apache/maven/maven-archiver/3.6.0/maven-archiver-3.6.0.jar
2025-07-28 14:12:30,156 [BasicRepositoryConnector-repo.maven.apache.org-0-3] INFO  o.e.m.c.i.e.AbstractTransferListenerAdapter - Downloading https://repo.maven.apache.org/maven2/org/apache/commons/commons-compress/1.23.0/commons-compress-1.23.0.jar
2025-07-28 14:12:30,313 [BasicRepositoryConnector-repo.maven.apache.org-0-1] INFO  o.e.m.c.i.e.AbstractTransferListenerAdapter - Downloading https://repo.maven.apache.org/maven2/commons-io/commons-io/2.13.0/commons-io-2.13.0.jar
2025-07-28 14:12:30,334 [BasicRepositoryConnector-repo.maven.apache.org-0-2] INFO  o.e.m.c.i.e.AbstractTransferListenerAdapter - Downloading https://repo.maven.apache.org/maven2/org/codehaus/plexus/plexus-archiver/4.7.1/plexus-archiver-4.7.1.jar
2025-07-28 14:12:30,339 [BasicRepositoryConnector-repo.maven.apache.org-0-0] INFO  o.e.m.c.i.e.AbstractTransferListenerAdapter - Downloading https://repo.maven.apache.org/maven2/org/codehaus/plexus/plexus-io/3.4.0/plexus-io-3.4.0.jar
2025-07-28 14:12:30,361 [BasicRepositoryConnector-repo.maven.apache.org-0-4] INFO  o.e.m.c.i.e.AbstractTransferListenerAdapter - Downloading https://repo.maven.apache.org/maven2/com/github/luben/zstd-jni/1.5.5-2/zstd-jni-1.5.5-2.jar
2025-07-28 14:12:30,500 [BasicRepositoryConnector-repo.maven.apache.org-0-0] INFO  o.e.m.c.i.e.AbstractTransferListenerAdapter - Downloaded https://repo.maven.apache.org/maven2/org/codehaus/plexus/plexus-io/3.4.0/plexus-io-3.4.0.jar
2025-07-28 14:12:30,574 [BasicRepositoryConnector-repo.maven.apache.org-0-0] INFO  o.e.m.c.i.e.AbstractTransferListenerAdapter - Downloading https://repo.maven.apache.org/maven2/org/apache/maven/shared/maven-mapping/3.0.0/maven-mapping-3.0.0.jar
2025-07-28 14:12:30,613 [BasicRepositoryConnector-repo.maven.apache.org-0-2] INFO  o.e.m.c.i.e.AbstractTransferListenerAdapter - Downloaded https://repo.maven.apache.org/maven2/org/codehaus/plexus/plexus-archiver/4.7.1/plexus-archiver-4.7.1.jar
2025-07-28 14:12:30,646 [BasicRepositoryConnector-repo.maven.apache.org-0-1] INFO  o.e.m.c.i.e.AbstractTransferListenerAdapter - Downloaded https://repo.maven.apache.org/maven2/commons-io/commons-io/2.13.0/commons-io-2.13.0.jar
2025-07-28 14:12:30,684 [BasicRepositoryConnector-repo.maven.apache.org-0-2] INFO  o.e.m.c.i.e.AbstractTransferListenerAdapter - Downloading https://repo.maven.apache.org/maven2/org/apache/maven/maven-core/3.0/maven-core-3.0.jar
2025-07-28 14:12:30,736 [BasicRepositoryConnector-repo.maven.apache.org-0-1] INFO  o.e.m.c.i.e.AbstractTransferListenerAdapter - Downloading https://repo.maven.apache.org/maven2/org/apache/maven/maven-model/3.0/maven-model-3.0.jar
2025-07-28 14:12:30,741 [BasicRepositoryConnector-repo.maven.apache.org-0-0] INFO  o.e.m.c.i.e.AbstractTransferListenerAdapter - Downloaded https://repo.maven.apache.org/maven2/org/apache/maven/shared/maven-mapping/3.0.0/maven-mapping-3.0.0.jar
2025-07-28 14:12:30,821 [BasicRepositoryConnector-repo.maven.apache.org-0-0] INFO  o.e.m.c.i.e.AbstractTransferListenerAdapter - Downloading https://repo.maven.apache.org/maven2/org/apache/maven/maven-settings-builder/3.0/maven-settings-builder-3.0.jar
2025-07-28 14:12:30,872 [BasicRepositoryConnector-repo.maven.apache.org-0-1] INFO  o.e.m.c.i.e.AbstractTransferListenerAdapter - Downloaded https://repo.maven.apache.org/maven2/org/apache/maven/maven-model/3.0/maven-model-3.0.jar
2025-07-28 14:12:30,884 [BasicRepositoryConnector-repo.maven.apache.org-0-3] INFO  o.e.m.c.i.e.AbstractTransferListenerAdapter - Downloaded https://repo.maven.apache.org/maven2/org/apache/commons/commons-compress/1.23.0/commons-compress-1.23.0.jar
2025-07-28 14:12:30,903 [BasicRepositoryConnector-repo.maven.apache.org-0-2] INFO  o.e.m.c.i.e.AbstractTransferListenerAdapter - Downloaded https://repo.maven.apache.org/maven2/org/apache/maven/maven-core/3.0/maven-core-3.0.jar
2025-07-28 14:12:30,953 [BasicRepositoryConnector-repo.maven.apache.org-0-1] INFO  o.e.m.c.i.e.AbstractTransferListenerAdapter - Downloading https://repo.maven.apache.org/maven2/org/apache/maven/maven-repository-metadata/3.0/maven-repository-metadata-3.0.jar
2025-07-28 14:12:30,959 [BasicRepositoryConnector-repo.maven.apache.org-0-3] INFO  o.e.m.c.i.e.AbstractTransferListenerAdapter - Downloading https://repo.maven.apache.org/maven2/org/apache/maven/maven-artifact/3.0/maven-artifact-3.0.jar
2025-07-28 14:12:30,992 [BasicRepositoryConnector-repo.maven.apache.org-0-2] INFO  o.e.m.c.i.e.AbstractTransferListenerAdapter - Downloading https://repo.maven.apache.org/maven2/org/apache/maven/maven-plugin-api/3.0/maven-plugin-api-3.0.jar
2025-07-28 14:12:31,012 [BasicRepositoryConnector-repo.maven.apache.org-0-3] INFO  o.e.m.c.i.e.AbstractTransferListenerAdapter - Downloaded https://repo.maven.apache.org/maven2/org/apache/maven/maven-artifact/3.0/maven-artifact-3.0.jar
2025-07-28 14:12:31,094 [BasicRepositoryConnector-repo.maven.apache.org-0-3] INFO  o.e.m.c.i.e.AbstractTransferListenerAdapter - Downloading https://repo.maven.apache.org/maven2/org/apache/maven/maven-model-builder/3.0/maven-model-builder-3.0.jar
2025-07-28 14:12:31,153 [BasicRepositoryConnector-repo.maven.apache.org-0-3] INFO  o.e.m.c.i.e.AbstractTransferListenerAdapter - Downloaded https://repo.maven.apache.org/maven2/org/apache/maven/maven-model-builder/3.0/maven-model-builder-3.0.jar
2025-07-28 14:12:31,210 [BasicRepositoryConnector-repo.maven.apache.org-0-1] INFO  o.e.m.c.i.e.AbstractTransferListenerAdapter - Downloaded https://repo.maven.apache.org/maven2/org/apache/maven/maven-repository-metadata/3.0/maven-repository-metadata-3.0.jar
2025-07-28 14:12:31,224 [BasicRepositoryConnector-repo.maven.apache.org-0-3] INFO  o.e.m.c.i.e.AbstractTransferListenerAdapter - Downloading https://repo.maven.apache.org/maven2/org/apache/maven/maven-aether-provider/3.0/maven-aether-provider-3.0.jar
2025-07-28 14:12:31,266 [BasicRepositoryConnector-repo.maven.apache.org-0-3] INFO  o.e.m.c.i.e.AbstractTransferListenerAdapter - Downloaded https://repo.maven.apache.org/maven2/org/apache/maven/maven-aether-provider/3.0/maven-aether-provider-3.0.jar
2025-07-28 14:12:31,279 [BasicRepositoryConnector-repo.maven.apache.org-0-1] INFO  o.e.m.c.i.e.AbstractTransferListenerAdapter - Downloading https://repo.maven.apache.org/maven2/org/sonatype/aether/aether-impl/1.7/aether-impl-1.7.jar
2025-07-28 14:12:31,339 [BasicRepositoryConnector-repo.maven.apache.org-0-3] INFO  o.e.m.c.i.e.AbstractTransferListenerAdapter - Downloading https://repo.maven.apache.org/maven2/org/sonatype/aether/aether-spi/1.7/aether-spi-1.7.jar
2025-07-28 14:12:31,348 [BasicRepositoryConnector-repo.maven.apache.org-0-1] INFO  o.e.m.c.i.e.AbstractTransferListenerAdapter - Downloaded https://repo.maven.apache.org/maven2/org/sonatype/aether/aether-impl/1.7/aether-impl-1.7.jar
2025-07-28 14:12:31,367 [BasicRepositoryConnector-repo.maven.apache.org-0-0] INFO  o.e.m.c.i.e.AbstractTransferListenerAdapter - Downloaded https://repo.maven.apache.org/maven2/org/apache/maven/maven-settings-builder/3.0/maven-settings-builder-3.0.jar
2025-07-28 14:12:31,420 [BasicRepositoryConnector-repo.maven.apache.org-0-1] INFO  o.e.m.c.i.e.AbstractTransferListenerAdapter - Downloading https://repo.maven.apache.org/maven2/org/sonatype/aether/aether-api/1.7/aether-api-1.7.jar
2025-07-28 14:12:31,439 [BasicRepositoryConnector-repo.maven.apache.org-0-0] INFO  o.e.m.c.i.e.AbstractTransferListenerAdapter - Downloading https://repo.maven.apache.org/maven2/org/sonatype/aether/aether-util/1.7/aether-util-1.7.jar
2025-07-28 14:12:31,467 [BasicRepositoryConnector-repo.maven.apache.org-0-1] INFO  o.e.m.c.i.e.AbstractTransferListenerAdapter - Downloaded https://repo.maven.apache.org/maven2/org/sonatype/aether/aether-api/1.7/aether-api-1.7.jar
2025-07-28 14:12:31,511 [BasicRepositoryConnector-repo.maven.apache.org-0-0] INFO  o.e.m.c.i.e.AbstractTransferListenerAdapter - Downloaded https://repo.maven.apache.org/maven2/org/sonatype/aether/aether-util/1.7/aether-util-1.7.jar
2025-07-28 14:12:31,522 [BasicRepositoryConnector-repo.maven.apache.org-0-2] INFO  o.e.m.c.i.e.AbstractTransferListenerAdapter - Downloaded https://repo.maven.apache.org/maven2/org/apache/maven/maven-plugin-api/3.0/maven-plugin-api-3.0.jar
2025-07-28 14:12:31,557 [BasicRepositoryConnector-repo.maven.apache.org-0-1] INFO  o.e.m.c.i.e.AbstractTransferListenerAdapter - Downloading https://repo.maven.apache.org/maven2/org/sonatype/sisu/sisu-inject-plexus/1.4.2/sisu-inject-plexus-1.4.2.jar
2025-07-28 14:12:31,595 [BasicRepositoryConnector-repo.maven.apache.org-0-0] INFO  o.e.m.c.i.e.AbstractTransferListenerAdapter - Downloading https://repo.maven.apache.org/maven2/org/sonatype/sisu/sisu-inject-bean/1.4.2/sisu-inject-bean-1.4.2.jar
2025-07-28 14:12:31,601 [BasicRepositoryConnector-repo.maven.apache.org-0-2] INFO  o.e.m.c.i.e.AbstractTransferListenerAdapter - Downloading https://repo.maven.apache.org/maven2/org/sonatype/sisu/sisu-guice/2.1.7/sisu-guice-2.1.7-noaop.jar
2025-07-28 14:12:31,626 [BasicRepositoryConnector-repo.maven.apache.org-0-1] INFO  o.e.m.c.i.e.AbstractTransferListenerAdapter - Downloaded https://repo.maven.apache.org/maven2/org/sonatype/sisu/sisu-inject-plexus/1.4.2/sisu-inject-plexus-1.4.2.jar
2025-07-28 14:12:31,645 [BasicRepositoryConnector-repo.maven.apache.org-0-3] INFO  o.e.m.c.i.e.AbstractTransferListenerAdapter - Downloaded https://repo.maven.apache.org/maven2/org/sonatype/aether/aether-spi/1.7/aether-spi-1.7.jar
2025-07-28 14:12:31,693 [BasicRepositoryConnector-repo.maven.apache.org-0-0] INFO  o.e.m.c.i.e.AbstractTransferListenerAdapter - Downloaded https://repo.maven.apache.org/maven2/org/sonatype/sisu/sisu-inject-bean/1.4.2/sisu-inject-bean-1.4.2.jar
2025-07-28 14:12:31,699 [BasicRepositoryConnector-repo.maven.apache.org-0-1] INFO  o.e.m.c.i.e.AbstractTransferListenerAdapter - Downloading https://repo.maven.apache.org/maven2/org/codehaus/plexus/plexus-classworlds/2.2.3/plexus-classworlds-2.2.3.jar
2025-07-28 14:12:31,719 [BasicRepositoryConnector-repo.maven.apache.org-0-3] INFO  o.e.m.c.i.e.AbstractTransferListenerAdapter - Downloading https://repo.maven.apache.org/maven2/org/codehaus/plexus/plexus-component-annotations/1.5.5/plexus-component-annotations-1.5.5.jar
2025-07-28 14:12:31,765 [BasicRepositoryConnector-repo.maven.apache.org-0-0] INFO  o.e.m.c.i.e.AbstractTransferListenerAdapter - Downloading https://repo.maven.apache.org/maven2/org/sonatype/plexus/plexus-sec-dispatcher/1.3/plexus-sec-dispatcher-1.3.jar
2025-07-28 14:12:31,780 [BasicRepositoryConnector-repo.maven.apache.org-0-2] INFO  o.e.m.c.i.e.AbstractTransferListenerAdapter - Downloaded https://repo.maven.apache.org/maven2/org/sonatype/sisu/sisu-guice/2.1.7/sisu-guice-2.1.7-noaop.jar
2025-07-28 14:12:31,826 [BasicRepositoryConnector-repo.maven.apache.org-0-3] INFO  o.e.m.c.i.e.AbstractTransferListenerAdapter - Downloaded https://repo.maven.apache.org/maven2/org/codehaus/plexus/plexus-component-annotations/1.5.5/plexus-component-annotations-1.5.5.jar
2025-07-28 14:12:31,857 [BasicRepositoryConnector-repo.maven.apache.org-0-2] INFO  o.e.m.c.i.e.AbstractTransferListenerAdapter - Downloading https://repo.maven.apache.org/maven2/org/sonatype/plexus/plexus-cipher/1.4/plexus-cipher-1.4.jar
2025-07-28 14:12:32,031 [BasicRepositoryConnector-repo.maven.apache.org-0-2] INFO  o.e.m.c.i.e.AbstractTransferListenerAdapter - Downloaded https://repo.maven.apache.org/maven2/org/sonatype/plexus/plexus-cipher/1.4/plexus-cipher-1.4.jar
2025-07-28 14:12:32,048 [BasicRepositoryConnector-repo.maven.apache.org-0-0] INFO  o.e.m.c.i.e.AbstractTransferListenerAdapter - Downloaded https://repo.maven.apache.org/maven2/org/sonatype/plexus/plexus-sec-dispatcher/1.3/plexus-sec-dispatcher-1.3.jar
2025-07-28 14:12:32,293 [BasicRepositoryConnector-repo.maven.apache.org-0-1] INFO  o.e.m.c.i.e.AbstractTransferListenerAdapter - Downloaded https://repo.maven.apache.org/maven2/org/codehaus/plexus/plexus-classworlds/2.2.3/plexus-classworlds-2.2.3.jar
2025-07-28 14:12:33,445 [BasicRepositoryConnector-repo.maven.apache.org-0-4] INFO  o.e.m.c.i.e.AbstractTransferListenerAdapter - Downloaded https://repo.maven.apache.org/maven2/com/github/luben/zstd-jni/1.5.5-2/zstd-jni-1.5.5-2.jar
2025-07-28 14:12:33,833 [Worker-31: Building] WARN  o.a.m.s.f.DefaultMavenResourcesFiltering - Using platform encoding (UTF-8 actually) to copy filtered resources, i.e. build is platform dependent!
2025-07-28 14:12:33,836 [Worker-31: Building] INFO  o.a.m.s.f.DefaultMavenResourcesFiltering - skip non existing resourceDirectory C:\Users\BETU\Desktop\coading\25june25jee\HBM-OneToOne-App11\src\main\resources
2025-07-28 14:12:33,839 [Worker-31: Building] WARN  o.a.m.s.f.DefaultMavenResourcesFiltering - Using platform encoding (UTF-8 actually) to copy filtered resources, i.e. build is platform dependent!
2025-07-28 14:12:33,840 [Worker-31: Building] INFO  o.a.m.s.f.DefaultMavenResourcesFiltering - skip non existing resourceDirectory C:\Users\BETU\Desktop\coading\25june25jee\HBM-OneToOne-App11\src\test\resources
2025-07-28 14:12:34,148 [Worker-31: Building] INFO  o.e.m.c.i.l.LifecycleMappingFactory - Using org.eclipse.m2e.jdt.JarLifecycleMapping lifecycle mapping for MavenProject: com.univ:HBM-OneToOneApp:0.0.1-SNAPSHOT @ C:\Users\BETU\Desktop\coading\25june25jee\HBM-OneToOneApp11\pom.xml.
2025-07-28 14:12:34,364 [Worker-31: Building] INFO  o.a.m.s.f.DefaultMavenResourcesFiltering - skip non existing resourceDirectory C:\Users\BETU\Desktop\coading\25june25jee\HBM-OneToOneApp11\src\main\resources
2025-07-28 14:12:34,369 [Worker-31: Building] INFO  o.a.m.s.f.DefaultMavenResourcesFiltering - skip non existing resourceDirectory C:\Users\BETU\Desktop\coading\25june25jee\HBM-OneToOneApp11\src\test\resources
2025-07-28 14:12:34,536 [Worker-28: Updating Maven Dependencies] INFO  o.e.m.c.i.l.LifecycleMappingFactory - Using org.eclipse.m2e.jdt.JarLifecycleMapping lifecycle mapping for MavenProject: com.univ:HBMApp2:0.0.1-SNAPSHOT @ C:\Users\BETU\Desktop\coading\25june25jee\HBMApp2\pom.xml.
2025-07-28 14:12:34,596 [Worker-31: Building] INFO  o.e.m.c.i.l.LifecycleMappingFactory - Using org.eclipse.m2e.jdt.JarLifecycleMapping lifecycle mapping for MavenProject: com.univ:HBM-Single-Table-App8:0.0.1-SNAPSHOT @ C:\Users\BETU\Desktop\coading\25june25jee\HBM-Single-Table-App8\pom.xml.
2025-07-28 14:12:34,808 [Worker-31: Building] INFO  o.a.m.s.f.DefaultMavenResourcesFiltering - skip non existing resourceDirectory C:\Users\BETU\Desktop\coading\25june25jee\HBM-Single-Table-App8\src\main\resources
2025-07-28 14:12:34,810 [Worker-31: Building] INFO  o.a.m.s.f.DefaultMavenResourcesFiltering - skip non existing resourceDirectory C:\Users\BETU\Desktop\coading\25june25jee\HBM-Single-Table-App8\src\test\resources
2025-07-28 14:12:35,281 [Worker-7: Building] INFO  o.a.m.s.f.DefaultMavenResourcesFiltering - skip non existing resourceDirectory C:\Users\BETU\Desktop\coading\25june25jee\HBM-Named-App7\src\main\resources
2025-07-28 14:12:35,285 [Worker-7: Building] INFO  o.a.m.s.f.DefaultMavenResourcesFiltering - skip non existing resourceDirectory C:\Users\BETU\Desktop\coading\25june25jee\HBM-Named-App7\src\test\resources
2025-07-28 14:12:35,451 [Worker-7: Building] INFO  o.a.m.s.f.DefaultMavenResourcesFiltering - skip non existing resourceDirectory C:\Users\BETU\Desktop\coading\25june25jee\HBM-Native-App6\src\main\resources
2025-07-28 14:12:35,455 [Worker-7: Building] INFO  o.a.m.s.f.DefaultMavenResourcesFiltering - skip non existing resourceDirectory C:\Users\BETU\Desktop\coading\25june25jee\HBM-Native-App6\src\test\resources
2025-07-28 14:12:35,577 [Worker-7: Building] INFO  o.a.m.s.f.DefaultMavenResourcesFiltering - skip non existing resourceDirectory C:\Users\BETU\Desktop\coading\25june25jee\HBM-OneToMany-App13\src\main\resources
2025-07-28 14:12:35,581 [Worker-7: Building] INFO  o.a.m.s.f.DefaultMavenResourcesFiltering - skip non existing resourceDirectory C:\Users\BETU\Desktop\coading\25june25jee\HBM-OneToMany-App13\src\test\resources
2025-07-28 14:12:35,711 [Worker-7: Building] INFO  o.a.m.s.f.DefaultMavenResourcesFiltering - skip non existing resourceDirectory C:\Users\BETU\Desktop\coading\25june25jee\HBM-OneToMany-App14\src\main\resources
2025-07-28 14:12:35,714 [Worker-7: Building] INFO  o.a.m.s.f.DefaultMavenResourcesFiltering - skip non existing resourceDirectory C:\Users\BETU\Desktop\coading\25june25jee\HBM-OneToMany-App14\src\test\resources
2025-07-28 14:12:35,867 [Worker-7: Building] INFO  o.a.m.s.f.DefaultMavenResourcesFiltering - skip non existing resourceDirectory C:\Users\BETU\Desktop\coading\25june25jee\HBM-OneToOneApp11\src\main\resources
2025-07-28 14:12:35,870 [Worker-7: Building] INFO  o.a.m.s.f.DefaultMavenResourcesFiltering - skip non existing resourceDirectory C:\Users\BETU\Desktop\coading\25june25jee\HBM-OneToOneApp11\src\test\resources
2025-07-28 14:12:35,954 [Worker-38: Updating Maven Dependencies] INFO  o.e.m.c.i.l.LifecycleMappingFactory - Using org.eclipse.m2e.jdt.JarLifecycleMapping lifecycle mapping for MavenProject: com.univ:HBMApp2:0.0.1-SNAPSHOT @ C:\Users\BETU\Desktop\coading\25june25jee\HBMApp2\pom.xml.
2025-07-28 14:12:36,353 [Worker-7: Building] INFO  o.a.m.s.f.DefaultMavenResourcesFiltering - skip non existing resourceDirectory C:\Users\BETU\Desktop\coading\25june25jee\HBM-Single-Table-App8\src\main\resources
2025-07-28 14:12:36,355 [Worker-7: Building] INFO  o.a.m.s.f.DefaultMavenResourcesFiltering - skip non existing resourceDirectory C:\Users\BETU\Desktop\coading\25june25jee\HBM-Single-Table-App8\src\test\resources
2025-07-28 14:12:36,545 [Worker-7: Building] INFO  o.e.m.c.i.l.LifecycleMappingFactory - Using org.eclipse.m2e.jdt.JarLifecycleMapping lifecycle mapping for MavenProject: com.univ:HBM-Single-Table-App8:0.0.1-SNAPSHOT @ C:\Users\BETU\Desktop\coading\25june25jee\HBM-Single-TablePerConcreateClass-App10\pom.xml.
2025-07-28 14:12:36,717 [Worker-7: Building] INFO  o.a.m.s.f.DefaultMavenResourcesFiltering - skip non existing resourceDirectory C:\Users\BETU\Desktop\coading\25june25jee\HBM-Single-TablePerConcreateClass-App10\src\main\resources
2025-07-28 14:12:36,721 [Worker-7: Building] INFO  o.a.m.s.f.DefaultMavenResourcesFiltering - skip non existing resourceDirectory C:\Users\BETU\Desktop\coading\25june25jee\HBM-Single-TablePerConcreateClass-App10\src\test\resources
2025-07-28 14:12:36,895 [Worker-7: Building] INFO  o.e.m.c.i.l.LifecycleMappingFactory - Using org.eclipse.m2e.jdt.JarLifecycleMapping lifecycle mapping for MavenProject: com.univ:HBM-Single-Table-App8:0.0.1-SNAPSHOT @ C:\Users\BETU\Desktop\coading\25june25jee\HBM-Single-TablePerSubClass-App\pom.xml.
2025-07-28 14:12:37,134 [Worker-7: Building] INFO  o.a.m.s.f.DefaultMavenResourcesFiltering - skip non existing resourceDirectory C:\Users\BETU\Desktop\coading\25june25jee\HBM-Single-TablePerSubClass-App\src\main\resources
2025-07-28 14:12:37,137 [Worker-7: Building] INFO  o.a.m.s.f.DefaultMavenResourcesFiltering - skip non existing resourceDirectory C:\Users\BETU\Desktop\coading\25june25jee\HBM-Single-TablePerSubClass-App\src\test\resources
2025-07-28 14:12:37,264 [Worker-7: Building] INFO  o.a.m.s.f.DefaultMavenResourcesFiltering - skip non existing resourceDirectory C:\Users\BETU\Desktop\coading\25june25jee\HBMApp2\src\main\resources
2025-07-28 14:12:37,269 [Worker-7: Building] INFO  o.a.m.s.f.DefaultMavenResourcesFiltering - skip non existing resourceDirectory C:\Users\BETU\Desktop\coading\25june25jee\HBMApp2\src\test\resources
2025-07-28 14:12:37,643 [Worker-7: Building] INFO  o.e.m.c.i.l.LifecycleMappingFactory - Using org.eclipse.m2e.jdt.JarLifecycleMapping lifecycle mapping for MavenProject: com.ak:MyHbm-in1-10:0.0.1-SNAPSHOT @ C:\Users\BETU\Desktop\coading\25june25jee\HBM-OneToMany-App13\MyHbm-many-to-many\pom.xml.
2025-07-28 14:12:37,909 [Worker-7: Building] INFO  o.e.m.c.i.e.AbstractTransferListenerAdapter - Downloading https://repo.maven.apache.org/maven2/org/hibernate/hibernate-core/5.6.15.Final/hibernate-core-5.6.15.Final.pom
2025-07-28 14:12:37,958 [Worker-7: Building] INFO  o.e.m.c.i.e.AbstractTransferListenerAdapter - Downloaded https://repo.maven.apache.org/maven2/org/hibernate/hibernate-core/5.6.15.Final/hibernate-core-5.6.15.Final.pom
2025-07-28 14:12:38,060 [Worker-7: Building] INFO  o.e.m.c.i.e.AbstractTransferListenerAdapter - Downloading https://repo.maven.apache.org/maven2/org/jboss/logging/jboss-logging/3.4.3.Final/jboss-logging-3.4.3.Final.pom
2025-07-28 14:12:38,116 [Worker-7: Building] INFO  o.e.m.c.i.e.AbstractTransferListenerAdapter - Downloaded https://repo.maven.apache.org/maven2/org/jboss/logging/jboss-logging/3.4.3.Final/jboss-logging-3.4.3.Final.pom
2025-07-28 14:12:38,228 [Worker-7: Building] INFO  o.e.m.c.i.e.AbstractTransferListenerAdapter - Downloading https://repo.maven.apache.org/maven2/org/jboss/jboss-parent/39/jboss-parent-39.pom
2025-07-28 14:12:38,375 [Worker-7: Building] INFO  o.e.m.c.i.e.AbstractTransferListenerAdapter - Downloaded https://repo.maven.apache.org/maven2/org/jboss/jboss-parent/39/jboss-parent-39.pom
2025-07-28 14:12:38,480 [Worker-7: Building] INFO  o.e.m.c.i.e.AbstractTransferListenerAdapter - Downloading https://repo.maven.apache.org/maven2/org/junit/junit-bom/5.8.2/junit-bom-5.8.2.pom
2025-07-28 14:12:38,505 [Worker-7: Building] INFO  o.e.m.c.i.e.AbstractTransferListenerAdapter - Downloaded https://repo.maven.apache.org/maven2/org/junit/junit-bom/5.8.2/junit-bom-5.8.2.pom
2025-07-28 14:12:38,614 [Worker-7: Building] INFO  o.e.m.c.i.e.AbstractTransferListenerAdapter - Downloading https://repo.maven.apache.org/maven2/net/bytebuddy/byte-buddy/1.12.18/byte-buddy-1.12.18.pom
2025-07-28 14:12:38,675 [Worker-7: Building] INFO  o.e.m.c.i.e.AbstractTransferListenerAdapter - Downloaded https://repo.maven.apache.org/maven2/net/bytebuddy/byte-buddy/1.12.18/byte-buddy-1.12.18.pom
2025-07-28 14:12:38,782 [Worker-7: Building] INFO  o.e.m.c.i.e.AbstractTransferListenerAdapter - Downloading https://repo.maven.apache.org/maven2/net/bytebuddy/byte-buddy-parent/1.12.18/byte-buddy-parent-1.12.18.pom
2025-07-28 14:12:38,856 [Worker-7: Building] INFO  o.e.m.c.i.e.AbstractTransferListenerAdapter - Downloaded https://repo.maven.apache.org/maven2/net/bytebuddy/byte-buddy-parent/1.12.18/byte-buddy-parent-1.12.18.pom
2025-07-28 14:12:38,964 [Worker-7: Building] INFO  o.e.m.c.i.e.AbstractTransferListenerAdapter - Downloading https://repo.maven.apache.org/maven2/org/jboss/jandex/2.4.2.Final/jandex-2.4.2.Final.pom
2025-07-28 14:12:39,021 [Worker-7: Building] INFO  o.e.m.c.i.e.AbstractTransferListenerAdapter - Downloaded https://repo.maven.apache.org/maven2/org/jboss/jandex/2.4.2.Final/jandex-2.4.2.Final.pom
2025-07-28 14:12:39,118 [Worker-7: Building] INFO  o.e.m.c.i.e.AbstractTransferListenerAdapter - Downloading https://repo.maven.apache.org/maven2/com/fasterxml/classmate/1.5.1/classmate-1.5.1.pom
2025-07-28 14:12:39,163 [Worker-7: Building] INFO  o.e.m.c.i.e.AbstractTransferListenerAdapter - Downloaded https://repo.maven.apache.org/maven2/com/fasterxml/classmate/1.5.1/classmate-1.5.1.pom
2025-07-28 14:12:39,250 [Worker-7: Building] INFO  o.e.m.c.i.e.AbstractTransferListenerAdapter - Downloading https://repo.maven.apache.org/maven2/com/fasterxml/oss-parent/35/oss-parent-35.pom
2025-07-28 14:12:39,305 [Worker-7: Building] INFO  o.e.m.c.i.e.AbstractTransferListenerAdapter - Downloaded https://repo.maven.apache.org/maven2/com/fasterxml/oss-parent/35/oss-parent-35.pom
2025-07-28 14:12:39,417 [Worker-7: Building] INFO  o.e.m.c.i.e.AbstractTransferListenerAdapter - Downloading https://repo.maven.apache.org/maven2/org/hibernate/common/hibernate-commons-annotations/5.1.2.Final/hibernate-commons-annotations-5.1.2.Final.pom
2025-07-28 14:12:39,462 [Worker-7: Building] INFO  o.e.m.c.i.e.AbstractTransferListenerAdapter - Downloaded https://repo.maven.apache.org/maven2/org/hibernate/common/hibernate-commons-annotations/5.1.2.Final/hibernate-commons-annotations-5.1.2.Final.pom
2025-07-28 14:12:39,601 [Worker-7: Building] INFO  o.e.m.c.i.e.AbstractTransferListenerAdapter - Downloading https://repo.maven.apache.org/maven2/mysql/mysql-connector-java/8.0.32/mysql-connector-java-8.0.32.pom
2025-07-28 14:12:39,625 [Worker-7: Building] INFO  o.e.m.c.i.e.AbstractTransferListenerAdapter - Downloaded https://repo.maven.apache.org/maven2/mysql/mysql-connector-java/8.0.32/mysql-connector-java-8.0.32.pom
2025-07-28 14:12:39,648 [Worker-7: Building] WARN  o.e.m.c.i.embedder.EclipseLogger - The artifact mysql:mysql-connector-java:jar:8.0.32 has been relocated to com.mysql:mysql-connector-j:jar:8.0.32: MySQL Connector/J artifacts moved to reverse-DNS compliant Maven 2+ coordinates.
2025-07-28 14:12:39,755 [Worker-7: Building] INFO  o.e.m.c.i.e.AbstractTransferListenerAdapter - Downloading https://repo.maven.apache.org/maven2/org/hibernate/hibernate-core/5.6.15.Final/hibernate-core-5.6.15.Final.jar
2025-07-28 14:12:42,427 [Worker-7: Building] INFO  o.e.m.c.i.e.AbstractTransferListenerAdapter - Downloaded https://repo.maven.apache.org/maven2/org/hibernate/hibernate-core/5.6.15.Final/hibernate-core-5.6.15.Final.jar
2025-07-28 14:12:42,517 [BasicRepositoryConnector-repo.maven.apache.org-1-0] INFO  o.e.m.c.i.e.AbstractTransferListenerAdapter - Downloading https://repo.maven.apache.org/maven2/org/jboss/logging/jboss-logging/3.4.3.Final/jboss-logging-3.4.3.Final.jar
2025-07-28 14:12:42,575 [BasicRepositoryConnector-repo.maven.apache.org-1-0] INFO  o.e.m.c.i.e.AbstractTransferListenerAdapter - Downloaded https://repo.maven.apache.org/maven2/org/jboss/logging/jboss-logging/3.4.3.Final/jboss-logging-3.4.3.Final.jar
2025-07-28 14:12:42,661 [BasicRepositoryConnector-repo.maven.apache.org-1-4] INFO  o.e.m.c.i.e.AbstractTransferListenerAdapter - Downloading https://repo.maven.apache.org/maven2/org/hibernate/common/hibernate-commons-annotations/5.1.2.Final/hibernate-commons-annotations-5.1.2.Final.jar
2025-07-28 14:12:42,677 [BasicRepositoryConnector-repo.maven.apache.org-1-1] INFO  o.e.m.c.i.e.AbstractTransferListenerAdapter - Downloading https://repo.maven.apache.org/maven2/net/bytebuddy/byte-buddy/1.12.18/byte-buddy-1.12.18.jar
2025-07-28 14:12:42,680 [BasicRepositoryConnector-repo.maven.apache.org-1-2] INFO  o.e.m.c.i.e.AbstractTransferListenerAdapter - Downloading https://repo.maven.apache.org/maven2/org/jboss/jandex/2.4.2.Final/jandex-2.4.2.Final.jar
2025-07-28 14:12:42,682 [BasicRepositoryConnector-repo.maven.apache.org-1-3] INFO  o.e.m.c.i.e.AbstractTransferListenerAdapter - Downloading https://repo.maven.apache.org/maven2/com/fasterxml/classmate/1.5.1/classmate-1.5.1.jar
2025-07-28 14:12:42,842 [BasicRepositoryConnector-repo.maven.apache.org-1-3] INFO  o.e.m.c.i.e.AbstractTransferListenerAdapter - Downloaded https://repo.maven.apache.org/maven2/com/fasterxml/classmate/1.5.1/classmate-1.5.1.jar
2025-07-28 14:12:42,845 [BasicRepositoryConnector-repo.maven.apache.org-1-4] INFO  o.e.m.c.i.e.AbstractTransferListenerAdapter - Downloaded https://repo.maven.apache.org/maven2/org/hibernate/common/hibernate-commons-annotations/5.1.2.Final/hibernate-commons-annotations-5.1.2.Final.jar
2025-07-28 14:12:42,929 [BasicRepositoryConnector-repo.maven.apache.org-1-2] INFO  o.e.m.c.i.e.AbstractTransferListenerAdapter - Downloaded https://repo.maven.apache.org/maven2/org/jboss/jandex/2.4.2.Final/jandex-2.4.2.Final.jar
2025-07-28 14:12:43,622 [BasicRepositoryConnector-repo.maven.apache.org-1-1] INFO  o.e.m.c.i.e.AbstractTransferListenerAdapter - Downloaded https://repo.maven.apache.org/maven2/net/bytebuddy/byte-buddy/1.12.18/byte-buddy-1.12.18.jar
2025-07-28 14:12:43,692 [Worker-7: Building] INFO  o.a.m.s.f.DefaultMavenResourcesFiltering - skip non existing resourceDirectory C:\Users\BETU\Desktop\coading\25june25jee\HBM-OneToMany-App13\MyHbm-many-to-many\src\main\resources
2025-07-28 14:12:43,693 [Worker-7: Building] INFO  o.a.m.s.f.DefaultMavenResourcesFiltering - skip non existing resourceDirectory C:\Users\BETU\Desktop\coading\25june25jee\HBM-OneToMany-App13\MyHbm-many-to-many\src\test\resources
2025-07-28 14:12:44,884 [Worker-17: Building] INFO  o.a.m.s.f.DefaultMavenResourcesFiltering - skip non existing resourceDirectory C:\Users\BETU\Desktop\coading\25june25jee\HBM-OneToMany-App13\src\main\resources
2025-07-28 14:12:44,888 [Worker-17: Building] INFO  o.a.m.s.f.DefaultMavenResourcesFiltering - skip non existing resourceDirectory C:\Users\BETU\Desktop\coading\25june25jee\HBM-OneToMany-App13\src\test\resources
2025-07-28 14:12:45,039 [Worker-17: Building] INFO  o.a.m.s.f.DefaultMavenResourcesFiltering - skip non existing resourceDirectory C:\Users\BETU\Desktop\coading\25june25jee\HBM-Single-TablePerConcreateClass-App10\src\main\resources
2025-07-28 14:12:45,044 [Worker-17: Building] INFO  o.a.m.s.f.DefaultMavenResourcesFiltering - skip non existing resourceDirectory C:\Users\BETU\Desktop\coading\25june25jee\HBM-Single-TablePerConcreateClass-App10\src\test\resources
2025-07-28 14:12:45,127 [Worker-7: Download sources and javadoc] INFO  o.e.m.c.i.e.AbstractTransferListenerAdapter - Downloading https://repo.maven.apache.org/maven2/org/hibernate/hibernate-core/5.6.15.Final/hibernate-core-5.6.15.Final-sources.jar
2025-07-28 14:12:45,189 [Worker-17: Building] INFO  o.a.m.s.f.DefaultMavenResourcesFiltering - skip non existing resourceDirectory C:\Users\BETU\Desktop\coading\25june25jee\HBM-Single-TablePerSubClass-App\src\main\resources
2025-07-28 14:12:45,192 [Worker-17: Building] INFO  o.a.m.s.f.DefaultMavenResourcesFiltering - skip non existing resourceDirectory C:\Users\BETU\Desktop\coading\25june25jee\HBM-Single-TablePerSubClass-App\src\test\resources
2025-07-28 14:12:45,375 [Worker-17: Building] INFO  o.a.m.s.f.DefaultMavenResourcesFiltering - skip non existing resourceDirectory C:\Users\BETU\Desktop\coading\25june25jee\HBM-OneToMany-App13\MyHbm-many-to-many\src\main\resources
2025-07-28 14:12:45,379 [Worker-17: Building] INFO  o.a.m.s.f.DefaultMavenResourcesFiltering - skip non existing resourceDirectory C:\Users\BETU\Desktop\coading\25june25jee\HBM-OneToMany-App13\MyHbm-many-to-many\src\test\resources
2025-07-28 14:12:49,229 [Worker-7: Download sources and javadoc] INFO  o.e.m.c.i.e.AbstractTransferListenerAdapter - Downloaded https://repo.maven.apache.org/maven2/org/hibernate/hibernate-core/5.6.15.Final/hibernate-core-5.6.15.Final-sources.jar
2025-07-28 14:12:49,233 [Worker-7: Download sources and javadoc] INFO  o.e.m.j.internal.DownloadSourcesJob - Downloaded sources for org.hibernate:hibernate-core:5.6.15.Final
2025-07-28 14:12:49,666 [Worker-7: Download sources and javadoc] INFO  o.e.m.c.i.e.AbstractTransferListenerAdapter - Downloading https://repo.maven.apache.org/maven2/org/jboss/logging/jboss-logging/3.4.3.Final/jboss-logging-3.4.3.Final-sources.jar
2025-07-28 14:12:50,305 [Worker-7: Download sources and javadoc] INFO  o.e.m.c.i.e.AbstractTransferListenerAdapter - Downloaded https://repo.maven.apache.org/maven2/org/jboss/logging/jboss-logging/3.4.3.Final/jboss-logging-3.4.3.Final-sources.jar
2025-07-28 14:12:50,309 [Worker-7: Download sources and javadoc] INFO  o.e.m.j.internal.DownloadSourcesJob - Downloaded sources for org.jboss.logging:jboss-logging:3.4.3.Final
2025-07-28 14:12:50,597 [Worker-7: Download sources and javadoc] INFO  o.e.m.c.i.e.AbstractTransferListenerAdapter - Downloading https://repo.maven.apache.org/maven2/net/bytebuddy/byte-buddy/1.12.18/byte-buddy-1.12.18-sources.jar
2025-07-28 14:12:51,354 [Worker-7: Download sources and javadoc] INFO  o.e.m.c.i.e.AbstractTransferListenerAdapter - Downloaded https://repo.maven.apache.org/maven2/net/bytebuddy/byte-buddy/1.12.18/byte-buddy-1.12.18-sources.jar
2025-07-28 14:12:51,357 [Worker-7: Download sources and javadoc] INFO  o.e.m.j.internal.DownloadSourcesJob - Downloaded sources for net.bytebuddy:byte-buddy:1.12.18
2025-07-28 14:12:51,736 [Worker-7: Download sources and javadoc] INFO  o.e.m.c.i.e.AbstractTransferListenerAdapter - Downloading https://repo.maven.apache.org/maven2/org/jboss/jandex/2.4.2.Final/jandex-2.4.2.Final-sources.jar
2025-07-28 14:12:51,960 [Worker-7: Download sources and javadoc] INFO  o.e.m.c.i.e.AbstractTransferListenerAdapter - Downloaded https://repo.maven.apache.org/maven2/org/jboss/jandex/2.4.2.Final/jandex-2.4.2.Final-sources.jar
2025-07-28 14:12:51,964 [Worker-7: Download sources and javadoc] INFO  o.e.m.j.internal.DownloadSourcesJob - Downloaded sources for org.jboss:jandex:2.4.2.Final
2025-07-28 14:12:52,519 [Worker-7: Download sources and javadoc] INFO  o.e.m.c.i.e.AbstractTransferListenerAdapter - Downloading https://repo.maven.apache.org/maven2/com/fasterxml/classmate/1.5.1/classmate-1.5.1-sources.jar
2025-07-28 14:12:52,646 [Worker-7: Download sources and javadoc] INFO  o.e.m.c.i.e.AbstractTransferListenerAdapter - Downloaded https://repo.maven.apache.org/maven2/com/fasterxml/classmate/1.5.1/classmate-1.5.1-sources.jar
2025-07-28 14:12:52,650 [Worker-7: Download sources and javadoc] INFO  o.e.m.j.internal.DownloadSourcesJob - Downloaded sources for com.fasterxml:classmate:1.5.1
2025-07-28 14:12:52,983 [Worker-7: Download sources and javadoc] INFO  o.e.m.c.i.e.AbstractTransferListenerAdapter - Downloading https://repo.maven.apache.org/maven2/org/hibernate/common/hibernate-commons-annotations/5.1.2.Final/hibernate-commons-annotations-5.1.2.Final-sources.jar
2025-07-28 14:12:53,125 [Worker-7: Download sources and javadoc] INFO  o.e.m.c.i.e.AbstractTransferListenerAdapter - Downloaded https://repo.maven.apache.org/maven2/org/hibernate/common/hibernate-commons-annotations/5.1.2.Final/hibernate-commons-annotations-5.1.2.Final-sources.jar
2025-07-28 14:12:53,129 [Worker-7: Download sources and javadoc] INFO  o.e.m.j.internal.DownloadSourcesJob - Downloaded sources for org.hibernate.common:hibernate-commons-annotations:5.1.2.Final
2025-07-28 14:12:53,341 [Worker-26: Building] INFO  o.a.m.s.f.DefaultMavenResourcesFiltering - skip non existing resourceDirectory C:\Users\BETU\Desktop\coading\25june25jee\HBM-OneToMany-App13\src\main\resources
2025-07-28 14:12:53,343 [Worker-26: Building] INFO  o.a.m.s.f.DefaultMavenResourcesFiltering - skip non existing resourceDirectory C:\Users\BETU\Desktop\coading\25june25jee\HBM-OneToMany-App13\src\test\resources
2025-07-28 14:13:16,525 [Worker-5: Launching mavenrun-22bd3da0-8abe-4729-b807-2afd36d32a24] INFO  o.eclipse.m2e.core.internal.Bundles - getClasspathEntries(Bundle=org.eclipse.m2e.maven.runtime_3.9.900.20240824-1409 [638])
2025-07-28 14:13:16,529 [Worker-5: Launching mavenrun-22bd3da0-8abe-4729-b807-2afd36d32a24] INFO  o.eclipse.m2e.core.internal.Bundles - 	Entry: C:\Users\BETU\.p2\pool\plugins\org.eclipse.m2e.maven.runtime_3.9.900.20240824-1409
2025-07-28 14:13:16,530 [Worker-5: Launching mavenrun-22bd3da0-8abe-4729-b807-2afd36d32a24] INFO  o.eclipse.m2e.core.internal.Bundles - 	Entry: C:\Users\BETU\.p2\pool\plugins\org.eclipse.m2e.maven.runtime_3.9.900.20240824-1409\jars\aopalliance-1.0.jar
2025-07-28 14:13:16,531 [Worker-5: Launching mavenrun-22bd3da0-8abe-4729-b807-2afd36d32a24] INFO  o.eclipse.m2e.core.internal.Bundles - 	Entry: C:\Users\BETU\.p2\pool\plugins\org.eclipse.m2e.maven.runtime_3.9.900.20240824-1409\jars\guice-5.1.0.jar
2025-07-28 14:13:16,531 [Worker-5: Launching mavenrun-22bd3da0-8abe-4729-b807-2afd36d32a24] INFO  o.eclipse.m2e.core.internal.Bundles - 	Entry: C:\Users\BETU\.p2\pool\plugins\org.eclipse.m2e.maven.runtime_3.9.900.20240824-1409\jars\httpclient-4.5.14.jar
2025-07-28 14:13:16,532 [Worker-5: Launching mavenrun-22bd3da0-8abe-4729-b807-2afd36d32a24] INFO  o.eclipse.m2e.core.internal.Bundles - 	Entry: C:\Users\BETU\.p2\pool\plugins\org.eclipse.m2e.maven.runtime_3.9.900.20240824-1409\jars\httpcore-4.4.16.jar
2025-07-28 14:13:16,532 [Worker-5: Launching mavenrun-22bd3da0-8abe-4729-b807-2afd36d32a24] INFO  o.eclipse.m2e.core.internal.Bundles - 	Entry: C:\Users\BETU\.p2\pool\plugins\org.eclipse.m2e.maven.runtime_3.9.900.20240824-1409\jars\jansi-2.4.1.jar
2025-07-28 14:13:16,532 [Worker-5: Launching mavenrun-22bd3da0-8abe-4729-b807-2afd36d32a24] INFO  o.eclipse.m2e.core.internal.Bundles - 	Entry: C:\Users\BETU\.p2\pool\plugins\org.eclipse.m2e.maven.runtime_3.9.900.20240824-1409\jars\jcl-over-slf4j-1.7.36.jar
2025-07-28 14:13:16,532 [Worker-5: Launching mavenrun-22bd3da0-8abe-4729-b807-2afd36d32a24] INFO  o.eclipse.m2e.core.internal.Bundles - 	Entry: C:\Users\BETU\.p2\pool\plugins\org.eclipse.m2e.maven.runtime_3.9.900.20240824-1409\jars\maven-artifact-3.9.9.jar
2025-07-28 14:13:16,532 [Worker-5: Launching mavenrun-22bd3da0-8abe-4729-b807-2afd36d32a24] INFO  o.eclipse.m2e.core.internal.Bundles - 	Entry: C:\Users\BETU\.p2\pool\plugins\org.eclipse.m2e.maven.runtime_3.9.900.20240824-1409\jars\maven-builder-support-3.9.9.jar
2025-07-28 14:13:16,533 [Worker-5: Launching mavenrun-22bd3da0-8abe-4729-b807-2afd36d32a24] INFO  o.eclipse.m2e.core.internal.Bundles - 	Entry: C:\Users\BETU\.p2\pool\plugins\org.eclipse.m2e.maven.runtime_3.9.900.20240824-1409\jars\maven-compat-3.9.9.jar
2025-07-28 14:13:16,533 [Worker-5: Launching mavenrun-22bd3da0-8abe-4729-b807-2afd36d32a24] INFO  o.eclipse.m2e.core.internal.Bundles - 	Entry: C:\Users\BETU\.p2\pool\plugins\org.eclipse.m2e.maven.runtime_3.9.900.20240824-1409\jars\maven-core-3.9.9.jar
2025-07-28 14:13:16,533 [Worker-5: Launching mavenrun-22bd3da0-8abe-4729-b807-2afd36d32a24] INFO  o.eclipse.m2e.core.internal.Bundles - 	Entry: C:\Users\BETU\.p2\pool\plugins\org.eclipse.m2e.maven.runtime_3.9.900.20240824-1409\jars\maven-embedder-3.9.9.jar
2025-07-28 14:13:16,533 [Worker-5: Launching mavenrun-22bd3da0-8abe-4729-b807-2afd36d32a24] INFO  o.eclipse.m2e.core.internal.Bundles - 	Entry: C:\Users\BETU\.p2\pool\plugins\org.eclipse.m2e.maven.runtime_3.9.900.20240824-1409\jars\maven-model-3.9.9.jar
2025-07-28 14:13:16,533 [Worker-5: Launching mavenrun-22bd3da0-8abe-4729-b807-2afd36d32a24] INFO  o.eclipse.m2e.core.internal.Bundles - 	Entry: C:\Users\BETU\.p2\pool\plugins\org.eclipse.m2e.maven.runtime_3.9.900.20240824-1409\jars\maven-model-builder-3.9.9.jar
2025-07-28 14:13:16,533 [Worker-5: Launching mavenrun-22bd3da0-8abe-4729-b807-2afd36d32a24] INFO  o.eclipse.m2e.core.internal.Bundles - 	Entry: C:\Users\BETU\.p2\pool\plugins\org.eclipse.m2e.maven.runtime_3.9.900.20240824-1409\jars\maven-plugin-api-3.9.9.jar
2025-07-28 14:13:16,534 [Worker-5: Launching mavenrun-22bd3da0-8abe-4729-b807-2afd36d32a24] INFO  o.eclipse.m2e.core.internal.Bundles - 	Entry: C:\Users\BETU\.p2\pool\plugins\org.eclipse.m2e.maven.runtime_3.9.900.20240824-1409\jars\maven-repository-metadata-3.9.9.jar
2025-07-28 14:13:16,534 [Worker-5: Launching mavenrun-22bd3da0-8abe-4729-b807-2afd36d32a24] INFO  o.eclipse.m2e.core.internal.Bundles - 	Entry: C:\Users\BETU\.p2\pool\plugins\org.eclipse.m2e.maven.runtime_3.9.900.20240824-1409\jars\maven-resolver-api-1.9.22.jar
2025-07-28 14:13:16,534 [Worker-5: Launching mavenrun-22bd3da0-8abe-4729-b807-2afd36d32a24] INFO  o.eclipse.m2e.core.internal.Bundles - 	Entry: C:\Users\BETU\.p2\pool\plugins\org.eclipse.m2e.maven.runtime_3.9.900.20240824-1409\jars\maven-resolver-connector-basic-1.9.22.jar
2025-07-28 14:13:16,534 [Worker-5: Launching mavenrun-22bd3da0-8abe-4729-b807-2afd36d32a24] INFO  o.eclipse.m2e.core.internal.Bundles - 	Entry: C:\Users\BETU\.p2\pool\plugins\org.eclipse.m2e.maven.runtime_3.9.900.20240824-1409\jars\maven-resolver-impl-1.9.22.jar
2025-07-28 14:13:16,534 [Worker-5: Launching mavenrun-22bd3da0-8abe-4729-b807-2afd36d32a24] INFO  o.eclipse.m2e.core.internal.Bundles - 	Entry: C:\Users\BETU\.p2\pool\plugins\org.eclipse.m2e.maven.runtime_3.9.900.20240824-1409\jars\maven-resolver-named-locks-1.9.22.jar
2025-07-28 14:13:16,534 [Worker-5: Launching mavenrun-22bd3da0-8abe-4729-b807-2afd36d32a24] INFO  o.eclipse.m2e.core.internal.Bundles - 	Entry: C:\Users\BETU\.p2\pool\plugins\org.eclipse.m2e.maven.runtime_3.9.900.20240824-1409\jars\maven-resolver-provider-3.9.9.jar
2025-07-28 14:13:16,534 [Worker-5: Launching mavenrun-22bd3da0-8abe-4729-b807-2afd36d32a24] INFO  o.eclipse.m2e.core.internal.Bundles - 	Entry: C:\Users\BETU\.p2\pool\plugins\org.eclipse.m2e.maven.runtime_3.9.900.20240824-1409\jars\maven-resolver-spi-1.9.22.jar
2025-07-28 14:13:16,534 [Worker-5: Launching mavenrun-22bd3da0-8abe-4729-b807-2afd36d32a24] INFO  o.eclipse.m2e.core.internal.Bundles - 	Entry: C:\Users\BETU\.p2\pool\plugins\org.eclipse.m2e.maven.runtime_3.9.900.20240824-1409\jars\maven-resolver-transport-file-1.9.22.jar
2025-07-28 14:13:16,534 [Worker-5: Launching mavenrun-22bd3da0-8abe-4729-b807-2afd36d32a24] INFO  o.eclipse.m2e.core.internal.Bundles - 	Entry: C:\Users\BETU\.p2\pool\plugins\org.eclipse.m2e.maven.runtime_3.9.900.20240824-1409\jars\maven-resolver-transport-http-1.9.22.jar
2025-07-28 14:13:16,534 [Worker-5: Launching mavenrun-22bd3da0-8abe-4729-b807-2afd36d32a24] INFO  o.eclipse.m2e.core.internal.Bundles - 	Entry: C:\Users\BETU\.p2\pool\plugins\org.eclipse.m2e.maven.runtime_3.9.900.20240824-1409\jars\maven-resolver-transport-wagon-1.9.22.jar
2025-07-28 14:13:16,534 [Worker-5: Launching mavenrun-22bd3da0-8abe-4729-b807-2afd36d32a24] INFO  o.eclipse.m2e.core.internal.Bundles - 	Entry: C:\Users\BETU\.p2\pool\plugins\org.eclipse.m2e.maven.runtime_3.9.900.20240824-1409\jars\maven-resolver-util-1.9.22.jar
2025-07-28 14:13:16,534 [Worker-5: Launching mavenrun-22bd3da0-8abe-4729-b807-2afd36d32a24] INFO  o.eclipse.m2e.core.internal.Bundles - 	Entry: C:\Users\BETU\.p2\pool\plugins\org.eclipse.m2e.maven.runtime_3.9.900.20240824-1409\jars\maven-settings-3.9.9.jar
2025-07-28 14:13:16,534 [Worker-5: Launching mavenrun-22bd3da0-8abe-4729-b807-2afd36d32a24] INFO  o.eclipse.m2e.core.internal.Bundles - 	Entry: C:\Users\BETU\.p2\pool\plugins\org.eclipse.m2e.maven.runtime_3.9.900.20240824-1409\jars\maven-settings-builder-3.9.9.jar
2025-07-28 14:13:16,534 [Worker-5: Launching mavenrun-22bd3da0-8abe-4729-b807-2afd36d32a24] INFO  o.eclipse.m2e.core.internal.Bundles - 	Entry: C:\Users\BETU\.p2\pool\plugins\org.eclipse.m2e.maven.runtime_3.9.900.20240824-1409\jars\maven-shared-utils-3.4.2.jar
2025-07-28 14:13:16,534 [Worker-5: Launching mavenrun-22bd3da0-8abe-4729-b807-2afd36d32a24] INFO  o.eclipse.m2e.core.internal.Bundles - 	Entry: C:\Users\BETU\.p2\pool\plugins\org.eclipse.m2e.maven.runtime_3.9.900.20240824-1409\jars\org.eclipse.sisu.inject-0.9.0.M3.jar
2025-07-28 14:13:16,535 [Worker-5: Launching mavenrun-22bd3da0-8abe-4729-b807-2afd36d32a24] INFO  o.eclipse.m2e.core.internal.Bundles - 	Entry: C:\Users\BETU\.p2\pool\plugins\org.eclipse.m2e.maven.runtime_3.9.900.20240824-1409\jars\org.eclipse.sisu.plexus-0.9.0.M3.jar
2025-07-28 14:13:16,535 [Worker-5: Launching mavenrun-22bd3da0-8abe-4729-b807-2afd36d32a24] INFO  o.eclipse.m2e.core.internal.Bundles - 	Entry: C:\Users\BETU\.p2\pool\plugins\org.eclipse.m2e.maven.runtime_3.9.900.20240824-1409\jars\plexus-build-api-0.0.7.jar
2025-07-28 14:13:16,535 [Worker-5: Launching mavenrun-22bd3da0-8abe-4729-b807-2afd36d32a24] INFO  o.eclipse.m2e.core.internal.Bundles - 	Entry: C:\Users\BETU\.p2\pool\plugins\org.eclipse.m2e.maven.runtime_3.9.900.20240824-1409\jars\plexus-build-api-1.2.0.jar
2025-07-28 14:13:16,535 [Worker-5: Launching mavenrun-22bd3da0-8abe-4729-b807-2afd36d32a24] INFO  o.eclipse.m2e.core.internal.Bundles - 	Entry: C:\Users\BETU\.p2\pool\plugins\org.eclipse.m2e.maven.runtime_3.9.900.20240824-1409\jars\plexus-cipher-2.0.jar
2025-07-28 14:13:16,535 [Worker-5: Launching mavenrun-22bd3da0-8abe-4729-b807-2afd36d32a24] INFO  o.eclipse.m2e.core.internal.Bundles - 	Entry: C:\Users\BETU\.p2\pool\plugins\org.eclipse.m2e.maven.runtime_3.9.900.20240824-1409\jars\plexus-classworlds-2.8.0.jar
2025-07-28 14:13:16,535 [Worker-5: Launching mavenrun-22bd3da0-8abe-4729-b807-2afd36d32a24] INFO  o.eclipse.m2e.core.internal.Bundles - 	Entry: C:\Users\BETU\.p2\pool\plugins\org.eclipse.m2e.maven.runtime_3.9.900.20240824-1409\jars\plexus-component-annotations-2.1.0.jar
2025-07-28 14:13:16,535 [Worker-5: Launching mavenrun-22bd3da0-8abe-4729-b807-2afd36d32a24] INFO  o.eclipse.m2e.core.internal.Bundles - 	Entry: C:\Users\BETU\.p2\pool\plugins\org.eclipse.m2e.maven.runtime_3.9.900.20240824-1409\jars\plexus-interpolation-1.27.jar
2025-07-28 14:13:16,535 [Worker-5: Launching mavenrun-22bd3da0-8abe-4729-b807-2afd36d32a24] INFO  o.eclipse.m2e.core.internal.Bundles - 	Entry: C:\Users\BETU\.p2\pool\plugins\org.eclipse.m2e.maven.runtime_3.9.900.20240824-1409\jars\plexus-sec-dispatcher-2.0.jar
2025-07-28 14:13:16,535 [Worker-5: Launching mavenrun-22bd3da0-8abe-4729-b807-2afd36d32a24] INFO  o.eclipse.m2e.core.internal.Bundles - 	Entry: C:\Users\BETU\.p2\pool\plugins\org.eclipse.m2e.maven.runtime_3.9.900.20240824-1409\jars\plexus-utils-3.5.1.jar
2025-07-28 14:13:16,535 [Worker-5: Launching mavenrun-22bd3da0-8abe-4729-b807-2afd36d32a24] INFO  o.eclipse.m2e.core.internal.Bundles - 	Entry: C:\Users\BETU\.p2\pool\plugins\org.eclipse.m2e.maven.runtime_3.9.900.20240824-1409\jars\plexus-xml-3.0.1.jar
2025-07-28 14:13:16,536 [Worker-5: Launching mavenrun-22bd3da0-8abe-4729-b807-2afd36d32a24] INFO  o.eclipse.m2e.core.internal.Bundles - 	Entry: C:\Users\BETU\.p2\pool\plugins\org.eclipse.m2e.maven.runtime_3.9.900.20240824-1409\jars\wagon-file-3.5.3.jar
2025-07-28 14:13:16,536 [Worker-5: Launching mavenrun-22bd3da0-8abe-4729-b807-2afd36d32a24] INFO  o.eclipse.m2e.core.internal.Bundles - 	Entry: C:\Users\BETU\.p2\pool\plugins\org.eclipse.m2e.maven.runtime_3.9.900.20240824-1409\jars\wagon-http-3.5.3.jar
2025-07-28 14:13:16,536 [Worker-5: Launching mavenrun-22bd3da0-8abe-4729-b807-2afd36d32a24] INFO  o.eclipse.m2e.core.internal.Bundles - 	Entry: C:\Users\BETU\.p2\pool\plugins\org.eclipse.m2e.maven.runtime_3.9.900.20240824-1409\jars\wagon-http-shared-3.5.3.jar
2025-07-28 14:13:16,536 [Worker-5: Launching mavenrun-22bd3da0-8abe-4729-b807-2afd36d32a24] INFO  o.eclipse.m2e.core.internal.Bundles - 	Entry: C:\Users\BETU\.p2\pool\plugins\org.eclipse.m2e.maven.runtime_3.9.900.20240824-1409\jars\wagon-provider-api-3.5.3.jar
2025-07-28 14:13:16,537 [Worker-5: Launching mavenrun-22bd3da0-8abe-4729-b807-2afd36d32a24] INFO  o.eclipse.m2e.core.internal.Bundles - getClasspathEntries(Bundle=com.google.guava_33.3.1.jre [16])
2025-07-28 14:13:16,538 [Worker-5: Launching mavenrun-22bd3da0-8abe-4729-b807-2afd36d32a24] INFO  o.eclipse.m2e.core.internal.Bundles - 	Entry: C:\Users\BETU\.p2\pool\plugins\com.google.guava_33.3.1.jre.jar
2025-07-28 14:13:16,538 [Worker-5: Launching mavenrun-22bd3da0-8abe-4729-b807-2afd36d32a24] INFO  o.eclipse.m2e.core.internal.Bundles - getClasspathEntries(Bundle=slf4j.api_2.0.16 [1005])
2025-07-28 14:13:16,538 [Worker-5: Launching mavenrun-22bd3da0-8abe-4729-b807-2afd36d32a24] INFO  o.eclipse.m2e.core.internal.Bundles - 	Entry: C:\Users\BETU\.p2\pool\plugins\slf4j.api_2.0.16.jar
2025-07-28 14:13:16,538 [Worker-5: Launching mavenrun-22bd3da0-8abe-4729-b807-2afd36d32a24] INFO  o.eclipse.m2e.core.internal.Bundles - getClasspathEntries(Bundle=jakarta.inject.jakarta.inject-api_1.0.5 [34])
2025-07-28 14:13:16,538 [Worker-5: Launching mavenrun-22bd3da0-8abe-4729-b807-2afd36d32a24] INFO  o.eclipse.m2e.core.internal.Bundles - 	Entry: C:\Users\BETU\.p2\pool\plugins\jakarta.inject.jakarta.inject-api_1.0.5.jar
2025-07-28 14:13:16,538 [Worker-5: Launching mavenrun-22bd3da0-8abe-4729-b807-2afd36d32a24] INFO  o.eclipse.m2e.core.internal.Bundles - getClasspathEntries(Bundle=jakarta.annotation-api_1.3.5 [29])
2025-07-28 14:13:16,539 [Worker-5: Launching mavenrun-22bd3da0-8abe-4729-b807-2afd36d32a24] INFO  o.eclipse.m2e.core.internal.Bundles - 	Entry: C:\Users\BETU\.p2\pool\plugins\jakarta.annotation-api_1.3.5.jar
2025-07-28 14:13:16,539 [Worker-5: Launching mavenrun-22bd3da0-8abe-4729-b807-2afd36d32a24] INFO  o.eclipse.m2e.core.internal.Bundles - getClasspathEntries(Bundle=org.apache.commons.cli_1.9.0 [75])
2025-07-28 14:13:16,539 [Worker-5: Launching mavenrun-22bd3da0-8abe-4729-b807-2afd36d32a24] INFO  o.eclipse.m2e.core.internal.Bundles - 	Entry: C:\Users\BETU\.p2\pool\plugins\org.apache.commons.cli_1.9.0.jar
2025-07-28 14:13:16,539 [Worker-5: Launching mavenrun-22bd3da0-8abe-4729-b807-2afd36d32a24] INFO  o.eclipse.m2e.core.internal.Bundles - getClasspathEntries(Bundle=org.apache.commons.commons-codec_1.16.0 [78])
2025-07-28 14:13:16,539 [Worker-5: Launching mavenrun-22bd3da0-8abe-4729-b807-2afd36d32a24] INFO  o.eclipse.m2e.core.internal.Bundles - 	Entry: C:\Users\BETU\.p2\pool\plugins\org.apache.commons.commons-codec_1.16.0.jar
2025-07-28 14:13:16,540 [Worker-5: Launching mavenrun-22bd3da0-8abe-4729-b807-2afd36d32a24] INFO  o.eclipse.m2e.core.internal.Bundles - getClasspathEntries(Bundle=com.google.guava.failureaccess_1.0.2 [17])
2025-07-28 14:13:16,540 [Worker-5: Launching mavenrun-22bd3da0-8abe-4729-b807-2afd36d32a24] INFO  o.eclipse.m2e.core.internal.Bundles - 	Entry: C:\Users\BETU\.p2\pool\plugins\com.google.guava.failureaccess_1.0.2.jar
2025-07-28 14:13:16,550 [Worker-5: Launching mavenrun-22bd3da0-8abe-4729-b807-2afd36d32a24] INFO  o.e.m.i.launch.MavenLaunchDelegate - Run build in "C:\Users\BETU\AppData\Local\Temp\m2e-archetypeGenerator15666076561787417247":
2025-07-28 14:13:16,555 [Worker-5: Launching mavenrun-22bd3da0-8abe-4729-b807-2afd36d32a24] INFO  o.e.m.i.launch.MavenLaunchDelegate -  mvn  -DarchetypeGroupId=org.apache.maven.archetypes -DarchetypeArtifactId=maven-archetype-quickstart -DarchetypeVersion=1.1 -DgroupId=com.univ -DartifactId=manytomany -Dversion=0.0.1-SNAPSHOT -Dpackage=com.univ -DoutputDirectory=C:\Users\BETU\Desktop\coading\25june25jee\25june25jee -Dstyle.color=always -U archetype:generate
2025-07-28 14:13:30,802 [Worker-34: Creating maven-archetype-quickstart] INFO  o.e.m.c.i.p.ProjectConfigurationManager - Collecting project info '/pom.xml' C:\Users\BETU\Desktop\coading\25june25jee\25june25jee\manytomany\pom.xml
2025-07-28 14:13:30,868 [Worker-34: Creating maven-archetype-quickstart] INFO  o.e.m.c.i.l.LifecycleMappingFactory - Using org.eclipse.m2e.jdt.JarLifecycleMapping lifecycle mapping for MavenProject: com.univ:manytomany:0.0.1-SNAPSHOT @ C:\Users\BETU\Desktop\coading\25june25jee\25june25jee\manytomany\pom.xml.
2025-07-28 14:13:31,183 [Worker-34: Creating maven-archetype-quickstart] INFO  o.e.m.j.i.AbstractJavaProjectConfigurator - Adding source folder /manytomany/src/main/java
2025-07-28 14:13:31,184 [Worker-34: Creating maven-archetype-quickstart] INFO  o.e.m.j.i.AbstractJavaProjectConfigurator - Adding resource folder /manytomany/src/main/resources
2025-07-28 14:13:31,192 [Worker-34: Creating maven-archetype-quickstart] INFO  o.e.m.j.i.AbstractJavaProjectConfigurator - Adding source folder /manytomany/src/test/java
2025-07-28 14:13:31,192 [Worker-34: Creating maven-archetype-quickstart] INFO  o.e.m.j.i.AbstractJavaProjectConfigurator - Adding resource folder /manytomany/src/test/resources
2025-07-28 14:13:31,269 [Worker-34: Creating maven-archetype-quickstart] INFO  o.e.m.c.i.p.ProjectConfigurationManager - Imported and configured 1 project(s) in 0 sec
2025-07-28 14:13:31,612 [Worker-44: Building] INFO  o.a.m.s.f.DefaultMavenResourcesFiltering - skip non existing resourceDirectory C:\Users\BETU\Desktop\coading\25june25jee\25june25jee\manytomany\src\main\resources
2025-07-28 14:13:31,616 [Worker-44: Building] INFO  o.a.m.s.f.DefaultMavenResourcesFiltering - skip non existing resourceDirectory C:\Users\BETU\Desktop\coading\25june25jee\25june25jee\manytomany\src\test\resources
2025-07-28 14:13:59,403 [Worker-44: Building] INFO  o.e.m.c.i.l.LifecycleMappingFactory - Using org.eclipse.m2e.jdt.JarLifecycleMapping lifecycle mapping for MavenProject: com.univ:manytomany:0.0.1-SNAPSHOT @ C:\Users\BETU\Desktop\coading\25june25jee\25june25jee\manytomany\pom.xml.
2025-07-28 14:13:59,558 [Worker-44: Building] INFO  o.a.m.s.f.DefaultMavenResourcesFiltering - skip non existing resourceDirectory C:\Users\BETU\Desktop\coading\25june25jee\25june25jee\manytomany\src\main\resources
2025-07-28 14:13:59,560 [Worker-44: Building] INFO  o.a.m.s.f.DefaultMavenResourcesFiltering - skip non existing resourceDirectory C:\Users\BETU\Desktop\coading\25june25jee\25june25jee\manytomany\src\test\resources
2025-07-28 14:14:00,714 [Worker-26: Building] INFO  o.a.m.s.f.DefaultMavenResourcesFiltering - skip non existing resourceDirectory C:\Users\BETU\Desktop\coading\25june25jee\25june25jee\manytomany\src\main\resources
2025-07-28 14:14:00,716 [Worker-26: Building] INFO  o.a.m.s.f.DefaultMavenResourcesFiltering - skip non existing resourceDirectory C:\Users\BETU\Desktop\coading\25june25jee\25june25jee\manytomany\src\test\resources
2025-07-28 14:15:16,729 [Worker-27: Building] INFO  o.a.m.s.f.DefaultMavenResourcesFiltering - skip non existing resourceDirectory C:\Users\BETU\Desktop\coading\25june25jee\25june25jee\manytomany\src\main\resources
2025-07-28 14:15:16,734 [Worker-27: Building] INFO  o.a.m.s.f.DefaultMavenResourcesFiltering - skip non existing resourceDirectory C:\Users\BETU\Desktop\coading\25june25jee\25june25jee\manytomany\src\test\resources
2025-07-28 14:15:32,059 [Worker-29: Building] INFO  o.a.m.s.f.DefaultMavenResourcesFiltering - skip non existing resourceDirectory C:\Users\BETU\Desktop\coading\25june25jee\25june25jee\manytomany\src\main\resources
2025-07-28 14:15:32,061 [Worker-29: Building] INFO  o.a.m.s.f.DefaultMavenResourcesFiltering - skip non existing resourceDirectory C:\Users\BETU\Desktop\coading\25june25jee\25june25jee\manytomany\src\test\resources
2025-07-28 14:16:12,910 [Worker-35: Building] INFO  o.a.m.s.f.DefaultMavenResourcesFiltering - skip non existing resourceDirectory C:\Users\BETU\Desktop\coading\25june25jee\25june25jee\manytomany\src\main\resources
2025-07-28 14:16:12,911 [Worker-35: Building] INFO  o.a.m.s.f.DefaultMavenResourcesFiltering - skip non existing resourceDirectory C:\Users\BETU\Desktop\coading\25june25jee\25june25jee\manytomany\src\test\resources
2025-07-28 14:16:53,657 [Worker-7: Building] INFO  o.a.m.s.f.DefaultMavenResourcesFiltering - skip non existing resourceDirectory C:\Users\BETU\Desktop\coading\25june25jee\25june25jee\manytomany\src\main\resources
2025-07-28 14:16:53,660 [Worker-7: Building] INFO  o.a.m.s.f.DefaultMavenResourcesFiltering - skip non existing resourceDirectory C:\Users\BETU\Desktop\coading\25june25jee\25june25jee\manytomany\src\test\resources
2025-07-28 14:16:59,228 [Worker-37: Building] INFO  o.a.m.s.f.DefaultMavenResourcesFiltering - skip non existing resourceDirectory C:\Users\BETU\Desktop\coading\25june25jee\25june25jee\manytomany\src\main\resources
2025-07-28 14:16:59,229 [Worker-37: Building] INFO  o.a.m.s.f.DefaultMavenResourcesFiltering - skip non existing resourceDirectory C:\Users\BETU\Desktop\coading\25june25jee\25june25jee\manytomany\src\test\resources
2025-07-28 14:17:07,902 [Worker-42: Building] INFO  o.a.m.s.f.DefaultMavenResourcesFiltering - skip non existing resourceDirectory C:\Users\BETU\Desktop\coading\25june25jee\25june25jee\manytomany\src\main\resources
2025-07-28 14:17:07,904 [Worker-42: Building] INFO  o.a.m.s.f.DefaultMavenResourcesFiltering - skip non existing resourceDirectory C:\Users\BETU\Desktop\coading\25june25jee\25june25jee\manytomany\src\test\resources
2025-07-28 14:17:18,499 [Worker-36: Building] INFO  o.a.m.s.f.DefaultMavenResourcesFiltering - skip non existing resourceDirectory C:\Users\BETU\Desktop\coading\25june25jee\25june25jee\manytomany\src\main\resources
2025-07-28 14:17:18,500 [Worker-36: Building] INFO  o.a.m.s.f.DefaultMavenResourcesFiltering - skip non existing resourceDirectory C:\Users\BETU\Desktop\coading\25june25jee\25june25jee\manytomany\src\test\resources
2025-07-28 14:17:30,130 [Start Help Server] INFO  org.eclipse.jetty.server.Server - jetty-12.0.15; built: 2024-11-05T19:44:57.623Z; git: 8281ae9740d4b4225e8166cc476bad237c70213a; jvm 23.0.2+7-58
2025-07-28 14:17:30,202 [Start Help Server] INFO  o.e.j.server.handler.ContextHandler - Started oeje8n.ContextHandler$CoreContextHandler@9194146{/help,/help,b=null,a=AVAILABLE,h=oeje8n.ContextHandler$CoreContextHandler$CoreToNestedHandler@6e933d1c{STARTED}}
2025-07-28 14:17:30,202 [Start Help Server] INFO  o.e.j.s.DefaultSessionIdManager - Session workerName=node0
2025-07-28 14:17:30,227 [Start Help Server] INFO  o.e.jetty.server.AbstractConnector - Started ServerConnector@5df5aaf4{HTTP/1.1, (http/1.1)}{127.0.0.1:61467}
2025-07-28 14:17:30,244 [Start Help Server] INFO  org.eclipse.jetty.server.Server - Started oejs.Server@4a38f110{STARTING}[12.0.15,sto=0] @466732ms
2025-07-28 14:29:34,328 [Worker-47: Building] INFO  o.a.m.s.f.DefaultMavenResourcesFiltering - skip non existing resourceDirectory C:\Users\BETU\Desktop\coading\25june25jee\25june25jee\manytomany\src\main\resources
2025-07-28 14:29:34,332 [Worker-47: Building] INFO  o.a.m.s.f.DefaultMavenResourcesFiltering - skip non existing resourceDirectory C:\Users\BETU\Desktop\coading\25june25jee\25june25jee\manytomany\src\test\resources
2025-07-28 14:39:50,913 [Worker-17: Building] INFO  o.a.m.s.f.DefaultMavenResourcesFiltering - skip non existing resourceDirectory C:\Users\BETU\Desktop\coading\25june25jee\25june25jee\manytomany\src\main\resources
2025-07-28 14:39:50,915 [Worker-17: Building] INFO  o.a.m.s.f.DefaultMavenResourcesFiltering - skip non existing resourceDirectory C:\Users\BETU\Desktop\coading\25june25jee\25june25jee\manytomany\src\test\resources
2025-07-28 14:40:09,898 [Worker-17: Building] INFO  o.a.m.s.f.DefaultMavenResourcesFiltering - skip non existing resourceDirectory C:\Users\BETU\Desktop\coading\25june25jee\25june25jee\manytomany\src\main\resources
2025-07-28 14:40:09,900 [Worker-17: Building] INFO  o.a.m.s.f.DefaultMavenResourcesFiltering - skip non existing resourceDirectory C:\Users\BETU\Desktop\coading\25june25jee\25june25jee\manytomany\src\test\resources
2025-07-28 14:41:59,590 [Worker-48: Building] INFO  o.a.m.s.f.DefaultMavenResourcesFiltering - skip non existing resourceDirectory C:\Users\BETU\Desktop\coading\25june25jee\25june25jee\manytomany\src\main\resources
2025-07-28 14:41:59,592 [Worker-48: Building] INFO  o.a.m.s.f.DefaultMavenResourcesFiltering - skip non existing resourceDirectory C:\Users\BETU\Desktop\coading\25june25jee\25june25jee\manytomany\src\test\resources
2025-07-28 14:42:56,709 [Worker-51: Building] INFO  o.a.m.s.f.DefaultMavenResourcesFiltering - skip non existing resourceDirectory C:\Users\BETU\Desktop\coading\25june25jee\25june25jee\manytomany\src\main\resources
2025-07-28 14:42:56,711 [Worker-51: Building] INFO  o.a.m.s.f.DefaultMavenResourcesFiltering - skip non existing resourceDirectory C:\Users\BETU\Desktop\coading\25june25jee\25june25jee\manytomany\src\test\resources
2025-07-28 14:43:13,229 [Worker-17: Building] INFO  o.a.m.s.f.DefaultMavenResourcesFiltering - skip non existing resourceDirectory C:\Users\BETU\Desktop\coading\25june25jee\HBM-ManyToMany-App15\src\main\resources
2025-07-28 14:43:13,231 [Worker-17: Building] INFO  o.a.m.s.f.DefaultMavenResourcesFiltering - skip non existing resourceDirectory C:\Users\BETU\Desktop\coading\25june25jee\HBM-ManyToMany-App15\src\test\resources
2025-07-28 14:50:45,848 [Worker-49: Building] INFO  o.a.m.s.f.DefaultMavenResourcesFiltering - skip non existing resourceDirectory C:\Users\BETU\Desktop\coading\25june25jee\25june25jee\manytomany\src\main\resources
2025-07-28 14:50:45,850 [Worker-49: Building] INFO  o.a.m.s.f.DefaultMavenResourcesFiltering - skip non existing resourceDirectory C:\Users\BETU\Desktop\coading\25june25jee\25june25jee\manytomany\src\test\resources
2025-07-28 14:51:13,137 [Worker-50: Building] INFO  o.a.m.s.f.DefaultMavenResourcesFiltering - skip non existing resourceDirectory C:\Users\BETU\Desktop\coading\25june25jee\25june25jee\manytomany\src\main\resources
2025-07-28 14:51:13,138 [Worker-50: Building] INFO  o.a.m.s.f.DefaultMavenResourcesFiltering - skip non existing resourceDirectory C:\Users\BETU\Desktop\coading\25june25jee\25june25jee\manytomany\src\test\resources
2025-07-28 14:51:42,544 [Worker-48: Building] INFO  o.a.m.s.f.DefaultMavenResourcesFiltering - skip non existing resourceDirectory C:\Users\BETU\Desktop\coading\25june25jee\25june25jee\manytomany\src\main\resources
2025-07-28 14:51:42,545 [Worker-48: Building] INFO  o.a.m.s.f.DefaultMavenResourcesFiltering - skip non existing resourceDirectory C:\Users\BETU\Desktop\coading\25june25jee\25june25jee\manytomany\src\test\resources
2025-07-28 15:03:16,910 [Worker-51: Building] INFO  o.a.m.s.f.DefaultMavenResourcesFiltering - skip non existing resourceDirectory C:\Users\BETU\Desktop\coading\25june25jee\25june25jee\manytomany\src\main\resources
2025-07-28 15:03:16,913 [Worker-51: Building] INFO  o.a.m.s.f.DefaultMavenResourcesFiltering - skip non existing resourceDirectory C:\Users\BETU\Desktop\coading\25june25jee\25june25jee\manytomany\src\test\resources
2025-07-28 15:03:23,232 [Worker-51: Launching App] INFO  o.a.m.s.f.DefaultMavenResourcesFiltering - skip non existing resourceDirectory C:\Users\BETU\Desktop\coading\25june25jee\25june25jee\manytomany\src\main\resources
2025-07-28 15:03:23,234 [Worker-51: Launching App] INFO  o.a.m.s.f.DefaultMavenResourcesFiltering - skip non existing resourceDirectory C:\Users\BETU\Desktop\coading\25june25jee\25june25jee\manytomany\src\test\resources
2025-07-28 15:03:56,548 [Worker-54: Building] INFO  o.a.m.s.f.DefaultMavenResourcesFiltering - skip non existing resourceDirectory C:\Users\BETU\Desktop\coading\25june25jee\25june25jee\manytomany\src\main\resources
2025-07-28 15:03:56,549 [Worker-54: Building] INFO  o.a.m.s.f.DefaultMavenResourcesFiltering - skip non existing resourceDirectory C:\Users\BETU\Desktop\coading\25june25jee\25june25jee\manytomany\src\test\resources
2025-07-28 15:43:02,096 [Worker-56: Building] INFO  o.a.m.s.f.DefaultMavenResourcesFiltering - skip non existing resourceDirectory C:\Users\BETU\Desktop\coading\25june25jee\25june25jee\manytomany\src\main\resources
2025-07-28 15:43:02,096 [Worker-56: Building] INFO  o.a.m.s.f.DefaultMavenResourcesFiltering - skip non existing resourceDirectory C:\Users\BETU\Desktop\coading\25june25jee\25june25jee\manytomany\src\test\resources
2025-07-28 15:50:08,576 [Worker-55: Launching App] INFO  o.a.m.s.f.DefaultMavenResourcesFiltering - skip non existing resourceDirectory C:\Users\BETU\Desktop\coading\25june25jee\25june25jee\manytomany\src\main\resources
2025-07-28 15:50:08,578 [Worker-55: Launching App] INFO  o.a.m.s.f.DefaultMavenResourcesFiltering - skip non existing resourceDirectory C:\Users\BETU\Desktop\coading\25june25jee\25june25jee\manytomany\src\test\resources
2025-07-28 15:51:11,478 [Worker-55: Building] INFO  o.a.m.s.f.DefaultMavenResourcesFiltering - skip non existing resourceDirectory C:\Users\BETU\Desktop\coading\25june25jee\25june25jee\manytomany\src\main\resources
2025-07-28 15:51:11,480 [Worker-55: Building] INFO  o.a.m.s.f.DefaultMavenResourcesFiltering - skip non existing resourceDirectory C:\Users\BETU\Desktop\coading\25june25jee\25june25jee\manytomany\src\test\resources
2025-07-28 15:52:19,672 [Worker-55: Building] INFO  o.a.m.s.f.DefaultMavenResourcesFiltering - skip non existing resourceDirectory C:\Users\BETU\Desktop\coading\25june25jee\25june25jee\manytomany\src\main\resources
2025-07-28 15:52:19,675 [Worker-55: Building] INFO  o.a.m.s.f.DefaultMavenResourcesFiltering - skip non existing resourceDirectory C:\Users\BETU\Desktop\coading\25june25jee\25june25jee\manytomany\src\test\resources
2025-07-28 15:54:27,918 [Worker-58: Building] INFO  o.a.m.s.f.DefaultMavenResourcesFiltering - skip non existing resourceDirectory C:\Users\BETU\Desktop\coading\25june25jee\HBM-OneToMany-App14\src\main\resources
2025-07-28 15:54:27,920 [Worker-58: Building] INFO  o.a.m.s.f.DefaultMavenResourcesFiltering - skip non existing resourceDirectory C:\Users\BETU\Desktop\coading\25june25jee\HBM-OneToMany-App14\src\test\resources
2025-07-28 15:55:50,210 [Worker-59: Building] INFO  o.a.m.s.f.DefaultMavenResourcesFiltering - skip non existing resourceDirectory C:\Users\BETU\Desktop\coading\25june25jee\HBM-OneToMany-App13\src\main\resources
2025-07-28 15:55:50,211 [Worker-59: Building] INFO  o.a.m.s.f.DefaultMavenResourcesFiltering - skip non existing resourceDirectory C:\Users\BETU\Desktop\coading\25june25jee\HBM-OneToMany-App13\src\test\resources
2025-07-28 15:55:50,255 [Worker-59: Building] INFO  o.a.m.s.f.DefaultMavenResourcesFiltering - skip non existing resourceDirectory C:\Users\BETU\Desktop\coading\25june25jee\HBM-OneToMany-App13\MyHbm-many-to-many\src\main\resources
2025-07-28 15:55:50,258 [Worker-59: Building] INFO  o.a.m.s.f.DefaultMavenResourcesFiltering - skip non existing resourceDirectory C:\Users\BETU\Desktop\coading\25june25jee\HBM-OneToMany-App13\MyHbm-many-to-many\src\test\resources
2025-07-28 15:58:16,114 [Worker-59: Building] INFO  o.a.m.s.f.DefaultMavenResourcesFiltering - skip non existing resourceDirectory C:\Users\BETU\Desktop\coading\25june25jee\HBM-OneToMany-App13\src\main\resources
2025-07-28 15:58:16,116 [Worker-59: Building] INFO  o.a.m.s.f.DefaultMavenResourcesFiltering - skip non existing resourceDirectory C:\Users\BETU\Desktop\coading\25june25jee\HBM-OneToMany-App13\src\test\resources
2025-07-28 15:58:16,153 [Worker-59: Building] INFO  o.a.m.s.f.DefaultMavenResourcesFiltering - skip non existing resourceDirectory C:\Users\BETU\Desktop\coading\25june25jee\HBM-OneToMany-App13\MyHbm-many-to-many\src\main\resources
2025-07-28 15:58:16,156 [Worker-59: Building] INFO  o.a.m.s.f.DefaultMavenResourcesFiltering - skip non existing resourceDirectory C:\Users\BETU\Desktop\coading\25june25jee\HBM-OneToMany-App13\MyHbm-many-to-many\src\test\resources
2025-07-28 15:58:23,227 [Worker-52: Building] INFO  o.a.m.s.f.DefaultMavenResourcesFiltering - skip non existing resourceDirectory C:\Users\BETU\Desktop\coading\25june25jee\HBM-OneToMany-App13\src\main\resources
2025-07-28 15:58:23,235 [Worker-52: Building] INFO  o.a.m.s.f.DefaultMavenResourcesFiltering - skip non existing resourceDirectory C:\Users\BETU\Desktop\coading\25june25jee\HBM-OneToMany-App13\src\test\resources
2025-07-28 15:58:40,440 [Worker-55: Building] INFO  o.a.m.s.f.DefaultMavenResourcesFiltering - skip non existing resourceDirectory C:\Users\BETU\Desktop\coading\25june25jee\HBM-OneToMany-App13\src\main\resources
2025-07-28 15:58:40,443 [Worker-55: Building] INFO  o.a.m.s.f.DefaultMavenResourcesFiltering - skip non existing resourceDirectory C:\Users\BETU\Desktop\coading\25june25jee\HBM-OneToMany-App13\src\test\resources
2025-07-28 15:58:40,532 [Worker-55: Building] INFO  o.a.m.s.f.DefaultMavenResourcesFiltering - skip non existing resourceDirectory C:\Users\BETU\Desktop\coading\25june25jee\HBM-OneToMany-App13\MyHbm-many-to-many\src\main\resources
2025-07-28 15:58:40,534 [Worker-55: Building] INFO  o.a.m.s.f.DefaultMavenResourcesFiltering - skip non existing resourceDirectory C:\Users\BETU\Desktop\coading\25june25jee\HBM-OneToMany-App13\MyHbm-many-to-many\src\test\resources
2025-07-28 16:07:41,228 [Worker-55: Building] INFO  o.a.m.s.f.DefaultMavenResourcesFiltering - skip non existing resourceDirectory C:\Users\BETU\Desktop\coading\25june25jee\HBM-OneToMany-App13\src\main\resources
2025-07-28 16:07:41,237 [Worker-55: Building] INFO  o.a.m.s.f.DefaultMavenResourcesFiltering - skip non existing resourceDirectory C:\Users\BETU\Desktop\coading\25june25jee\HBM-OneToMany-App13\src\test\resources
2025-07-28 19:49:58,409 [Worker-61: Building] INFO  o.a.m.s.f.DefaultMavenResourcesFiltering - skip non existing resourceDirectory C:\Users\BETU\Desktop\coading\25june25jee\HBM-ManyToMany-App15\src\main\resources
2025-07-28 19:49:58,415 [Worker-61: Building] INFO  o.a.m.s.f.DefaultMavenResourcesFiltering - skip non existing resourceDirectory C:\Users\BETU\Desktop\coading\25june25jee\HBM-ManyToMany-App15\src\test\resources
2025-07-28 20:53:40,064 [Stop Help Server] INFO  org.eclipse.jetty.server.Server - Stopped oejs.Server@4a38f110{STOPPING}[12.0.15,sto=0]
2025-07-28 20:53:40,081 [Stop Help Server] INFO  o.e.jetty.server.AbstractConnector - Stopped ServerConnector@5df5aaf4{HTTP/1.1, (http/1.1)}{127.0.0.1:0}
2025-07-29 11:10:24,818 [Worker-5: Loading available Gradle versions] INFO  o.e.b.c.i.u.g.PublishedGradleVersions - Gradle version information cache is up-to-date. Trying to read.
2025-07-29 11:15:35,952 [Worker-25: Building] INFO  o.a.m.s.f.DefaultMavenResourcesFiltering - skip non existing resourceDirectory C:\Users\BETU\Desktop\coading\25june25jee\HBM-Single-TablePerConcreateClass-App10\src\main\resources
2025-07-29 11:15:35,959 [Worker-25: Building] INFO  o.a.m.s.f.DefaultMavenResourcesFiltering - skip non existing resourceDirectory C:\Users\BETU\Desktop\coading\25june25jee\HBM-Single-TablePerConcreateClass-App10\src\test\resources
2025-07-29 11:22:44,275 [Worker-24: Building] INFO  o.a.m.s.f.DefaultMavenResourcesFiltering - skip non existing resourceDirectory C:\Users\BETU\Desktop\coading\25june25jee\HBM-ManyToMany-App15\src\main\resources
2025-07-29 11:22:44,278 [Worker-24: Building] INFO  o.a.m.s.f.DefaultMavenResourcesFiltering - skip non existing resourceDirectory C:\Users\BETU\Desktop\coading\25june25jee\HBM-ManyToMany-App15\src\test\resources
2025-07-29 11:29:25,635 [Start Help Server] INFO  org.eclipse.jetty.server.Server - jetty-12.0.15; built: 2024-11-05T19:44:57.623Z; git: 8281ae9740d4b4225e8166cc476bad237c70213a; jvm 23.0.2+7-58
2025-07-29 11:29:25,702 [Start Help Server] INFO  o.e.j.server.handler.ContextHandler - Started oeje8n.ContextHandler$CoreContextHandler@10de7100{/help,/help,b=null,a=AVAILABLE,h=oeje8n.ContextHandler$CoreContextHandler$CoreToNestedHandler@4c18b2d9{STARTED}}
2025-07-29 11:29:25,702 [Start Help Server] INFO  o.e.j.s.DefaultSessionIdManager - Session workerName=node0
2025-07-29 11:29:25,726 [Start Help Server] INFO  o.e.jetty.server.AbstractConnector - Started ServerConnector@5ca7000b{HTTP/1.1, (http/1.1)}{127.0.0.1:62670}
2025-07-29 11:29:25,743 [Start Help Server] INFO  org.eclipse.jetty.server.Server - Started oejs.Server@7d547e58{STARTING}[12.0.15,sto=0] @1207659ms
2025-07-29 11:34:54,324 [Worker-28: Launching mavenrun-449d3380-baae-4b60-9a9f-637b2d4f41af] INFO  o.eclipse.m2e.core.internal.Bundles - getClasspathEntries(Bundle=org.eclipse.m2e.maven.runtime_3.9.900.20240824-1409 [638])
2025-07-29 11:34:54,325 [Worker-28: Launching mavenrun-449d3380-baae-4b60-9a9f-637b2d4f41af] INFO  o.eclipse.m2e.core.internal.Bundles - 	Entry: C:\Users\BETU\.p2\pool\plugins\org.eclipse.m2e.maven.runtime_3.9.900.20240824-1409
2025-07-29 11:34:54,326 [Worker-28: Launching mavenrun-449d3380-baae-4b60-9a9f-637b2d4f41af] INFO  o.eclipse.m2e.core.internal.Bundles - 	Entry: C:\Users\BETU\.p2\pool\plugins\org.eclipse.m2e.maven.runtime_3.9.900.20240824-1409\jars\aopalliance-1.0.jar
2025-07-29 11:34:54,326 [Worker-28: Launching mavenrun-449d3380-baae-4b60-9a9f-637b2d4f41af] INFO  o.eclipse.m2e.core.internal.Bundles - 	Entry: C:\Users\BETU\.p2\pool\plugins\org.eclipse.m2e.maven.runtime_3.9.900.20240824-1409\jars\guice-5.1.0.jar
2025-07-29 11:34:54,326 [Worker-28: Launching mavenrun-449d3380-baae-4b60-9a9f-637b2d4f41af] INFO  o.eclipse.m2e.core.internal.Bundles - 	Entry: C:\Users\BETU\.p2\pool\plugins\org.eclipse.m2e.maven.runtime_3.9.900.20240824-1409\jars\httpclient-4.5.14.jar
2025-07-29 11:34:54,326 [Worker-28: Launching mavenrun-449d3380-baae-4b60-9a9f-637b2d4f41af] INFO  o.eclipse.m2e.core.internal.Bundles - 	Entry: C:\Users\BETU\.p2\pool\plugins\org.eclipse.m2e.maven.runtime_3.9.900.20240824-1409\jars\httpcore-4.4.16.jar
2025-07-29 11:34:54,326 [Worker-28: Launching mavenrun-449d3380-baae-4b60-9a9f-637b2d4f41af] INFO  o.eclipse.m2e.core.internal.Bundles - 	Entry: C:\Users\BETU\.p2\pool\plugins\org.eclipse.m2e.maven.runtime_3.9.900.20240824-1409\jars\jansi-2.4.1.jar
2025-07-29 11:34:54,326 [Worker-28: Launching mavenrun-449d3380-baae-4b60-9a9f-637b2d4f41af] INFO  o.eclipse.m2e.core.internal.Bundles - 	Entry: C:\Users\BETU\.p2\pool\plugins\org.eclipse.m2e.maven.runtime_3.9.900.20240824-1409\jars\jcl-over-slf4j-1.7.36.jar
2025-07-29 11:34:54,326 [Worker-28: Launching mavenrun-449d3380-baae-4b60-9a9f-637b2d4f41af] INFO  o.eclipse.m2e.core.internal.Bundles - 	Entry: C:\Users\BETU\.p2\pool\plugins\org.eclipse.m2e.maven.runtime_3.9.900.20240824-1409\jars\maven-artifact-3.9.9.jar
2025-07-29 11:34:54,326 [Worker-28: Launching mavenrun-449d3380-baae-4b60-9a9f-637b2d4f41af] INFO  o.eclipse.m2e.core.internal.Bundles - 	Entry: C:\Users\BETU\.p2\pool\plugins\org.eclipse.m2e.maven.runtime_3.9.900.20240824-1409\jars\maven-builder-support-3.9.9.jar
2025-07-29 11:34:54,326 [Worker-28: Launching mavenrun-449d3380-baae-4b60-9a9f-637b2d4f41af] INFO  o.eclipse.m2e.core.internal.Bundles - 	Entry: C:\Users\BETU\.p2\pool\plugins\org.eclipse.m2e.maven.runtime_3.9.900.20240824-1409\jars\maven-compat-3.9.9.jar
2025-07-29 11:34:54,326 [Worker-28: Launching mavenrun-449d3380-baae-4b60-9a9f-637b2d4f41af] INFO  o.eclipse.m2e.core.internal.Bundles - 	Entry: C:\Users\BETU\.p2\pool\plugins\org.eclipse.m2e.maven.runtime_3.9.900.20240824-1409\jars\maven-core-3.9.9.jar
2025-07-29 11:34:54,326 [Worker-28: Launching mavenrun-449d3380-baae-4b60-9a9f-637b2d4f41af] INFO  o.eclipse.m2e.core.internal.Bundles - 	Entry: C:\Users\BETU\.p2\pool\plugins\org.eclipse.m2e.maven.runtime_3.9.900.20240824-1409\jars\maven-embedder-3.9.9.jar
2025-07-29 11:34:54,327 [Worker-28: Launching mavenrun-449d3380-baae-4b60-9a9f-637b2d4f41af] INFO  o.eclipse.m2e.core.internal.Bundles - 	Entry: C:\Users\BETU\.p2\pool\plugins\org.eclipse.m2e.maven.runtime_3.9.900.20240824-1409\jars\maven-model-3.9.9.jar
2025-07-29 11:34:54,327 [Worker-28: Launching mavenrun-449d3380-baae-4b60-9a9f-637b2d4f41af] INFO  o.eclipse.m2e.core.internal.Bundles - 	Entry: C:\Users\BETU\.p2\pool\plugins\org.eclipse.m2e.maven.runtime_3.9.900.20240824-1409\jars\maven-model-builder-3.9.9.jar
2025-07-29 11:34:54,327 [Worker-28: Launching mavenrun-449d3380-baae-4b60-9a9f-637b2d4f41af] INFO  o.eclipse.m2e.core.internal.Bundles - 	Entry: C:\Users\BETU\.p2\pool\plugins\org.eclipse.m2e.maven.runtime_3.9.900.20240824-1409\jars\maven-plugin-api-3.9.9.jar
2025-07-29 11:34:54,327 [Worker-28: Launching mavenrun-449d3380-baae-4b60-9a9f-637b2d4f41af] INFO  o.eclipse.m2e.core.internal.Bundles - 	Entry: C:\Users\BETU\.p2\pool\plugins\org.eclipse.m2e.maven.runtime_3.9.900.20240824-1409\jars\maven-repository-metadata-3.9.9.jar
2025-07-29 11:34:54,327 [Worker-28: Launching mavenrun-449d3380-baae-4b60-9a9f-637b2d4f41af] INFO  o.eclipse.m2e.core.internal.Bundles - 	Entry: C:\Users\BETU\.p2\pool\plugins\org.eclipse.m2e.maven.runtime_3.9.900.20240824-1409\jars\maven-resolver-api-1.9.22.jar
2025-07-29 11:34:54,327 [Worker-28: Launching mavenrun-449d3380-baae-4b60-9a9f-637b2d4f41af] INFO  o.eclipse.m2e.core.internal.Bundles - 	Entry: C:\Users\BETU\.p2\pool\plugins\org.eclipse.m2e.maven.runtime_3.9.900.20240824-1409\jars\maven-resolver-connector-basic-1.9.22.jar
2025-07-29 11:34:54,327 [Worker-28: Launching mavenrun-449d3380-baae-4b60-9a9f-637b2d4f41af] INFO  o.eclipse.m2e.core.internal.Bundles - 	Entry: C:\Users\BETU\.p2\pool\plugins\org.eclipse.m2e.maven.runtime_3.9.900.20240824-1409\jars\maven-resolver-impl-1.9.22.jar
2025-07-29 11:34:54,327 [Worker-28: Launching mavenrun-449d3380-baae-4b60-9a9f-637b2d4f41af] INFO  o.eclipse.m2e.core.internal.Bundles - 	Entry: C:\Users\BETU\.p2\pool\plugins\org.eclipse.m2e.maven.runtime_3.9.900.20240824-1409\jars\maven-resolver-named-locks-1.9.22.jar
2025-07-29 11:34:54,327 [Worker-28: Launching mavenrun-449d3380-baae-4b60-9a9f-637b2d4f41af] INFO  o.eclipse.m2e.core.internal.Bundles - 	Entry: C:\Users\BETU\.p2\pool\plugins\org.eclipse.m2e.maven.runtime_3.9.900.20240824-1409\jars\maven-resolver-provider-3.9.9.jar
2025-07-29 11:34:54,327 [Worker-28: Launching mavenrun-449d3380-baae-4b60-9a9f-637b2d4f41af] INFO  o.eclipse.m2e.core.internal.Bundles - 	Entry: C:\Users\BETU\.p2\pool\plugins\org.eclipse.m2e.maven.runtime_3.9.900.20240824-1409\jars\maven-resolver-spi-1.9.22.jar
2025-07-29 11:34:54,328 [Worker-28: Launching mavenrun-449d3380-baae-4b60-9a9f-637b2d4f41af] INFO  o.eclipse.m2e.core.internal.Bundles - 	Entry: C:\Users\BETU\.p2\pool\plugins\org.eclipse.m2e.maven.runtime_3.9.900.20240824-1409\jars\maven-resolver-transport-file-1.9.22.jar
2025-07-29 11:34:54,328 [Worker-28: Launching mavenrun-449d3380-baae-4b60-9a9f-637b2d4f41af] INFO  o.eclipse.m2e.core.internal.Bundles - 	Entry: C:\Users\BETU\.p2\pool\plugins\org.eclipse.m2e.maven.runtime_3.9.900.20240824-1409\jars\maven-resolver-transport-http-1.9.22.jar
2025-07-29 11:34:54,328 [Worker-28: Launching mavenrun-449d3380-baae-4b60-9a9f-637b2d4f41af] INFO  o.eclipse.m2e.core.internal.Bundles - 	Entry: C:\Users\BETU\.p2\pool\plugins\org.eclipse.m2e.maven.runtime_3.9.900.20240824-1409\jars\maven-resolver-transport-wagon-1.9.22.jar
2025-07-29 11:34:54,328 [Worker-28: Launching mavenrun-449d3380-baae-4b60-9a9f-637b2d4f41af] INFO  o.eclipse.m2e.core.internal.Bundles - 	Entry: C:\Users\BETU\.p2\pool\plugins\org.eclipse.m2e.maven.runtime_3.9.900.20240824-1409\jars\maven-resolver-util-1.9.22.jar
2025-07-29 11:34:54,328 [Worker-28: Launching mavenrun-449d3380-baae-4b60-9a9f-637b2d4f41af] INFO  o.eclipse.m2e.core.internal.Bundles - 	Entry: C:\Users\BETU\.p2\pool\plugins\org.eclipse.m2e.maven.runtime_3.9.900.20240824-1409\jars\maven-settings-3.9.9.jar
2025-07-29 11:34:54,328 [Worker-28: Launching mavenrun-449d3380-baae-4b60-9a9f-637b2d4f41af] INFO  o.eclipse.m2e.core.internal.Bundles - 	Entry: C:\Users\BETU\.p2\pool\plugins\org.eclipse.m2e.maven.runtime_3.9.900.20240824-1409\jars\maven-settings-builder-3.9.9.jar
2025-07-29 11:34:54,328 [Worker-28: Launching mavenrun-449d3380-baae-4b60-9a9f-637b2d4f41af] INFO  o.eclipse.m2e.core.internal.Bundles - 	Entry: C:\Users\BETU\.p2\pool\plugins\org.eclipse.m2e.maven.runtime_3.9.900.20240824-1409\jars\maven-shared-utils-3.4.2.jar
2025-07-29 11:34:54,328 [Worker-28: Launching mavenrun-449d3380-baae-4b60-9a9f-637b2d4f41af] INFO  o.eclipse.m2e.core.internal.Bundles - 	Entry: C:\Users\BETU\.p2\pool\plugins\org.eclipse.m2e.maven.runtime_3.9.900.20240824-1409\jars\org.eclipse.sisu.inject-0.9.0.M3.jar
2025-07-29 11:34:54,329 [Worker-28: Launching mavenrun-449d3380-baae-4b60-9a9f-637b2d4f41af] INFO  o.eclipse.m2e.core.internal.Bundles - 	Entry: C:\Users\BETU\.p2\pool\plugins\org.eclipse.m2e.maven.runtime_3.9.900.20240824-1409\jars\org.eclipse.sisu.plexus-0.9.0.M3.jar
2025-07-29 11:34:54,329 [Worker-28: Launching mavenrun-449d3380-baae-4b60-9a9f-637b2d4f41af] INFO  o.eclipse.m2e.core.internal.Bundles - 	Entry: C:\Users\BETU\.p2\pool\plugins\org.eclipse.m2e.maven.runtime_3.9.900.20240824-1409\jars\plexus-build-api-0.0.7.jar
2025-07-29 11:34:54,329 [Worker-28: Launching mavenrun-449d3380-baae-4b60-9a9f-637b2d4f41af] INFO  o.eclipse.m2e.core.internal.Bundles - 	Entry: C:\Users\BETU\.p2\pool\plugins\org.eclipse.m2e.maven.runtime_3.9.900.20240824-1409\jars\plexus-build-api-1.2.0.jar
2025-07-29 11:34:54,329 [Worker-28: Launching mavenrun-449d3380-baae-4b60-9a9f-637b2d4f41af] INFO  o.eclipse.m2e.core.internal.Bundles - 	Entry: C:\Users\BETU\.p2\pool\plugins\org.eclipse.m2e.maven.runtime_3.9.900.20240824-1409\jars\plexus-cipher-2.0.jar
2025-07-29 11:34:54,329 [Worker-28: Launching mavenrun-449d3380-baae-4b60-9a9f-637b2d4f41af] INFO  o.eclipse.m2e.core.internal.Bundles - 	Entry: C:\Users\BETU\.p2\pool\plugins\org.eclipse.m2e.maven.runtime_3.9.900.20240824-1409\jars\plexus-classworlds-2.8.0.jar
2025-07-29 11:34:54,329 [Worker-28: Launching mavenrun-449d3380-baae-4b60-9a9f-637b2d4f41af] INFO  o.eclipse.m2e.core.internal.Bundles - 	Entry: C:\Users\BETU\.p2\pool\plugins\org.eclipse.m2e.maven.runtime_3.9.900.20240824-1409\jars\plexus-component-annotations-2.1.0.jar
2025-07-29 11:34:54,329 [Worker-28: Launching mavenrun-449d3380-baae-4b60-9a9f-637b2d4f41af] INFO  o.eclipse.m2e.core.internal.Bundles - 	Entry: C:\Users\BETU\.p2\pool\plugins\org.eclipse.m2e.maven.runtime_3.9.900.20240824-1409\jars\plexus-interpolation-1.27.jar
2025-07-29 11:34:54,329 [Worker-28: Launching mavenrun-449d3380-baae-4b60-9a9f-637b2d4f41af] INFO  o.eclipse.m2e.core.internal.Bundles - 	Entry: C:\Users\BETU\.p2\pool\plugins\org.eclipse.m2e.maven.runtime_3.9.900.20240824-1409\jars\plexus-sec-dispatcher-2.0.jar
2025-07-29 11:34:54,329 [Worker-28: Launching mavenrun-449d3380-baae-4b60-9a9f-637b2d4f41af] INFO  o.eclipse.m2e.core.internal.Bundles - 	Entry: C:\Users\BETU\.p2\pool\plugins\org.eclipse.m2e.maven.runtime_3.9.900.20240824-1409\jars\plexus-utils-3.5.1.jar
2025-07-29 11:34:54,329 [Worker-28: Launching mavenrun-449d3380-baae-4b60-9a9f-637b2d4f41af] INFO  o.eclipse.m2e.core.internal.Bundles - 	Entry: C:\Users\BETU\.p2\pool\plugins\org.eclipse.m2e.maven.runtime_3.9.900.20240824-1409\jars\plexus-xml-3.0.1.jar
2025-07-29 11:34:54,329 [Worker-28: Launching mavenrun-449d3380-baae-4b60-9a9f-637b2d4f41af] INFO  o.eclipse.m2e.core.internal.Bundles - 	Entry: C:\Users\BETU\.p2\pool\plugins\org.eclipse.m2e.maven.runtime_3.9.900.20240824-1409\jars\wagon-file-3.5.3.jar
2025-07-29 11:34:54,329 [Worker-28: Launching mavenrun-449d3380-baae-4b60-9a9f-637b2d4f41af] INFO  o.eclipse.m2e.core.internal.Bundles - 	Entry: C:\Users\BETU\.p2\pool\plugins\org.eclipse.m2e.maven.runtime_3.9.900.20240824-1409\jars\wagon-http-3.5.3.jar
2025-07-29 11:34:54,330 [Worker-28: Launching mavenrun-449d3380-baae-4b60-9a9f-637b2d4f41af] INFO  o.eclipse.m2e.core.internal.Bundles - 	Entry: C:\Users\BETU\.p2\pool\plugins\org.eclipse.m2e.maven.runtime_3.9.900.20240824-1409\jars\wagon-http-shared-3.5.3.jar
2025-07-29 11:34:54,330 [Worker-28: Launching mavenrun-449d3380-baae-4b60-9a9f-637b2d4f41af] INFO  o.eclipse.m2e.core.internal.Bundles - 	Entry: C:\Users\BETU\.p2\pool\plugins\org.eclipse.m2e.maven.runtime_3.9.900.20240824-1409\jars\wagon-provider-api-3.5.3.jar
2025-07-29 11:34:54,331 [Worker-28: Launching mavenrun-449d3380-baae-4b60-9a9f-637b2d4f41af] INFO  o.eclipse.m2e.core.internal.Bundles - getClasspathEntries(Bundle=com.google.guava_33.3.1.jre [16])
2025-07-29 11:34:54,332 [Worker-28: Launching mavenrun-449d3380-baae-4b60-9a9f-637b2d4f41af] INFO  o.eclipse.m2e.core.internal.Bundles - 	Entry: C:\Users\BETU\.p2\pool\plugins\com.google.guava_33.3.1.jre.jar
2025-07-29 11:34:54,332 [Worker-28: Launching mavenrun-449d3380-baae-4b60-9a9f-637b2d4f41af] INFO  o.eclipse.m2e.core.internal.Bundles - getClasspathEntries(Bundle=slf4j.api_2.0.16 [1005])
2025-07-29 11:34:54,332 [Worker-28: Launching mavenrun-449d3380-baae-4b60-9a9f-637b2d4f41af] INFO  o.eclipse.m2e.core.internal.Bundles - 	Entry: C:\Users\BETU\.p2\pool\plugins\slf4j.api_2.0.16.jar
2025-07-29 11:34:54,332 [Worker-28: Launching mavenrun-449d3380-baae-4b60-9a9f-637b2d4f41af] INFO  o.eclipse.m2e.core.internal.Bundles - getClasspathEntries(Bundle=jakarta.inject.jakarta.inject-api_1.0.5 [34])
2025-07-29 11:34:54,332 [Worker-28: Launching mavenrun-449d3380-baae-4b60-9a9f-637b2d4f41af] INFO  o.eclipse.m2e.core.internal.Bundles - 	Entry: C:\Users\BETU\.p2\pool\plugins\jakarta.inject.jakarta.inject-api_1.0.5.jar
2025-07-29 11:34:54,332 [Worker-28: Launching mavenrun-449d3380-baae-4b60-9a9f-637b2d4f41af] INFO  o.eclipse.m2e.core.internal.Bundles - getClasspathEntries(Bundle=jakarta.annotation-api_1.3.5 [29])
2025-07-29 11:34:54,333 [Worker-28: Launching mavenrun-449d3380-baae-4b60-9a9f-637b2d4f41af] INFO  o.eclipse.m2e.core.internal.Bundles - 	Entry: C:\Users\BETU\.p2\pool\plugins\jakarta.annotation-api_1.3.5.jar
2025-07-29 11:34:54,333 [Worker-28: Launching mavenrun-449d3380-baae-4b60-9a9f-637b2d4f41af] INFO  o.eclipse.m2e.core.internal.Bundles - getClasspathEntries(Bundle=org.apache.commons.cli_1.9.0 [75])
2025-07-29 11:34:54,333 [Worker-28: Launching mavenrun-449d3380-baae-4b60-9a9f-637b2d4f41af] INFO  o.eclipse.m2e.core.internal.Bundles - 	Entry: C:\Users\BETU\.p2\pool\plugins\org.apache.commons.cli_1.9.0.jar
2025-07-29 11:34:54,333 [Worker-28: Launching mavenrun-449d3380-baae-4b60-9a9f-637b2d4f41af] INFO  o.eclipse.m2e.core.internal.Bundles - getClasspathEntries(Bundle=org.apache.commons.commons-codec_1.16.0 [78])
2025-07-29 11:34:54,334 [Worker-28: Launching mavenrun-449d3380-baae-4b60-9a9f-637b2d4f41af] INFO  o.eclipse.m2e.core.internal.Bundles - 	Entry: C:\Users\BETU\.p2\pool\plugins\org.apache.commons.commons-codec_1.16.0.jar
2025-07-29 11:34:54,334 [Worker-28: Launching mavenrun-449d3380-baae-4b60-9a9f-637b2d4f41af] INFO  o.eclipse.m2e.core.internal.Bundles - getClasspathEntries(Bundle=com.google.guava.failureaccess_1.0.2 [17])
2025-07-29 11:34:54,334 [Worker-28: Launching mavenrun-449d3380-baae-4b60-9a9f-637b2d4f41af] INFO  o.eclipse.m2e.core.internal.Bundles - 	Entry: C:\Users\BETU\.p2\pool\plugins\com.google.guava.failureaccess_1.0.2.jar
2025-07-29 11:34:54,336 [Worker-28: Launching mavenrun-449d3380-baae-4b60-9a9f-637b2d4f41af] INFO  o.e.m.i.launch.MavenLaunchDelegate - Run build in "C:\Users\BETU\AppData\Local\Temp\m2e-archetypeGenerator11306052521504419190":
2025-07-29 11:34:54,342 [Worker-28: Launching mavenrun-449d3380-baae-4b60-9a9f-637b2d4f41af] INFO  o.e.m.i.launch.MavenLaunchDelegate -  mvn  -DarchetypeGroupId=org.apache.maven.archetypes -DarchetypeArtifactId=maven-archetype-quickstart -DarchetypeVersion=1.1 -DgroupId=com.univ -DartifactId=many-to-many -Dversion=0.0.1-SNAPSHOT -Dpackage=com.univ -DoutputDirectory=C:\Users\BETU\Desktop\coading\25june25jee\25june25jee -Dstyle.color=always -U archetype:generate
2025-07-29 11:35:18,181 [Worker-34: Creating maven-archetype-quickstart] INFO  o.e.m.c.i.p.ProjectConfigurationManager - Collecting project info '/pom.xml' C:\Users\BETU\Desktop\coading\25june25jee\25june25jee\many-to-many\pom.xml
2025-07-29 11:35:19,689 [Worker-34: Creating maven-archetype-quickstart] INFO  o.e.m.c.i.l.LifecycleMappingFactory - Using org.eclipse.m2e.jdt.JarLifecycleMapping lifecycle mapping for MavenProject: com.univ:many-to-many:0.0.1-SNAPSHOT @ C:\Users\BETU\Desktop\coading\25june25jee\25june25jee\many-to-many\pom.xml.
2025-07-29 11:35:20,243 [Worker-34: Creating maven-archetype-quickstart] INFO  o.e.m.j.i.AbstractJavaProjectConfigurator - Adding source folder /many-to-many/src/main/java
2025-07-29 11:35:20,246 [Worker-34: Creating maven-archetype-quickstart] INFO  o.e.m.j.i.AbstractJavaProjectConfigurator - Adding resource folder /many-to-many/src/main/resources
2025-07-29 11:35:20,256 [Worker-34: Creating maven-archetype-quickstart] INFO  o.e.m.j.i.AbstractJavaProjectConfigurator - Adding source folder /many-to-many/src/test/java
2025-07-29 11:35:20,258 [Worker-34: Creating maven-archetype-quickstart] INFO  o.e.m.j.i.AbstractJavaProjectConfigurator - Adding resource folder /many-to-many/src/test/resources
2025-07-29 11:35:20,363 [Worker-34: Creating maven-archetype-quickstart] INFO  o.e.m.c.i.p.ProjectConfigurationManager - Imported and configured 1 project(s) in 2 sec
2025-07-29 11:35:20,636 [Worker-38: Building] INFO  o.a.m.s.f.DefaultMavenResourcesFiltering - skip non existing resourceDirectory C:\Users\BETU\Desktop\coading\25june25jee\25june25jee\many-to-many\src\main\resources
2025-07-29 11:35:20,640 [Worker-38: Building] INFO  o.a.m.s.f.DefaultMavenResourcesFiltering - skip non existing resourceDirectory C:\Users\BETU\Desktop\coading\25june25jee\25june25jee\many-to-many\src\test\resources
2025-07-29 11:36:29,678 [Worker-36: Building] INFO  o.a.m.s.f.DefaultMavenResourcesFiltering - skip non existing resourceDirectory C:\Users\BETU\Desktop\coading\25june25jee\25june25jee\many-to-many\src\main\resources
2025-07-29 11:36:29,681 [Worker-36: Building] INFO  o.a.m.s.f.DefaultMavenResourcesFiltering - skip non existing resourceDirectory C:\Users\BETU\Desktop\coading\25june25jee\25june25jee\many-to-many\src\test\resources
2025-07-29 11:36:41,899 [Worker-37: Building] INFO  o.a.m.s.f.DefaultMavenResourcesFiltering - skip non existing resourceDirectory C:\Users\BETU\Desktop\coading\25june25jee\25june25jee\many-to-many\src\main\resources
2025-07-29 11:36:41,901 [Worker-37: Building] INFO  o.a.m.s.f.DefaultMavenResourcesFiltering - skip non existing resourceDirectory C:\Users\BETU\Desktop\coading\25june25jee\25june25jee\many-to-many\src\test\resources
2025-07-29 11:36:51,638 [Worker-38: Building] INFO  o.a.m.s.f.DefaultMavenResourcesFiltering - skip non existing resourceDirectory C:\Users\BETU\Desktop\coading\25june25jee\HBM-ManyToMany-App15\src\main\resources
2025-07-29 11:36:51,642 [Worker-38: Building] INFO  o.a.m.s.f.DefaultMavenResourcesFiltering - skip non existing resourceDirectory C:\Users\BETU\Desktop\coading\25june25jee\HBM-ManyToMany-App15\src\test\resources
2025-07-29 11:37:18,711 [Worker-34: Building] INFO  o.a.m.s.f.DefaultMavenResourcesFiltering - skip non existing resourceDirectory C:\Users\BETU\Desktop\coading\25june25jee\25june25jee\many-to-many\src\main\resources
2025-07-29 11:37:18,714 [Worker-34: Building] INFO  o.a.m.s.f.DefaultMavenResourcesFiltering - skip non existing resourceDirectory C:\Users\BETU\Desktop\coading\25june25jee\25june25jee\many-to-many\src\test\resources
2025-07-29 11:48:31,551 [Worker-36: Building] INFO  o.a.m.s.f.DefaultMavenResourcesFiltering - skip non existing resourceDirectory C:\Users\BETU\Desktop\coading\25june25jee\25june25jee\many-to-many\src\main\resources
2025-07-29 11:48:31,553 [Worker-36: Building] INFO  o.a.m.s.f.DefaultMavenResourcesFiltering - skip non existing resourceDirectory C:\Users\BETU\Desktop\coading\25june25jee\25june25jee\many-to-many\src\test\resources
2025-07-29 11:49:00,355 [Worker-36: Building] INFO  o.e.m.c.i.l.LifecycleMappingFactory - Using org.eclipse.m2e.jdt.JarLifecycleMapping lifecycle mapping for MavenProject: com.univ:many-to-many:0.0.1-SNAPSHOT @ C:\Users\BETU\Desktop\coading\25june25jee\25june25jee\many-to-many\pom.xml.
2025-07-29 11:49:01,039 [Worker-36: Building] INFO  o.a.m.s.f.DefaultMavenResourcesFiltering - skip non existing resourceDirectory C:\Users\BETU\Desktop\coading\25june25jee\25june25jee\many-to-many\src\main\resources
2025-07-29 11:49:01,042 [Worker-36: Building] INFO  o.a.m.s.f.DefaultMavenResourcesFiltering - skip non existing resourceDirectory C:\Users\BETU\Desktop\coading\25june25jee\25june25jee\many-to-many\src\test\resources
2025-07-29 11:49:01,273 [Worker-28: Building] INFO  o.a.m.s.f.DefaultMavenResourcesFiltering - skip non existing resourceDirectory C:\Users\BETU\Desktop\coading\25june25jee\25june25jee\many-to-many\src\main\resources
2025-07-29 11:49:01,276 [Worker-28: Building] INFO  o.a.m.s.f.DefaultMavenResourcesFiltering - skip non existing resourceDirectory C:\Users\BETU\Desktop\coading\25june25jee\25june25jee\many-to-many\src\test\resources
2025-07-29 12:03:23,843 [Worker-36: Building] INFO  o.a.m.s.f.DefaultMavenResourcesFiltering - skip non existing resourceDirectory C:\Users\BETU\Desktop\coading\25june25jee\25june25jee\many-to-many\src\main\resources
2025-07-29 12:03:23,847 [Worker-36: Building] INFO  o.a.m.s.f.DefaultMavenResourcesFiltering - skip non existing resourceDirectory C:\Users\BETU\Desktop\coading\25june25jee\25june25jee\many-to-many\src\test\resources
2025-07-29 12:09:22,414 [Worker-38: Building] INFO  o.a.m.s.f.DefaultMavenResourcesFiltering - skip non existing resourceDirectory C:\Users\BETU\Desktop\coading\25june25jee\25june25jee\many-to-many\src\main\resources
2025-07-29 12:09:22,418 [Worker-38: Building] INFO  o.a.m.s.f.DefaultMavenResourcesFiltering - skip non existing resourceDirectory C:\Users\BETU\Desktop\coading\25june25jee\25june25jee\many-to-many\src\test\resources
2025-07-29 12:18:43,314 [Worker-47: Building] INFO  o.a.m.s.f.DefaultMavenResourcesFiltering - skip non existing resourceDirectory C:\Users\BETU\Desktop\coading\25june25jee\25june25jee\many-to-many\src\main\resources
2025-07-29 12:18:43,318 [Worker-47: Building] INFO  o.a.m.s.f.DefaultMavenResourcesFiltering - skip non existing resourceDirectory C:\Users\BETU\Desktop\coading\25june25jee\25june25jee\many-to-many\src\test\resources
2025-07-29 12:18:59,647 [Worker-47: Launching hbm.cfg.xml] INFO  o.a.m.s.f.DefaultMavenResourcesFiltering - skip non existing resourceDirectory C:\Users\BETU\Desktop\coading\25june25jee\25june25jee\many-to-many\src\main\resources
2025-07-29 12:18:59,649 [Worker-47: Launching hbm.cfg.xml] INFO  o.a.m.s.f.DefaultMavenResourcesFiltering - skip non existing resourceDirectory C:\Users\BETU\Desktop\coading\25june25jee\25june25jee\many-to-many\src\test\resources
2025-07-29 12:19:04,315 [Worker-44: Building] INFO  o.a.m.s.f.DefaultMavenResourcesFiltering - skip non existing resourceDirectory C:\Users\BETU\Desktop\coading\25june25jee\25june25jee\many-to-many\src\main\resources
2025-07-29 12:19:04,318 [Worker-44: Building] INFO  o.a.m.s.f.DefaultMavenResourcesFiltering - skip non existing resourceDirectory C:\Users\BETU\Desktop\coading\25june25jee\25june25jee\many-to-many\src\test\resources
2025-07-29 12:19:26,489 [Worker-47: Building] INFO  o.a.m.s.f.DefaultMavenResourcesFiltering - skip non existing resourceDirectory C:\Users\BETU\Desktop\coading\25june25jee\25june25jee\many-to-many\src\main\resources
2025-07-29 12:19:26,490 [Worker-47: Building] INFO  o.a.m.s.f.DefaultMavenResourcesFiltering - skip non existing resourceDirectory C:\Users\BETU\Desktop\coading\25june25jee\25june25jee\many-to-many\src\test\resources
2025-07-29 12:19:56,117 [Worker-44: Building] INFO  o.a.m.s.f.DefaultMavenResourcesFiltering - skip non existing resourceDirectory C:\Users\BETU\Desktop\coading\25june25jee\25june25jee\many-to-many\src\main\resources
2025-07-29 12:19:56,119 [Worker-44: Building] INFO  o.a.m.s.f.DefaultMavenResourcesFiltering - skip non existing resourceDirectory C:\Users\BETU\Desktop\coading\25june25jee\25june25jee\many-to-many\src\test\resources
2025-07-29 12:20:04,433 [Worker-38: Building] INFO  o.a.m.s.f.DefaultMavenResourcesFiltering - skip non existing resourceDirectory C:\Users\BETU\Desktop\coading\25june25jee\25june25jee\many-to-many\src\main\resources
2025-07-29 12:20:04,434 [Worker-38: Building] INFO  o.a.m.s.f.DefaultMavenResourcesFiltering - skip non existing resourceDirectory C:\Users\BETU\Desktop\coading\25june25jee\25june25jee\many-to-many\src\test\resources
2025-07-29 12:20:44,908 [Worker-38: Building] INFO  o.a.m.s.f.DefaultMavenResourcesFiltering - skip non existing resourceDirectory C:\Users\BETU\Desktop\coading\25june25jee\25june25jee\many-to-many\src\main\resources
2025-07-29 12:20:44,909 [Worker-38: Building] INFO  o.a.m.s.f.DefaultMavenResourcesFiltering - skip non existing resourceDirectory C:\Users\BETU\Desktop\coading\25june25jee\25june25jee\many-to-many\src\test\resources
2025-07-29 12:21:57,459 [Worker-47: Building] INFO  o.a.m.s.f.DefaultMavenResourcesFiltering - skip non existing resourceDirectory C:\Users\BETU\Desktop\coading\25june25jee\25june25jee\many-to-many\src\main\resources
2025-07-29 12:21:57,461 [Worker-47: Building] INFO  o.a.m.s.f.DefaultMavenResourcesFiltering - skip non existing resourceDirectory C:\Users\BETU\Desktop\coading\25june25jee\25june25jee\many-to-many\src\test\resources
2025-07-29 12:22:20,385 [Worker-44: Building] INFO  o.a.m.s.f.DefaultMavenResourcesFiltering - skip non existing resourceDirectory C:\Users\BETU\Desktop\coading\25june25jee\25june25jee\many-to-many\src\main\resources
2025-07-29 12:22:20,388 [Worker-44: Building] INFO  o.a.m.s.f.DefaultMavenResourcesFiltering - skip non existing resourceDirectory C:\Users\BETU\Desktop\coading\25june25jee\25june25jee\many-to-many\src\test\resources
2025-07-29 12:23:00,766 [Worker-48: Building] INFO  o.a.m.s.f.DefaultMavenResourcesFiltering - skip non existing resourceDirectory C:\Users\BETU\Desktop\coading\25june25jee\25june25jee\many-to-many\src\main\resources
2025-07-29 12:23:00,768 [Worker-48: Building] INFO  o.a.m.s.f.DefaultMavenResourcesFiltering - skip non existing resourceDirectory C:\Users\BETU\Desktop\coading\25june25jee\25june25jee\many-to-many\src\test\resources
2025-07-29 12:23:55,465 [Worker-44: Building] INFO  o.a.m.s.f.DefaultMavenResourcesFiltering - skip non existing resourceDirectory C:\Users\BETU\Desktop\coading\25june25jee\25june25jee\many-to-many\src\main\resources
2025-07-29 12:23:55,466 [Worker-44: Building] INFO  o.a.m.s.f.DefaultMavenResourcesFiltering - skip non existing resourceDirectory C:\Users\BETU\Desktop\coading\25june25jee\25june25jee\many-to-many\src\test\resources
2025-07-29 12:24:51,256 [Worker-47: Building] INFO  o.a.m.s.f.DefaultMavenResourcesFiltering - skip non existing resourceDirectory C:\Users\BETU\Desktop\coading\25june25jee\25june25jee\many-to-many\src\main\resources
2025-07-29 12:24:51,259 [Worker-47: Building] INFO  o.a.m.s.f.DefaultMavenResourcesFiltering - skip non existing resourceDirectory C:\Users\BETU\Desktop\coading\25june25jee\25june25jee\many-to-many\src\test\resources
2025-07-29 12:25:02,210 [Worker-44: Building] INFO  o.a.m.s.f.DefaultMavenResourcesFiltering - skip non existing resourceDirectory C:\Users\BETU\Desktop\coading\25june25jee\25june25jee\many-to-many\src\main\resources
2025-07-29 12:25:02,213 [Worker-44: Building] INFO  o.a.m.s.f.DefaultMavenResourcesFiltering - skip non existing resourceDirectory C:\Users\BETU\Desktop\coading\25june25jee\25june25jee\many-to-many\src\test\resources
2025-07-29 12:26:07,162 [Worker-51: Building] INFO  o.a.m.s.f.DefaultMavenResourcesFiltering - skip non existing resourceDirectory C:\Users\BETU\Desktop\coading\25june25jee\25june25jee\many-to-many\src\main\resources
2025-07-29 12:26:07,165 [Worker-51: Building] INFO  o.a.m.s.f.DefaultMavenResourcesFiltering - skip non existing resourceDirectory C:\Users\BETU\Desktop\coading\25june25jee\25june25jee\many-to-many\src\test\resources
2025-07-29 12:30:04,231 [Worker-48: Building] INFO  o.a.m.s.f.DefaultMavenResourcesFiltering - skip non existing resourceDirectory C:\Users\BETU\Desktop\coading\25june25jee\25june25jee\many-to-many\src\main\resources
2025-07-29 12:30:04,234 [Worker-48: Building] INFO  o.a.m.s.f.DefaultMavenResourcesFiltering - skip non existing resourceDirectory C:\Users\BETU\Desktop\coading\25june25jee\25june25jee\many-to-many\src\test\resources
2025-07-29 13:14:37,108 [Stop Help Server] INFO  org.eclipse.jetty.server.Server - Stopped oejs.Server@7d547e58{STOPPING}[12.0.15,sto=0]
2025-07-29 13:14:37,129 [Stop Help Server] INFO  o.e.jetty.server.AbstractConnector - Stopped ServerConnector@5ca7000b{HTTP/1.1, (http/1.1)}{127.0.0.1:0}
2025-07-29 16:34:04,381 [Worker-6: Loading available Gradle versions] INFO  o.e.b.c.i.u.g.PublishedGradleVersions - Gradle version information cache is out-of-date. Trying to update.
2025-07-30 10:01:22,553 [Worker-8: Loading available Gradle versions] INFO  o.e.b.c.i.u.g.PublishedGradleVersions - Gradle version information cache is up-to-date. Trying to read.
2025-07-30 10:06:30,437 [Worker-27: Launching mavenrun-e620eb44-b3ad-4a2d-b200-9223065fb07a] INFO  o.eclipse.m2e.core.internal.Bundles - getClasspathEntries(Bundle=org.eclipse.m2e.maven.runtime_3.9.900.20240824-1409 [638])
2025-07-30 10:06:30,441 [Worker-27: Launching mavenrun-e620eb44-b3ad-4a2d-b200-9223065fb07a] INFO  o.eclipse.m2e.core.internal.Bundles - 	Entry: C:\Users\BETU\.p2\pool\plugins\org.eclipse.m2e.maven.runtime_3.9.900.20240824-1409
2025-07-30 10:06:30,442 [Worker-27: Launching mavenrun-e620eb44-b3ad-4a2d-b200-9223065fb07a] INFO  o.eclipse.m2e.core.internal.Bundles - 	Entry: C:\Users\BETU\.p2\pool\plugins\org.eclipse.m2e.maven.runtime_3.9.900.20240824-1409\jars\aopalliance-1.0.jar
2025-07-30 10:06:30,443 [Worker-27: Launching mavenrun-e620eb44-b3ad-4a2d-b200-9223065fb07a] INFO  o.eclipse.m2e.core.internal.Bundles - 	Entry: C:\Users\BETU\.p2\pool\plugins\org.eclipse.m2e.maven.runtime_3.9.900.20240824-1409\jars\guice-5.1.0.jar
2025-07-30 10:06:30,443 [Worker-27: Launching mavenrun-e620eb44-b3ad-4a2d-b200-9223065fb07a] INFO  o.eclipse.m2e.core.internal.Bundles - 	Entry: C:\Users\BETU\.p2\pool\plugins\org.eclipse.m2e.maven.runtime_3.9.900.20240824-1409\jars\httpclient-4.5.14.jar
2025-07-30 10:06:30,443 [Worker-27: Launching mavenrun-e620eb44-b3ad-4a2d-b200-9223065fb07a] INFO  o.eclipse.m2e.core.internal.Bundles - 	Entry: C:\Users\BETU\.p2\pool\plugins\org.eclipse.m2e.maven.runtime_3.9.900.20240824-1409\jars\httpcore-4.4.16.jar
2025-07-30 10:06:30,443 [Worker-27: Launching mavenrun-e620eb44-b3ad-4a2d-b200-9223065fb07a] INFO  o.eclipse.m2e.core.internal.Bundles - 	Entry: C:\Users\BETU\.p2\pool\plugins\org.eclipse.m2e.maven.runtime_3.9.900.20240824-1409\jars\jansi-2.4.1.jar
2025-07-30 10:06:30,443 [Worker-27: Launching mavenrun-e620eb44-b3ad-4a2d-b200-9223065fb07a] INFO  o.eclipse.m2e.core.internal.Bundles - 	Entry: C:\Users\BETU\.p2\pool\plugins\org.eclipse.m2e.maven.runtime_3.9.900.20240824-1409\jars\jcl-over-slf4j-1.7.36.jar
2025-07-30 10:06:30,444 [Worker-27: Launching mavenrun-e620eb44-b3ad-4a2d-b200-9223065fb07a] INFO  o.eclipse.m2e.core.internal.Bundles - 	Entry: C:\Users\BETU\.p2\pool\plugins\org.eclipse.m2e.maven.runtime_3.9.900.20240824-1409\jars\maven-artifact-3.9.9.jar
2025-07-30 10:06:30,444 [Worker-27: Launching mavenrun-e620eb44-b3ad-4a2d-b200-9223065fb07a] INFO  o.eclipse.m2e.core.internal.Bundles - 	Entry: C:\Users\BETU\.p2\pool\plugins\org.eclipse.m2e.maven.runtime_3.9.900.20240824-1409\jars\maven-builder-support-3.9.9.jar
2025-07-30 10:06:30,444 [Worker-27: Launching mavenrun-e620eb44-b3ad-4a2d-b200-9223065fb07a] INFO  o.eclipse.m2e.core.internal.Bundles - 	Entry: C:\Users\BETU\.p2\pool\plugins\org.eclipse.m2e.maven.runtime_3.9.900.20240824-1409\jars\maven-compat-3.9.9.jar
2025-07-30 10:06:30,444 [Worker-27: Launching mavenrun-e620eb44-b3ad-4a2d-b200-9223065fb07a] INFO  o.eclipse.m2e.core.internal.Bundles - 	Entry: C:\Users\BETU\.p2\pool\plugins\org.eclipse.m2e.maven.runtime_3.9.900.20240824-1409\jars\maven-core-3.9.9.jar
2025-07-30 10:06:30,445 [Worker-27: Launching mavenrun-e620eb44-b3ad-4a2d-b200-9223065fb07a] INFO  o.eclipse.m2e.core.internal.Bundles - 	Entry: C:\Users\BETU\.p2\pool\plugins\org.eclipse.m2e.maven.runtime_3.9.900.20240824-1409\jars\maven-embedder-3.9.9.jar
2025-07-30 10:06:30,445 [Worker-27: Launching mavenrun-e620eb44-b3ad-4a2d-b200-9223065fb07a] INFO  o.eclipse.m2e.core.internal.Bundles - 	Entry: C:\Users\BETU\.p2\pool\plugins\org.eclipse.m2e.maven.runtime_3.9.900.20240824-1409\jars\maven-model-3.9.9.jar
2025-07-30 10:06:30,446 [Worker-27: Launching mavenrun-e620eb44-b3ad-4a2d-b200-9223065fb07a] INFO  o.eclipse.m2e.core.internal.Bundles - 	Entry: C:\Users\BETU\.p2\pool\plugins\org.eclipse.m2e.maven.runtime_3.9.900.20240824-1409\jars\maven-model-builder-3.9.9.jar
2025-07-30 10:06:30,446 [Worker-27: Launching mavenrun-e620eb44-b3ad-4a2d-b200-9223065fb07a] INFO  o.eclipse.m2e.core.internal.Bundles - 	Entry: C:\Users\BETU\.p2\pool\plugins\org.eclipse.m2e.maven.runtime_3.9.900.20240824-1409\jars\maven-plugin-api-3.9.9.jar
2025-07-30 10:06:30,446 [Worker-27: Launching mavenrun-e620eb44-b3ad-4a2d-b200-9223065fb07a] INFO  o.eclipse.m2e.core.internal.Bundles - 	Entry: C:\Users\BETU\.p2\pool\plugins\org.eclipse.m2e.maven.runtime_3.9.900.20240824-1409\jars\maven-repository-metadata-3.9.9.jar
2025-07-30 10:06:30,446 [Worker-27: Launching mavenrun-e620eb44-b3ad-4a2d-b200-9223065fb07a] INFO  o.eclipse.m2e.core.internal.Bundles - 	Entry: C:\Users\BETU\.p2\pool\plugins\org.eclipse.m2e.maven.runtime_3.9.900.20240824-1409\jars\maven-resolver-api-1.9.22.jar
2025-07-30 10:06:30,446 [Worker-27: Launching mavenrun-e620eb44-b3ad-4a2d-b200-9223065fb07a] INFO  o.eclipse.m2e.core.internal.Bundles - 	Entry: C:\Users\BETU\.p2\pool\plugins\org.eclipse.m2e.maven.runtime_3.9.900.20240824-1409\jars\maven-resolver-connector-basic-1.9.22.jar
2025-07-30 10:06:30,447 [Worker-27: Launching mavenrun-e620eb44-b3ad-4a2d-b200-9223065fb07a] INFO  o.eclipse.m2e.core.internal.Bundles - 	Entry: C:\Users\BETU\.p2\pool\plugins\org.eclipse.m2e.maven.runtime_3.9.900.20240824-1409\jars\maven-resolver-impl-1.9.22.jar
2025-07-30 10:06:30,447 [Worker-27: Launching mavenrun-e620eb44-b3ad-4a2d-b200-9223065fb07a] INFO  o.eclipse.m2e.core.internal.Bundles - 	Entry: C:\Users\BETU\.p2\pool\plugins\org.eclipse.m2e.maven.runtime_3.9.900.20240824-1409\jars\maven-resolver-named-locks-1.9.22.jar
2025-07-30 10:06:30,447 [Worker-27: Launching mavenrun-e620eb44-b3ad-4a2d-b200-9223065fb07a] INFO  o.eclipse.m2e.core.internal.Bundles - 	Entry: C:\Users\BETU\.p2\pool\plugins\org.eclipse.m2e.maven.runtime_3.9.900.20240824-1409\jars\maven-resolver-provider-3.9.9.jar
2025-07-30 10:06:30,447 [Worker-27: Launching mavenrun-e620eb44-b3ad-4a2d-b200-9223065fb07a] INFO  o.eclipse.m2e.core.internal.Bundles - 	Entry: C:\Users\BETU\.p2\pool\plugins\org.eclipse.m2e.maven.runtime_3.9.900.20240824-1409\jars\maven-resolver-spi-1.9.22.jar
2025-07-30 10:06:30,447 [Worker-27: Launching mavenrun-e620eb44-b3ad-4a2d-b200-9223065fb07a] INFO  o.eclipse.m2e.core.internal.Bundles - 	Entry: C:\Users\BETU\.p2\pool\plugins\org.eclipse.m2e.maven.runtime_3.9.900.20240824-1409\jars\maven-resolver-transport-file-1.9.22.jar
2025-07-30 10:06:30,448 [Worker-27: Launching mavenrun-e620eb44-b3ad-4a2d-b200-9223065fb07a] INFO  o.eclipse.m2e.core.internal.Bundles - 	Entry: C:\Users\BETU\.p2\pool\plugins\org.eclipse.m2e.maven.runtime_3.9.900.20240824-1409\jars\maven-resolver-transport-http-1.9.22.jar
2025-07-30 10:06:30,448 [Worker-27: Launching mavenrun-e620eb44-b3ad-4a2d-b200-9223065fb07a] INFO  o.eclipse.m2e.core.internal.Bundles - 	Entry: C:\Users\BETU\.p2\pool\plugins\org.eclipse.m2e.maven.runtime_3.9.900.20240824-1409\jars\maven-resolver-transport-wagon-1.9.22.jar
2025-07-30 10:06:30,448 [Worker-27: Launching mavenrun-e620eb44-b3ad-4a2d-b200-9223065fb07a] INFO  o.eclipse.m2e.core.internal.Bundles - 	Entry: C:\Users\BETU\.p2\pool\plugins\org.eclipse.m2e.maven.runtime_3.9.900.20240824-1409\jars\maven-resolver-util-1.9.22.jar
2025-07-30 10:06:30,448 [Worker-27: Launching mavenrun-e620eb44-b3ad-4a2d-b200-9223065fb07a] INFO  o.eclipse.m2e.core.internal.Bundles - 	Entry: C:\Users\BETU\.p2\pool\plugins\org.eclipse.m2e.maven.runtime_3.9.900.20240824-1409\jars\maven-settings-3.9.9.jar
2025-07-30 10:06:30,448 [Worker-27: Launching mavenrun-e620eb44-b3ad-4a2d-b200-9223065fb07a] INFO  o.eclipse.m2e.core.internal.Bundles - 	Entry: C:\Users\BETU\.p2\pool\plugins\org.eclipse.m2e.maven.runtime_3.9.900.20240824-1409\jars\maven-settings-builder-3.9.9.jar
2025-07-30 10:06:30,449 [Worker-27: Launching mavenrun-e620eb44-b3ad-4a2d-b200-9223065fb07a] INFO  o.eclipse.m2e.core.internal.Bundles - 	Entry: C:\Users\BETU\.p2\pool\plugins\org.eclipse.m2e.maven.runtime_3.9.900.20240824-1409\jars\maven-shared-utils-3.4.2.jar
2025-07-30 10:06:30,449 [Worker-27: Launching mavenrun-e620eb44-b3ad-4a2d-b200-9223065fb07a] INFO  o.eclipse.m2e.core.internal.Bundles - 	Entry: C:\Users\BETU\.p2\pool\plugins\org.eclipse.m2e.maven.runtime_3.9.900.20240824-1409\jars\org.eclipse.sisu.inject-0.9.0.M3.jar
2025-07-30 10:06:30,449 [Worker-27: Launching mavenrun-e620eb44-b3ad-4a2d-b200-9223065fb07a] INFO  o.eclipse.m2e.core.internal.Bundles - 	Entry: C:\Users\BETU\.p2\pool\plugins\org.eclipse.m2e.maven.runtime_3.9.900.20240824-1409\jars\org.eclipse.sisu.plexus-0.9.0.M3.jar
2025-07-30 10:06:30,449 [Worker-27: Launching mavenrun-e620eb44-b3ad-4a2d-b200-9223065fb07a] INFO  o.eclipse.m2e.core.internal.Bundles - 	Entry: C:\Users\BETU\.p2\pool\plugins\org.eclipse.m2e.maven.runtime_3.9.900.20240824-1409\jars\plexus-build-api-0.0.7.jar
2025-07-30 10:06:30,449 [Worker-27: Launching mavenrun-e620eb44-b3ad-4a2d-b200-9223065fb07a] INFO  o.eclipse.m2e.core.internal.Bundles - 	Entry: C:\Users\BETU\.p2\pool\plugins\org.eclipse.m2e.maven.runtime_3.9.900.20240824-1409\jars\plexus-build-api-1.2.0.jar
2025-07-30 10:06:30,449 [Worker-27: Launching mavenrun-e620eb44-b3ad-4a2d-b200-9223065fb07a] INFO  o.eclipse.m2e.core.internal.Bundles - 	Entry: C:\Users\BETU\.p2\pool\plugins\org.eclipse.m2e.maven.runtime_3.9.900.20240824-1409\jars\plexus-cipher-2.0.jar
2025-07-30 10:06:30,449 [Worker-27: Launching mavenrun-e620eb44-b3ad-4a2d-b200-9223065fb07a] INFO  o.eclipse.m2e.core.internal.Bundles - 	Entry: C:\Users\BETU\.p2\pool\plugins\org.eclipse.m2e.maven.runtime_3.9.900.20240824-1409\jars\plexus-classworlds-2.8.0.jar
2025-07-30 10:06:30,449 [Worker-27: Launching mavenrun-e620eb44-b3ad-4a2d-b200-9223065fb07a] INFO  o.eclipse.m2e.core.internal.Bundles - 	Entry: C:\Users\BETU\.p2\pool\plugins\org.eclipse.m2e.maven.runtime_3.9.900.20240824-1409\jars\plexus-component-annotations-2.1.0.jar
2025-07-30 10:06:30,450 [Worker-27: Launching mavenrun-e620eb44-b3ad-4a2d-b200-9223065fb07a] INFO  o.eclipse.m2e.core.internal.Bundles - 	Entry: C:\Users\BETU\.p2\pool\plugins\org.eclipse.m2e.maven.runtime_3.9.900.20240824-1409\jars\plexus-interpolation-1.27.jar
2025-07-30 10:06:30,450 [Worker-27: Launching mavenrun-e620eb44-b3ad-4a2d-b200-9223065fb07a] INFO  o.eclipse.m2e.core.internal.Bundles - 	Entry: C:\Users\BETU\.p2\pool\plugins\org.eclipse.m2e.maven.runtime_3.9.900.20240824-1409\jars\plexus-sec-dispatcher-2.0.jar
2025-07-30 10:06:30,450 [Worker-27: Launching mavenrun-e620eb44-b3ad-4a2d-b200-9223065fb07a] INFO  o.eclipse.m2e.core.internal.Bundles - 	Entry: C:\Users\BETU\.p2\pool\plugins\org.eclipse.m2e.maven.runtime_3.9.900.20240824-1409\jars\plexus-utils-3.5.1.jar
2025-07-30 10:06:30,450 [Worker-27: Launching mavenrun-e620eb44-b3ad-4a2d-b200-9223065fb07a] INFO  o.eclipse.m2e.core.internal.Bundles - 	Entry: C:\Users\BETU\.p2\pool\plugins\org.eclipse.m2e.maven.runtime_3.9.900.20240824-1409\jars\plexus-xml-3.0.1.jar
2025-07-30 10:06:30,450 [Worker-27: Launching mavenrun-e620eb44-b3ad-4a2d-b200-9223065fb07a] INFO  o.eclipse.m2e.core.internal.Bundles - 	Entry: C:\Users\BETU\.p2\pool\plugins\org.eclipse.m2e.maven.runtime_3.9.900.20240824-1409\jars\wagon-file-3.5.3.jar
2025-07-30 10:06:30,450 [Worker-27: Launching mavenrun-e620eb44-b3ad-4a2d-b200-9223065fb07a] INFO  o.eclipse.m2e.core.internal.Bundles - 	Entry: C:\Users\BETU\.p2\pool\plugins\org.eclipse.m2e.maven.runtime_3.9.900.20240824-1409\jars\wagon-http-3.5.3.jar
2025-07-30 10:06:30,450 [Worker-27: Launching mavenrun-e620eb44-b3ad-4a2d-b200-9223065fb07a] INFO  o.eclipse.m2e.core.internal.Bundles - 	Entry: C:\Users\BETU\.p2\pool\plugins\org.eclipse.m2e.maven.runtime_3.9.900.20240824-1409\jars\wagon-http-shared-3.5.3.jar
2025-07-30 10:06:30,451 [Worker-27: Launching mavenrun-e620eb44-b3ad-4a2d-b200-9223065fb07a] INFO  o.eclipse.m2e.core.internal.Bundles - 	Entry: C:\Users\BETU\.p2\pool\plugins\org.eclipse.m2e.maven.runtime_3.9.900.20240824-1409\jars\wagon-provider-api-3.5.3.jar
2025-07-30 10:06:30,453 [Worker-27: Launching mavenrun-e620eb44-b3ad-4a2d-b200-9223065fb07a] INFO  o.eclipse.m2e.core.internal.Bundles - getClasspathEntries(Bundle=com.google.guava_33.3.1.jre [16])
2025-07-30 10:06:30,454 [Worker-27: Launching mavenrun-e620eb44-b3ad-4a2d-b200-9223065fb07a] INFO  o.eclipse.m2e.core.internal.Bundles - 	Entry: C:\Users\BETU\.p2\pool\plugins\com.google.guava_33.3.1.jre.jar
2025-07-30 10:06:30,454 [Worker-27: Launching mavenrun-e620eb44-b3ad-4a2d-b200-9223065fb07a] INFO  o.eclipse.m2e.core.internal.Bundles - getClasspathEntries(Bundle=slf4j.api_2.0.16 [1005])
2025-07-30 10:06:30,455 [Worker-27: Launching mavenrun-e620eb44-b3ad-4a2d-b200-9223065fb07a] INFO  o.eclipse.m2e.core.internal.Bundles - 	Entry: C:\Users\BETU\.p2\pool\plugins\slf4j.api_2.0.16.jar
2025-07-30 10:06:30,455 [Worker-27: Launching mavenrun-e620eb44-b3ad-4a2d-b200-9223065fb07a] INFO  o.eclipse.m2e.core.internal.Bundles - getClasspathEntries(Bundle=jakarta.inject.jakarta.inject-api_1.0.5 [34])
2025-07-30 10:06:30,455 [Worker-27: Launching mavenrun-e620eb44-b3ad-4a2d-b200-9223065fb07a] INFO  o.eclipse.m2e.core.internal.Bundles - 	Entry: C:\Users\BETU\.p2\pool\plugins\jakarta.inject.jakarta.inject-api_1.0.5.jar
2025-07-30 10:06:30,456 [Worker-27: Launching mavenrun-e620eb44-b3ad-4a2d-b200-9223065fb07a] INFO  o.eclipse.m2e.core.internal.Bundles - getClasspathEntries(Bundle=jakarta.annotation-api_1.3.5 [29])
2025-07-30 10:06:30,456 [Worker-27: Launching mavenrun-e620eb44-b3ad-4a2d-b200-9223065fb07a] INFO  o.eclipse.m2e.core.internal.Bundles - 	Entry: C:\Users\BETU\.p2\pool\plugins\jakarta.annotation-api_1.3.5.jar
2025-07-30 10:06:30,456 [Worker-27: Launching mavenrun-e620eb44-b3ad-4a2d-b200-9223065fb07a] INFO  o.eclipse.m2e.core.internal.Bundles - getClasspathEntries(Bundle=org.apache.commons.cli_1.9.0 [75])
2025-07-30 10:06:30,457 [Worker-27: Launching mavenrun-e620eb44-b3ad-4a2d-b200-9223065fb07a] INFO  o.eclipse.m2e.core.internal.Bundles - 	Entry: C:\Users\BETU\.p2\pool\plugins\org.apache.commons.cli_1.9.0.jar
2025-07-30 10:06:30,457 [Worker-27: Launching mavenrun-e620eb44-b3ad-4a2d-b200-9223065fb07a] INFO  o.eclipse.m2e.core.internal.Bundles - getClasspathEntries(Bundle=org.apache.commons.commons-codec_1.16.0 [78])
2025-07-30 10:06:30,457 [Worker-27: Launching mavenrun-e620eb44-b3ad-4a2d-b200-9223065fb07a] INFO  o.eclipse.m2e.core.internal.Bundles - 	Entry: C:\Users\BETU\.p2\pool\plugins\org.apache.commons.commons-codec_1.16.0.jar
2025-07-30 10:06:30,457 [Worker-27: Launching mavenrun-e620eb44-b3ad-4a2d-b200-9223065fb07a] INFO  o.eclipse.m2e.core.internal.Bundles - getClasspathEntries(Bundle=com.google.guava.failureaccess_1.0.2 [17])
2025-07-30 10:06:30,459 [Worker-27: Launching mavenrun-e620eb44-b3ad-4a2d-b200-9223065fb07a] INFO  o.eclipse.m2e.core.internal.Bundles - 	Entry: C:\Users\BETU\.p2\pool\plugins\com.google.guava.failureaccess_1.0.2.jar
2025-07-30 10:06:30,466 [Worker-27: Launching mavenrun-e620eb44-b3ad-4a2d-b200-9223065fb07a] INFO  o.e.m.i.launch.MavenLaunchDelegate - Run build in "C:\Users\BETU\AppData\Local\Temp\m2e-archetypeGenerator7341248922552417077":
2025-07-30 10:06:30,472 [Worker-27: Launching mavenrun-e620eb44-b3ad-4a2d-b200-9223065fb07a] INFO  o.e.m.i.launch.MavenLaunchDelegate -  mvn  -DarchetypeGroupId=org.apache.maven.archetypes -DarchetypeArtifactId=maven-archetype-quickstart -DarchetypeVersion=1.1 -DgroupId=com.univ -DartifactId=HQL-btwn-less-inclose-agration -Dversion=0.0.1-SNAPSHOT -Dpackage=com.univ -DoutputDirectory=C:\Users\BETU\Desktop\coading\25june25jee\25june25jee -Dstyle.color=always -U archetype:generate
2025-07-30 10:06:37,815 [Worker-20: Creating maven-archetype-quickstart] INFO  o.e.m.c.i.p.ProjectConfigurationManager - Collecting project info '/pom.xml' C:\Users\BETU\Desktop\coading\25june25jee\25june25jee\HQL-btwn-less-inclose-agration\pom.xml
2025-07-30 10:06:39,792 [Worker-20: Creating maven-archetype-quickstart] INFO  o.e.m.c.i.l.LifecycleMappingFactory - Using org.eclipse.m2e.jdt.JarLifecycleMapping lifecycle mapping for MavenProject: com.univ:HQL-btwn-less-inclose-agration:0.0.1-SNAPSHOT @ C:\Users\BETU\Desktop\coading\25june25jee\25june25jee\HQL-btwn-less-inclose-agration\pom.xml.
2025-07-30 10:06:41,222 [Worker-20: Creating maven-archetype-quickstart] INFO  o.e.m.j.i.AbstractJavaProjectConfigurator - Adding source folder /HQL-btwn-less-inclose-agration/src/main/java
2025-07-30 10:06:41,225 [Worker-20: Creating maven-archetype-quickstart] INFO  o.e.m.j.i.AbstractJavaProjectConfigurator - Adding resource folder /HQL-btwn-less-inclose-agration/src/main/resources
2025-07-30 10:06:41,234 [Worker-20: Creating maven-archetype-quickstart] INFO  o.e.m.j.i.AbstractJavaProjectConfigurator - Adding source folder /HQL-btwn-less-inclose-agration/src/test/java
2025-07-30 10:06:41,235 [Worker-20: Creating maven-archetype-quickstart] INFO  o.e.m.j.i.AbstractJavaProjectConfigurator - Adding resource folder /HQL-btwn-less-inclose-agration/src/test/resources
2025-07-30 10:06:41,384 [Worker-20: Creating maven-archetype-quickstart] INFO  o.e.m.c.i.p.ProjectConfigurationManager - Imported and configured 1 project(s) in 3 sec
2025-07-30 10:06:41,793 [Worker-27: Building] INFO  o.a.m.s.f.DefaultMavenResourcesFiltering - skip non existing resourceDirectory C:\Users\BETU\Desktop\coading\25june25jee\25june25jee\HQL-btwn-less-inclose-agration\src\main\resources
2025-07-30 10:06:41,800 [Worker-27: Building] INFO  o.a.m.s.f.DefaultMavenResourcesFiltering - skip non existing resourceDirectory C:\Users\BETU\Desktop\coading\25june25jee\25june25jee\HQL-btwn-less-inclose-agration\src\test\resources
2025-07-30 10:27:18,568 [Worker-37: Launching mavenrun-c9cccddb-9252-470c-b483-b015051c7763] INFO  o.eclipse.m2e.core.internal.Bundles - getClasspathEntries(Bundle=org.eclipse.m2e.maven.runtime_3.9.900.20240824-1409 [638])
2025-07-30 10:27:18,571 [Worker-37: Launching mavenrun-c9cccddb-9252-470c-b483-b015051c7763] INFO  o.eclipse.m2e.core.internal.Bundles - 	Entry: C:\Users\BETU\.p2\pool\plugins\org.eclipse.m2e.maven.runtime_3.9.900.20240824-1409
2025-07-30 10:27:18,571 [Worker-37: Launching mavenrun-c9cccddb-9252-470c-b483-b015051c7763] INFO  o.eclipse.m2e.core.internal.Bundles - 	Entry: C:\Users\BETU\.p2\pool\plugins\org.eclipse.m2e.maven.runtime_3.9.900.20240824-1409\jars\aopalliance-1.0.jar
2025-07-30 10:27:18,572 [Worker-37: Launching mavenrun-c9cccddb-9252-470c-b483-b015051c7763] INFO  o.eclipse.m2e.core.internal.Bundles - 	Entry: C:\Users\BETU\.p2\pool\plugins\org.eclipse.m2e.maven.runtime_3.9.900.20240824-1409\jars\guice-5.1.0.jar
2025-07-30 10:27:18,573 [Worker-37: Launching mavenrun-c9cccddb-9252-470c-b483-b015051c7763] INFO  o.eclipse.m2e.core.internal.Bundles - 	Entry: C:\Users\BETU\.p2\pool\plugins\org.eclipse.m2e.maven.runtime_3.9.900.20240824-1409\jars\httpclient-4.5.14.jar
2025-07-30 10:27:18,573 [Worker-37: Launching mavenrun-c9cccddb-9252-470c-b483-b015051c7763] INFO  o.eclipse.m2e.core.internal.Bundles - 	Entry: C:\Users\BETU\.p2\pool\plugins\org.eclipse.m2e.maven.runtime_3.9.900.20240824-1409\jars\httpcore-4.4.16.jar
2025-07-30 10:27:18,574 [Worker-37: Launching mavenrun-c9cccddb-9252-470c-b483-b015051c7763] INFO  o.eclipse.m2e.core.internal.Bundles - 	Entry: C:\Users\BETU\.p2\pool\plugins\org.eclipse.m2e.maven.runtime_3.9.900.20240824-1409\jars\jansi-2.4.1.jar
2025-07-30 10:27:18,575 [Worker-37: Launching mavenrun-c9cccddb-9252-470c-b483-b015051c7763] INFO  o.eclipse.m2e.core.internal.Bundles - 	Entry: C:\Users\BETU\.p2\pool\plugins\org.eclipse.m2e.maven.runtime_3.9.900.20240824-1409\jars\jcl-over-slf4j-1.7.36.jar
2025-07-30 10:27:18,576 [Worker-37: Launching mavenrun-c9cccddb-9252-470c-b483-b015051c7763] INFO  o.eclipse.m2e.core.internal.Bundles - 	Entry: C:\Users\BETU\.p2\pool\plugins\org.eclipse.m2e.maven.runtime_3.9.900.20240824-1409\jars\maven-artifact-3.9.9.jar
2025-07-30 10:27:18,577 [Worker-37: Launching mavenrun-c9cccddb-9252-470c-b483-b015051c7763] INFO  o.eclipse.m2e.core.internal.Bundles - 	Entry: C:\Users\BETU\.p2\pool\plugins\org.eclipse.m2e.maven.runtime_3.9.900.20240824-1409\jars\maven-builder-support-3.9.9.jar
2025-07-30 10:27:18,577 [Worker-37: Launching mavenrun-c9cccddb-9252-470c-b483-b015051c7763] INFO  o.eclipse.m2e.core.internal.Bundles - 	Entry: C:\Users\BETU\.p2\pool\plugins\org.eclipse.m2e.maven.runtime_3.9.900.20240824-1409\jars\maven-compat-3.9.9.jar
2025-07-30 10:27:18,578 [Worker-37: Launching mavenrun-c9cccddb-9252-470c-b483-b015051c7763] INFO  o.eclipse.m2e.core.internal.Bundles - 	Entry: C:\Users\BETU\.p2\pool\plugins\org.eclipse.m2e.maven.runtime_3.9.900.20240824-1409\jars\maven-core-3.9.9.jar
2025-07-30 10:27:18,578 [Worker-37: Launching mavenrun-c9cccddb-9252-470c-b483-b015051c7763] INFO  o.eclipse.m2e.core.internal.Bundles - 	Entry: C:\Users\BETU\.p2\pool\plugins\org.eclipse.m2e.maven.runtime_3.9.900.20240824-1409\jars\maven-embedder-3.9.9.jar
2025-07-30 10:27:18,578 [Worker-37: Launching mavenrun-c9cccddb-9252-470c-b483-b015051c7763] INFO  o.eclipse.m2e.core.internal.Bundles - 	Entry: C:\Users\BETU\.p2\pool\plugins\org.eclipse.m2e.maven.runtime_3.9.900.20240824-1409\jars\maven-model-3.9.9.jar
2025-07-30 10:27:18,579 [Worker-37: Launching mavenrun-c9cccddb-9252-470c-b483-b015051c7763] INFO  o.eclipse.m2e.core.internal.Bundles - 	Entry: C:\Users\BETU\.p2\pool\plugins\org.eclipse.m2e.maven.runtime_3.9.900.20240824-1409\jars\maven-model-builder-3.9.9.jar
2025-07-30 10:27:18,579 [Worker-37: Launching mavenrun-c9cccddb-9252-470c-b483-b015051c7763] INFO  o.eclipse.m2e.core.internal.Bundles - 	Entry: C:\Users\BETU\.p2\pool\plugins\org.eclipse.m2e.maven.runtime_3.9.900.20240824-1409\jars\maven-plugin-api-3.9.9.jar
2025-07-30 10:27:18,579 [Worker-37: Launching mavenrun-c9cccddb-9252-470c-b483-b015051c7763] INFO  o.eclipse.m2e.core.internal.Bundles - 	Entry: C:\Users\BETU\.p2\pool\plugins\org.eclipse.m2e.maven.runtime_3.9.900.20240824-1409\jars\maven-repository-metadata-3.9.9.jar
2025-07-30 10:27:18,580 [Worker-37: Launching mavenrun-c9cccddb-9252-470c-b483-b015051c7763] INFO  o.eclipse.m2e.core.internal.Bundles - 	Entry: C:\Users\BETU\.p2\pool\plugins\org.eclipse.m2e.maven.runtime_3.9.900.20240824-1409\jars\maven-resolver-api-1.9.22.jar
2025-07-30 10:27:18,580 [Worker-37: Launching mavenrun-c9cccddb-9252-470c-b483-b015051c7763] INFO  o.eclipse.m2e.core.internal.Bundles - 	Entry: C:\Users\BETU\.p2\pool\plugins\org.eclipse.m2e.maven.runtime_3.9.900.20240824-1409\jars\maven-resolver-connector-basic-1.9.22.jar
2025-07-30 10:27:18,580 [Worker-37: Launching mavenrun-c9cccddb-9252-470c-b483-b015051c7763] INFO  o.eclipse.m2e.core.internal.Bundles - 	Entry: C:\Users\BETU\.p2\pool\plugins\org.eclipse.m2e.maven.runtime_3.9.900.20240824-1409\jars\maven-resolver-impl-1.9.22.jar
2025-07-30 10:27:18,581 [Worker-37: Launching mavenrun-c9cccddb-9252-470c-b483-b015051c7763] INFO  o.eclipse.m2e.core.internal.Bundles - 	Entry: C:\Users\BETU\.p2\pool\plugins\org.eclipse.m2e.maven.runtime_3.9.900.20240824-1409\jars\maven-resolver-named-locks-1.9.22.jar
2025-07-30 10:27:18,581 [Worker-37: Launching mavenrun-c9cccddb-9252-470c-b483-b015051c7763] INFO  o.eclipse.m2e.core.internal.Bundles - 	Entry: C:\Users\BETU\.p2\pool\plugins\org.eclipse.m2e.maven.runtime_3.9.900.20240824-1409\jars\maven-resolver-provider-3.9.9.jar
2025-07-30 10:27:18,581 [Worker-37: Launching mavenrun-c9cccddb-9252-470c-b483-b015051c7763] INFO  o.eclipse.m2e.core.internal.Bundles - 	Entry: C:\Users\BETU\.p2\pool\plugins\org.eclipse.m2e.maven.runtime_3.9.900.20240824-1409\jars\maven-resolver-spi-1.9.22.jar
2025-07-30 10:27:18,582 [Worker-37: Launching mavenrun-c9cccddb-9252-470c-b483-b015051c7763] INFO  o.eclipse.m2e.core.internal.Bundles - 	Entry: C:\Users\BETU\.p2\pool\plugins\org.eclipse.m2e.maven.runtime_3.9.900.20240824-1409\jars\maven-resolver-transport-file-1.9.22.jar
2025-07-30 10:27:18,582 [Worker-37: Launching mavenrun-c9cccddb-9252-470c-b483-b015051c7763] INFO  o.eclipse.m2e.core.internal.Bundles - 	Entry: C:\Users\BETU\.p2\pool\plugins\org.eclipse.m2e.maven.runtime_3.9.900.20240824-1409\jars\maven-resolver-transport-http-1.9.22.jar
2025-07-30 10:27:18,582 [Worker-37: Launching mavenrun-c9cccddb-9252-470c-b483-b015051c7763] INFO  o.eclipse.m2e.core.internal.Bundles - 	Entry: C:\Users\BETU\.p2\pool\plugins\org.eclipse.m2e.maven.runtime_3.9.900.20240824-1409\jars\maven-resolver-transport-wagon-1.9.22.jar
2025-07-30 10:27:18,582 [Worker-37: Launching mavenrun-c9cccddb-9252-470c-b483-b015051c7763] INFO  o.eclipse.m2e.core.internal.Bundles - 	Entry: C:\Users\BETU\.p2\pool\plugins\org.eclipse.m2e.maven.runtime_3.9.900.20240824-1409\jars\maven-resolver-util-1.9.22.jar
2025-07-30 10:27:18,583 [Worker-37: Launching mavenrun-c9cccddb-9252-470c-b483-b015051c7763] INFO  o.eclipse.m2e.core.internal.Bundles - 	Entry: C:\Users\BETU\.p2\pool\plugins\org.eclipse.m2e.maven.runtime_3.9.900.20240824-1409\jars\maven-settings-3.9.9.jar
2025-07-30 10:27:18,583 [Worker-37: Launching mavenrun-c9cccddb-9252-470c-b483-b015051c7763] INFO  o.eclipse.m2e.core.internal.Bundles - 	Entry: C:\Users\BETU\.p2\pool\plugins\org.eclipse.m2e.maven.runtime_3.9.900.20240824-1409\jars\maven-settings-builder-3.9.9.jar
2025-07-30 10:27:18,584 [Worker-37: Launching mavenrun-c9cccddb-9252-470c-b483-b015051c7763] INFO  o.eclipse.m2e.core.internal.Bundles - 	Entry: C:\Users\BETU\.p2\pool\plugins\org.eclipse.m2e.maven.runtime_3.9.900.20240824-1409\jars\maven-shared-utils-3.4.2.jar
2025-07-30 10:27:18,584 [Worker-37: Launching mavenrun-c9cccddb-9252-470c-b483-b015051c7763] INFO  o.eclipse.m2e.core.internal.Bundles - 	Entry: C:\Users\BETU\.p2\pool\plugins\org.eclipse.m2e.maven.runtime_3.9.900.20240824-1409\jars\org.eclipse.sisu.inject-0.9.0.M3.jar
2025-07-30 10:27:18,584 [Worker-37: Launching mavenrun-c9cccddb-9252-470c-b483-b015051c7763] INFO  o.eclipse.m2e.core.internal.Bundles - 	Entry: C:\Users\BETU\.p2\pool\plugins\org.eclipse.m2e.maven.runtime_3.9.900.20240824-1409\jars\org.eclipse.sisu.plexus-0.9.0.M3.jar
2025-07-30 10:27:18,585 [Worker-37: Launching mavenrun-c9cccddb-9252-470c-b483-b015051c7763] INFO  o.eclipse.m2e.core.internal.Bundles - 	Entry: C:\Users\BETU\.p2\pool\plugins\org.eclipse.m2e.maven.runtime_3.9.900.20240824-1409\jars\plexus-build-api-0.0.7.jar
2025-07-30 10:27:18,585 [Worker-37: Launching mavenrun-c9cccddb-9252-470c-b483-b015051c7763] INFO  o.eclipse.m2e.core.internal.Bundles - 	Entry: C:\Users\BETU\.p2\pool\plugins\org.eclipse.m2e.maven.runtime_3.9.900.20240824-1409\jars\plexus-build-api-1.2.0.jar
2025-07-30 10:27:18,585 [Worker-37: Launching mavenrun-c9cccddb-9252-470c-b483-b015051c7763] INFO  o.eclipse.m2e.core.internal.Bundles - 	Entry: C:\Users\BETU\.p2\pool\plugins\org.eclipse.m2e.maven.runtime_3.9.900.20240824-1409\jars\plexus-cipher-2.0.jar
2025-07-30 10:27:18,586 [Worker-37: Launching mavenrun-c9cccddb-9252-470c-b483-b015051c7763] INFO  o.eclipse.m2e.core.internal.Bundles - 	Entry: C:\Users\BETU\.p2\pool\plugins\org.eclipse.m2e.maven.runtime_3.9.900.20240824-1409\jars\plexus-classworlds-2.8.0.jar
2025-07-30 10:27:18,586 [Worker-37: Launching mavenrun-c9cccddb-9252-470c-b483-b015051c7763] INFO  o.eclipse.m2e.core.internal.Bundles - 	Entry: C:\Users\BETU\.p2\pool\plugins\org.eclipse.m2e.maven.runtime_3.9.900.20240824-1409\jars\plexus-component-annotations-2.1.0.jar
2025-07-30 10:27:18,586 [Worker-37: Launching mavenrun-c9cccddb-9252-470c-b483-b015051c7763] INFO  o.eclipse.m2e.core.internal.Bundles - 	Entry: C:\Users\BETU\.p2\pool\plugins\org.eclipse.m2e.maven.runtime_3.9.900.20240824-1409\jars\plexus-interpolation-1.27.jar
2025-07-30 10:27:18,586 [Worker-37: Launching mavenrun-c9cccddb-9252-470c-b483-b015051c7763] INFO  o.eclipse.m2e.core.internal.Bundles - 	Entry: C:\Users\BETU\.p2\pool\plugins\org.eclipse.m2e.maven.runtime_3.9.900.20240824-1409\jars\plexus-sec-dispatcher-2.0.jar
2025-07-30 10:27:18,587 [Worker-37: Launching mavenrun-c9cccddb-9252-470c-b483-b015051c7763] INFO  o.eclipse.m2e.core.internal.Bundles - 	Entry: C:\Users\BETU\.p2\pool\plugins\org.eclipse.m2e.maven.runtime_3.9.900.20240824-1409\jars\plexus-utils-3.5.1.jar
2025-07-30 10:27:18,587 [Worker-37: Launching mavenrun-c9cccddb-9252-470c-b483-b015051c7763] INFO  o.eclipse.m2e.core.internal.Bundles - 	Entry: C:\Users\BETU\.p2\pool\plugins\org.eclipse.m2e.maven.runtime_3.9.900.20240824-1409\jars\plexus-xml-3.0.1.jar
2025-07-30 10:27:18,587 [Worker-37: Launching mavenrun-c9cccddb-9252-470c-b483-b015051c7763] INFO  o.eclipse.m2e.core.internal.Bundles - 	Entry: C:\Users\BETU\.p2\pool\plugins\org.eclipse.m2e.maven.runtime_3.9.900.20240824-1409\jars\wagon-file-3.5.3.jar
2025-07-30 10:27:18,588 [Worker-37: Launching mavenrun-c9cccddb-9252-470c-b483-b015051c7763] INFO  o.eclipse.m2e.core.internal.Bundles - 	Entry: C:\Users\BETU\.p2\pool\plugins\org.eclipse.m2e.maven.runtime_3.9.900.20240824-1409\jars\wagon-http-3.5.3.jar
2025-07-30 10:27:18,588 [Worker-37: Launching mavenrun-c9cccddb-9252-470c-b483-b015051c7763] INFO  o.eclipse.m2e.core.internal.Bundles - 	Entry: C:\Users\BETU\.p2\pool\plugins\org.eclipse.m2e.maven.runtime_3.9.900.20240824-1409\jars\wagon-http-shared-3.5.3.jar
2025-07-30 10:27:18,588 [Worker-37: Launching mavenrun-c9cccddb-9252-470c-b483-b015051c7763] INFO  o.eclipse.m2e.core.internal.Bundles - 	Entry: C:\Users\BETU\.p2\pool\plugins\org.eclipse.m2e.maven.runtime_3.9.900.20240824-1409\jars\wagon-provider-api-3.5.3.jar
2025-07-30 10:27:18,589 [Worker-37: Launching mavenrun-c9cccddb-9252-470c-b483-b015051c7763] INFO  o.eclipse.m2e.core.internal.Bundles - getClasspathEntries(Bundle=com.google.guava_33.3.1.jre [16])
2025-07-30 10:27:18,589 [Worker-37: Launching mavenrun-c9cccddb-9252-470c-b483-b015051c7763] INFO  o.eclipse.m2e.core.internal.Bundles - 	Entry: C:\Users\BETU\.p2\pool\plugins\com.google.guava_33.3.1.jre.jar
2025-07-30 10:27:18,589 [Worker-37: Launching mavenrun-c9cccddb-9252-470c-b483-b015051c7763] INFO  o.eclipse.m2e.core.internal.Bundles - getClasspathEntries(Bundle=slf4j.api_2.0.16 [1005])
2025-07-30 10:27:18,590 [Worker-37: Launching mavenrun-c9cccddb-9252-470c-b483-b015051c7763] INFO  o.eclipse.m2e.core.internal.Bundles - 	Entry: C:\Users\BETU\.p2\pool\plugins\slf4j.api_2.0.16.jar
2025-07-30 10:27:18,590 [Worker-37: Launching mavenrun-c9cccddb-9252-470c-b483-b015051c7763] INFO  o.eclipse.m2e.core.internal.Bundles - getClasspathEntries(Bundle=jakarta.inject.jakarta.inject-api_1.0.5 [34])
2025-07-30 10:27:18,591 [Worker-37: Launching mavenrun-c9cccddb-9252-470c-b483-b015051c7763] INFO  o.eclipse.m2e.core.internal.Bundles - 	Entry: C:\Users\BETU\.p2\pool\plugins\jakarta.inject.jakarta.inject-api_1.0.5.jar
2025-07-30 10:27:18,592 [Worker-37: Launching mavenrun-c9cccddb-9252-470c-b483-b015051c7763] INFO  o.eclipse.m2e.core.internal.Bundles - getClasspathEntries(Bundle=jakarta.annotation-api_1.3.5 [29])
2025-07-30 10:27:18,592 [Worker-37: Launching mavenrun-c9cccddb-9252-470c-b483-b015051c7763] INFO  o.eclipse.m2e.core.internal.Bundles - 	Entry: C:\Users\BETU\.p2\pool\plugins\jakarta.annotation-api_1.3.5.jar
2025-07-30 10:27:18,592 [Worker-37: Launching mavenrun-c9cccddb-9252-470c-b483-b015051c7763] INFO  o.eclipse.m2e.core.internal.Bundles - getClasspathEntries(Bundle=org.apache.commons.cli_1.9.0 [75])
2025-07-30 10:27:18,593 [Worker-37: Launching mavenrun-c9cccddb-9252-470c-b483-b015051c7763] INFO  o.eclipse.m2e.core.internal.Bundles - 	Entry: C:\Users\BETU\.p2\pool\plugins\org.apache.commons.cli_1.9.0.jar
2025-07-30 10:27:18,593 [Worker-37: Launching mavenrun-c9cccddb-9252-470c-b483-b015051c7763] INFO  o.eclipse.m2e.core.internal.Bundles - getClasspathEntries(Bundle=org.apache.commons.commons-codec_1.16.0 [78])
2025-07-30 10:27:18,594 [Worker-37: Launching mavenrun-c9cccddb-9252-470c-b483-b015051c7763] INFO  o.eclipse.m2e.core.internal.Bundles - 	Entry: C:\Users\BETU\.p2\pool\plugins\org.apache.commons.commons-codec_1.16.0.jar
2025-07-30 10:27:18,594 [Worker-37: Launching mavenrun-c9cccddb-9252-470c-b483-b015051c7763] INFO  o.eclipse.m2e.core.internal.Bundles - getClasspathEntries(Bundle=com.google.guava.failureaccess_1.0.2 [17])
2025-07-30 10:27:18,594 [Worker-37: Launching mavenrun-c9cccddb-9252-470c-b483-b015051c7763] INFO  o.eclipse.m2e.core.internal.Bundles - 	Entry: C:\Users\BETU\.p2\pool\plugins\com.google.guava.failureaccess_1.0.2.jar
2025-07-30 10:27:18,597 [Worker-37: Launching mavenrun-c9cccddb-9252-470c-b483-b015051c7763] INFO  o.e.m.i.launch.MavenLaunchDelegate - Run build in "C:\Users\BETU\AppData\Local\Temp\m2e-archetypeGenerator2251575087587566517":
2025-07-30 10:27:18,597 [Worker-37: Launching mavenrun-c9cccddb-9252-470c-b483-b015051c7763] INFO  o.e.m.i.launch.MavenLaunchDelegate -  mvn  -DarchetypeGroupId=org.apache.maven.archetypes -DarchetypeArtifactId=maven-archetype-quickstart -DarchetypeVersion=1.1 -DgroupId=com.univ -DartifactId=HQL-beetween-test -Dversion=0.0.1-SNAPSHOT -Dpackage=com.univ -DoutputDirectory=C:\Users\BETU\Desktop\coading\25june25jee\25june25jee -Dstyle.color=always -U archetype:generate
2025-07-30 10:29:16,002 [Worker-36: Creating maven-archetype-quickstart] INFO  o.e.m.c.i.p.ProjectConfigurationManager - Collecting project info '/pom.xml' C:\Users\BETU\Desktop\coading\25june25jee\25june25jee\HQL-beetween-test\pom.xml
2025-07-30 10:29:16,086 [Worker-36: Creating maven-archetype-quickstart] INFO  o.e.m.c.i.l.LifecycleMappingFactory - Using org.eclipse.m2e.jdt.JarLifecycleMapping lifecycle mapping for MavenProject: com.univ:HQL-beetween-test:0.0.1-SNAPSHOT @ C:\Users\BETU\Desktop\coading\25june25jee\25june25jee\HQL-beetween-test\pom.xml.
2025-07-30 10:29:16,135 [Worker-36: Creating maven-archetype-quickstart] INFO  o.e.m.j.i.AbstractJavaProjectConfigurator - Adding source folder /HQL-beetween-test/src/main/java
2025-07-30 10:29:16,138 [Worker-36: Creating maven-archetype-quickstart] INFO  o.e.m.j.i.AbstractJavaProjectConfigurator - Adding resource folder /HQL-beetween-test/src/main/resources
2025-07-30 10:29:16,141 [Worker-36: Creating maven-archetype-quickstart] INFO  o.e.m.j.i.AbstractJavaProjectConfigurator - Adding source folder /HQL-beetween-test/src/test/java
2025-07-30 10:29:16,142 [Worker-36: Creating maven-archetype-quickstart] INFO  o.e.m.j.i.AbstractJavaProjectConfigurator - Adding resource folder /HQL-beetween-test/src/test/resources
2025-07-30 10:29:16,173 [Worker-36: Creating maven-archetype-quickstart] INFO  o.e.m.c.i.p.ProjectConfigurationManager - Imported and configured 1 project(s) in 0 sec
2025-07-30 10:29:16,432 [Worker-38: Building] INFO  o.a.m.s.f.DefaultMavenResourcesFiltering - skip non existing resourceDirectory C:\Users\BETU\Desktop\coading\25june25jee\25june25jee\HQL-beetween-test\src\main\resources
2025-07-30 10:29:16,434 [Worker-38: Building] INFO  o.a.m.s.f.DefaultMavenResourcesFiltering - skip non existing resourceDirectory C:\Users\BETU\Desktop\coading\25june25jee\25june25jee\HQL-beetween-test\src\test\resources
2025-07-30 10:32:35,854 [Worker-45: Building] INFO  o.e.m.c.i.l.LifecycleMappingFactory - Using org.eclipse.m2e.jdt.JarLifecycleMapping lifecycle mapping for MavenProject: com.univ:HQL-btwn-less-inclose-agration:0.0.1-SNAPSHOT @ C:\Users\BETU\Desktop\coading\25june25jee\25june25jee\HQL-btwn-less-inclose-agration\pom.xml.
2025-07-30 10:32:36,412 [Worker-45: Building] INFO  o.a.m.s.f.DefaultMavenResourcesFiltering - skip non existing resourceDirectory C:\Users\BETU\Desktop\coading\25june25jee\25june25jee\HQL-btwn-less-inclose-agration\src\main\resources
2025-07-30 10:32:36,418 [Worker-45: Building] INFO  o.a.m.s.f.DefaultMavenResourcesFiltering - skip non existing resourceDirectory C:\Users\BETU\Desktop\coading\25june25jee\25june25jee\HQL-btwn-less-inclose-agration\src\test\resources
2025-07-30 10:32:36,653 [Worker-38: Building] INFO  o.a.m.s.f.DefaultMavenResourcesFiltering - skip non existing resourceDirectory C:\Users\BETU\Desktop\coading\25june25jee\25june25jee\HQL-btwn-less-inclose-agration\src\main\resources
2025-07-30 10:32:36,655 [Worker-38: Building] INFO  o.a.m.s.f.DefaultMavenResourcesFiltering - skip non existing resourceDirectory C:\Users\BETU\Desktop\coading\25june25jee\25june25jee\HQL-btwn-less-inclose-agration\src\test\resources
2025-07-30 10:33:07,607 [Worker-45: Building] INFO  o.a.m.s.f.DefaultMavenResourcesFiltering - skip non existing resourceDirectory C:\Users\BETU\Desktop\coading\25june25jee\25june25jee\HQL-btwn-less-inclose-agration\src\main\resources
2025-07-30 10:33:07,609 [Worker-45: Building] INFO  o.a.m.s.f.DefaultMavenResourcesFiltering - skip non existing resourceDirectory C:\Users\BETU\Desktop\coading\25june25jee\25june25jee\HQL-btwn-less-inclose-agration\src\test\resources
2025-07-30 10:33:33,601 [Worker-38: Building] INFO  o.a.m.s.f.DefaultMavenResourcesFiltering - skip non existing resourceDirectory C:\Users\BETU\Desktop\coading\25june25jee\25june25jee\HQL-btwn-less-inclose-agration\src\main\resources
2025-07-30 10:33:33,604 [Worker-38: Building] INFO  o.a.m.s.f.DefaultMavenResourcesFiltering - skip non existing resourceDirectory C:\Users\BETU\Desktop\coading\25june25jee\25june25jee\HQL-btwn-less-inclose-agration\src\test\resources
2025-07-30 10:58:33,222 [Worker-54: Building] INFO  o.a.m.s.f.DefaultMavenResourcesFiltering - skip non existing resourceDirectory C:\Users\BETU\Desktop\coading\25june25jee\25june25jee\HQL-btwn-less-inclose-agration\src\main\resources
2025-07-30 10:58:33,226 [Worker-54: Building] INFO  o.a.m.s.f.DefaultMavenResourcesFiltering - skip non existing resourceDirectory C:\Users\BETU\Desktop\coading\25june25jee\25june25jee\HQL-btwn-less-inclose-agration\src\test\resources
2025-07-30 10:59:21,566 [Worker-56: Building] INFO  o.a.m.s.f.DefaultMavenResourcesFiltering - skip non existing resourceDirectory C:\Users\BETU\Desktop\coading\25june25jee\25june25jee\HQL-btwn-less-inclose-agration\src\main\resources
2025-07-30 10:59:21,568 [Worker-56: Building] INFO  o.a.m.s.f.DefaultMavenResourcesFiltering - skip non existing resourceDirectory C:\Users\BETU\Desktop\coading\25june25jee\25june25jee\HQL-btwn-less-inclose-agration\src\test\resources
2025-07-30 10:59:52,779 [Start Help Server] INFO  org.eclipse.jetty.server.Server - jetty-12.0.15; built: 2024-11-05T19:44:57.623Z; git: 8281ae9740d4b4225e8166cc476bad237c70213a; jvm 23.0.2+7-58
2025-07-30 10:59:52,858 [Start Help Server] INFO  o.e.j.server.handler.ContextHandler - Started oeje8n.ContextHandler$CoreContextHandler@6a4f0f63{/help,/help,b=null,a=AVAILABLE,h=oeje8n.ContextHandler$CoreContextHandler$CoreToNestedHandler@60d05282{STARTED}}
2025-07-30 10:59:52,860 [Start Help Server] INFO  o.e.j.s.DefaultSessionIdManager - Session workerName=node0
2025-07-30 10:59:52,903 [Start Help Server] INFO  o.e.jetty.server.AbstractConnector - Started ServerConnector@736ab9ec{HTTP/1.1, (http/1.1)}{127.0.0.1:63962}
2025-07-30 10:59:52,934 [Start Help Server] INFO  org.eclipse.jetty.server.Server - Started oejs.Server@35a6710a{STARTING}[12.0.15,sto=0] @3576584ms
2025-07-30 11:01:52,692 [Worker-53: Building] INFO  o.a.m.s.f.DefaultMavenResourcesFiltering - skip non existing resourceDirectory C:\Users\BETU\Desktop\coading\25june25jee\25june25jee\HQL-btwn-less-inclose-agration\src\main\resources
2025-07-30 11:01:52,696 [Worker-53: Building] INFO  o.a.m.s.f.DefaultMavenResourcesFiltering - skip non existing resourceDirectory C:\Users\BETU\Desktop\coading\25june25jee\25june25jee\HQL-btwn-less-inclose-agration\src\test\resources
2025-07-30 11:06:01,435 [Worker-55: Building] INFO  o.a.m.s.f.DefaultMavenResourcesFiltering - skip non existing resourceDirectory C:\Users\BETU\Desktop\coading\25june25jee\25june25jee\HQL-btwn-less-inclose-agration\src\main\resources
2025-07-30 11:06:01,439 [Worker-55: Building] INFO  o.a.m.s.f.DefaultMavenResourcesFiltering - skip non existing resourceDirectory C:\Users\BETU\Desktop\coading\25june25jee\25june25jee\HQL-btwn-less-inclose-agration\src\test\resources
2025-07-30 11:06:09,692 [Worker-53: Building] INFO  o.a.m.s.f.DefaultMavenResourcesFiltering - skip non existing resourceDirectory C:\Users\BETU\Desktop\coading\25june25jee\25june25jee\manytomany\src\main\resources
2025-07-30 11:06:09,693 [Worker-53: Building] INFO  o.a.m.s.f.DefaultMavenResourcesFiltering - skip non existing resourceDirectory C:\Users\BETU\Desktop\coading\25june25jee\25june25jee\manytomany\src\test\resources
2025-07-30 11:07:12,204 [Worker-53: Building] INFO  o.a.m.s.f.DefaultMavenResourcesFiltering - skip non existing resourceDirectory C:\Users\BETU\Desktop\coading\25june25jee\25june25jee\HQL-btwn-less-inclose-agration\src\main\resources
2025-07-30 11:07:12,213 [Worker-53: Building] INFO  o.a.m.s.f.DefaultMavenResourcesFiltering - skip non existing resourceDirectory C:\Users\BETU\Desktop\coading\25june25jee\25june25jee\HQL-btwn-less-inclose-agration\src\test\resources
2025-07-30 11:08:00,265 [Worker-56: Building] INFO  o.a.m.s.f.DefaultMavenResourcesFiltering - skip non existing resourceDirectory C:\Users\BETU\Desktop\coading\25june25jee\25june25jee\HQL-btwn-less-inclose-agration\src\main\resources
2025-07-30 11:08:00,267 [Worker-56: Building] INFO  o.a.m.s.f.DefaultMavenResourcesFiltering - skip non existing resourceDirectory C:\Users\BETU\Desktop\coading\25june25jee\25june25jee\HQL-btwn-less-inclose-agration\src\test\resources
2025-07-30 11:10:47,229 [Worker-59: Building] INFO  o.a.m.s.f.DefaultMavenResourcesFiltering - skip non existing resourceDirectory C:\Users\BETU\Desktop\coading\25june25jee\25june25jee\HQL-btwn-less-inclose-agration\src\main\resources
2025-07-30 11:10:47,231 [Worker-59: Building] INFO  o.a.m.s.f.DefaultMavenResourcesFiltering - skip non existing resourceDirectory C:\Users\BETU\Desktop\coading\25june25jee\25june25jee\HQL-btwn-less-inclose-agration\src\test\resources
2025-07-30 11:15:49,582 [Worker-58: Building] INFO  o.a.m.s.f.DefaultMavenResourcesFiltering - skip non existing resourceDirectory C:\Users\BETU\Desktop\coading\25june25jee\25june25jee\manytomany\src\main\resources
2025-07-30 11:15:49,583 [Worker-58: Building] INFO  o.a.m.s.f.DefaultMavenResourcesFiltering - skip non existing resourceDirectory C:\Users\BETU\Desktop\coading\25june25jee\25june25jee\manytomany\src\test\resources
2025-07-30 11:16:39,632 [Worker-59: Building] INFO  o.a.m.s.f.DefaultMavenResourcesFiltering - skip non existing resourceDirectory C:\Users\BETU\Desktop\coading\25june25jee\25june25jee\HQL-btwn-less-inclose-agration\src\main\resources
2025-07-30 11:16:39,635 [Worker-59: Building] INFO  o.a.m.s.f.DefaultMavenResourcesFiltering - skip non existing resourceDirectory C:\Users\BETU\Desktop\coading\25june25jee\25june25jee\HQL-btwn-less-inclose-agration\src\test\resources
2025-07-30 11:16:53,382 [Worker-54: Building] INFO  o.a.m.s.f.DefaultMavenResourcesFiltering - skip non existing resourceDirectory C:\Users\BETU\Desktop\coading\25june25jee\25june25jee\HQL-btwn-less-inclose-agration\src\main\resources
2025-07-30 11:16:53,385 [Worker-54: Building] INFO  o.a.m.s.f.DefaultMavenResourcesFiltering - skip non existing resourceDirectory C:\Users\BETU\Desktop\coading\25june25jee\25june25jee\HQL-btwn-less-inclose-agration\src\test\resources
2025-07-30 11:17:01,417 [Worker-59: Building] INFO  o.a.m.s.f.DefaultMavenResourcesFiltering - skip non existing resourceDirectory C:\Users\BETU\Desktop\coading\25june25jee\25june25jee\HQL-btwn-less-inclose-agration\src\main\resources
2025-07-30 11:17:01,420 [Worker-59: Building] INFO  o.a.m.s.f.DefaultMavenResourcesFiltering - skip non existing resourceDirectory C:\Users\BETU\Desktop\coading\25june25jee\25june25jee\HQL-btwn-less-inclose-agration\src\test\resources
2025-07-30 11:22:18,027 [Worker-62: Building] INFO  o.a.m.s.f.DefaultMavenResourcesFiltering - skip non existing resourceDirectory C:\Users\BETU\Desktop\coading\25june25jee\25june25jee\HQL-btwn-less-inclose-agration\src\main\resources
2025-07-30 11:22:18,029 [Worker-62: Building] INFO  o.a.m.s.f.DefaultMavenResourcesFiltering - skip non existing resourceDirectory C:\Users\BETU\Desktop\coading\25june25jee\25june25jee\HQL-btwn-less-inclose-agration\src\test\resources
2025-07-30 11:23:47,681 [Worker-63: Building] INFO  o.a.m.s.f.DefaultMavenResourcesFiltering - skip non existing resourceDirectory C:\Users\BETU\Desktop\coading\25june25jee\25june25jee\HQL-btwn-less-inclose-agration\src\main\resources
2025-07-30 11:23:47,685 [Worker-63: Building] INFO  o.a.m.s.f.DefaultMavenResourcesFiltering - skip non existing resourceDirectory C:\Users\BETU\Desktop\coading\25june25jee\25june25jee\HQL-btwn-less-inclose-agration\src\test\resources
2025-07-30 13:28:37,713 [Worker-82: Building] INFO  o.a.m.s.f.DefaultMavenResourcesFiltering - skip non existing resourceDirectory C:\Users\BETU\Desktop\coading\25june25jee\25june25jee\HQL-btwn-less-inclose-agration\src\main\resources
2025-07-30 13:28:37,717 [Worker-82: Building] INFO  o.a.m.s.f.DefaultMavenResourcesFiltering - skip non existing resourceDirectory C:\Users\BETU\Desktop\coading\25june25jee\25june25jee\HQL-btwn-less-inclose-agration\src\test\resources
2025-07-30 13:28:40,894 [Stop Help Server] INFO  org.eclipse.jetty.server.Server - Stopped oejs.Server@35a6710a{STOPPING}[12.0.15,sto=0]
2025-07-30 13:28:40,901 [Stop Help Server] INFO  o.e.jetty.server.AbstractConnector - Stopped ServerConnector@736ab9ec{HTTP/1.1, (http/1.1)}{127.0.0.1:0}
2025-08-12 13:15:32,547 [Worker-1: Loading available Gradle versions] INFO  o.e.b.c.i.u.g.PublishedGradleVersions - Gradle version information cache is out-of-date. Trying to update.
2025-08-12 13:24:12,299 [Worker-4: Loading available Gradle versions] INFO  o.e.b.c.i.u.g.PublishedGradleVersions - Gradle version information cache is up-to-date. Trying to read.
