2025-07-23 12:02:53,072 [Worker-6: Loading available Gradle versions] INFO  o.e.b.c.i.u.g.PublishedGradleVersions - Gradle version information cache is not available. Remote download required.
2025-07-23 12:04:44,452 [Worker-12: Launching mavenrun-3ed615f8-bdcc-45e7-9869-2657bb81853a] INFO  o.eclipse.m2e.core.internal.Bundles - getClasspathEntries(Bundle=org.eclipse.m2e.maven.runtime_3.9.900.20240824-1409 [638])
2025-07-23 12:04:44,459 [Worker-12: Launching mavenrun-3ed615f8-bdcc-45e7-9869-2657bb81853a] INFO  o.eclipse.m2e.core.internal.Bundles - 	Entry: C:\Users\BETU\.p2\pool\plugins\org.eclipse.m2e.maven.runtime_3.9.900.20240824-1409
2025-07-23 12:04:44,460 [Worker-12: Launching mavenrun-3ed615f8-bdcc-45e7-9869-2657bb81853a] INFO  o.eclipse.m2e.core.internal.Bundles - 	Entry: C:\Users\BETU\.p2\pool\plugins\org.eclipse.m2e.maven.runtime_3.9.900.20240824-1409\jars\aopalliance-1.0.jar
2025-07-23 12:04:44,461 [Worker-12: Launching mavenrun-3ed615f8-bdcc-45e7-9869-2657bb81853a] INFO  o.eclipse.m2e.core.internal.Bundles - 	Entry: C:\Users\BETU\.p2\pool\plugins\org.eclipse.m2e.maven.runtime_3.9.900.20240824-1409\jars\guice-5.1.0.jar
2025-07-23 12:04:44,461 [Worker-12: Launching mavenrun-3ed615f8-bdcc-45e7-9869-2657bb81853a] INFO  o.eclipse.m2e.core.internal.Bundles - 	Entry: C:\Users\BETU\.p2\pool\plugins\org.eclipse.m2e.maven.runtime_3.9.900.20240824-1409\jars\httpclient-4.5.14.jar
2025-07-23 12:04:44,461 [Worker-12: Launching mavenrun-3ed615f8-bdcc-45e7-9869-2657bb81853a] INFO  o.eclipse.m2e.core.internal.Bundles - 	Entry: C:\Users\BETU\.p2\pool\plugins\org.eclipse.m2e.maven.runtime_3.9.900.20240824-1409\jars\httpcore-4.4.16.jar
2025-07-23 12:04:44,461 [Worker-12: Launching mavenrun-3ed615f8-bdcc-45e7-9869-2657bb81853a] INFO  o.eclipse.m2e.core.internal.Bundles - 	Entry: C:\Users\BETU\.p2\pool\plugins\org.eclipse.m2e.maven.runtime_3.9.900.20240824-1409\jars\jansi-2.4.1.jar
2025-07-23 12:04:44,461 [Worker-12: Launching mavenrun-3ed615f8-bdcc-45e7-9869-2657bb81853a] INFO  o.eclipse.m2e.core.internal.Bundles - 	Entry: C:\Users\BETU\.p2\pool\plugins\org.eclipse.m2e.maven.runtime_3.9.900.20240824-1409\jars\jcl-over-slf4j-1.7.36.jar
2025-07-23 12:04:44,462 [Worker-12: Launching mavenrun-3ed615f8-bdcc-45e7-9869-2657bb81853a] INFO  o.eclipse.m2e.core.internal.Bundles - 	Entry: C:\Users\BETU\.p2\pool\plugins\org.eclipse.m2e.maven.runtime_3.9.900.20240824-1409\jars\maven-artifact-3.9.9.jar
2025-07-23 12:04:44,462 [Worker-12: Launching mavenrun-3ed615f8-bdcc-45e7-9869-2657bb81853a] INFO  o.eclipse.m2e.core.internal.Bundles - 	Entry: C:\Users\BETU\.p2\pool\plugins\org.eclipse.m2e.maven.runtime_3.9.900.20240824-1409\jars\maven-builder-support-3.9.9.jar
2025-07-23 12:04:44,462 [Worker-12: Launching mavenrun-3ed615f8-bdcc-45e7-9869-2657bb81853a] INFO  o.eclipse.m2e.core.internal.Bundles - 	Entry: C:\Users\BETU\.p2\pool\plugins\org.eclipse.m2e.maven.runtime_3.9.900.20240824-1409\jars\maven-compat-3.9.9.jar
2025-07-23 12:04:44,462 [Worker-12: Launching mavenrun-3ed615f8-bdcc-45e7-9869-2657bb81853a] INFO  o.eclipse.m2e.core.internal.Bundles - 	Entry: C:\Users\BETU\.p2\pool\plugins\org.eclipse.m2e.maven.runtime_3.9.900.20240824-1409\jars\maven-core-3.9.9.jar
2025-07-23 12:04:44,462 [Worker-12: Launching mavenrun-3ed615f8-bdcc-45e7-9869-2657bb81853a] INFO  o.eclipse.m2e.core.internal.Bundles - 	Entry: C:\Users\BETU\.p2\pool\plugins\org.eclipse.m2e.maven.runtime_3.9.900.20240824-1409\jars\maven-embedder-3.9.9.jar
2025-07-23 12:04:44,462 [Worker-12: Launching mavenrun-3ed615f8-bdcc-45e7-9869-2657bb81853a] INFO  o.eclipse.m2e.core.internal.Bundles - 	Entry: C:\Users\BETU\.p2\pool\plugins\org.eclipse.m2e.maven.runtime_3.9.900.20240824-1409\jars\maven-model-3.9.9.jar
2025-07-23 12:04:44,463 [Worker-12: Launching mavenrun-3ed615f8-bdcc-45e7-9869-2657bb81853a] INFO  o.eclipse.m2e.core.internal.Bundles - 	Entry: C:\Users\BETU\.p2\pool\plugins\org.eclipse.m2e.maven.runtime_3.9.900.20240824-1409\jars\maven-model-builder-3.9.9.jar
2025-07-23 12:04:44,463 [Worker-12: Launching mavenrun-3ed615f8-bdcc-45e7-9869-2657bb81853a] INFO  o.eclipse.m2e.core.internal.Bundles - 	Entry: C:\Users\BETU\.p2\pool\plugins\org.eclipse.m2e.maven.runtime_3.9.900.20240824-1409\jars\maven-plugin-api-3.9.9.jar
2025-07-23 12:04:44,463 [Worker-12: Launching mavenrun-3ed615f8-bdcc-45e7-9869-2657bb81853a] INFO  o.eclipse.m2e.core.internal.Bundles - 	Entry: C:\Users\BETU\.p2\pool\plugins\org.eclipse.m2e.maven.runtime_3.9.900.20240824-1409\jars\maven-repository-metadata-3.9.9.jar
2025-07-23 12:04:44,463 [Worker-12: Launching mavenrun-3ed615f8-bdcc-45e7-9869-2657bb81853a] INFO  o.eclipse.m2e.core.internal.Bundles - 	Entry: C:\Users\BETU\.p2\pool\plugins\org.eclipse.m2e.maven.runtime_3.9.900.20240824-1409\jars\maven-resolver-api-1.9.22.jar
2025-07-23 12:04:44,464 [Worker-12: Launching mavenrun-3ed615f8-bdcc-45e7-9869-2657bb81853a] INFO  o.eclipse.m2e.core.internal.Bundles - 	Entry: C:\Users\BETU\.p2\pool\plugins\org.eclipse.m2e.maven.runtime_3.9.900.20240824-1409\jars\maven-resolver-connector-basic-1.9.22.jar
2025-07-23 12:04:44,464 [Worker-12: Launching mavenrun-3ed615f8-bdcc-45e7-9869-2657bb81853a] INFO  o.eclipse.m2e.core.internal.Bundles - 	Entry: C:\Users\BETU\.p2\pool\plugins\org.eclipse.m2e.maven.runtime_3.9.900.20240824-1409\jars\maven-resolver-impl-1.9.22.jar
2025-07-23 12:04:44,464 [Worker-12: Launching mavenrun-3ed615f8-bdcc-45e7-9869-2657bb81853a] INFO  o.eclipse.m2e.core.internal.Bundles - 	Entry: C:\Users\BETU\.p2\pool\plugins\org.eclipse.m2e.maven.runtime_3.9.900.20240824-1409\jars\maven-resolver-named-locks-1.9.22.jar
2025-07-23 12:04:44,464 [Worker-12: Launching mavenrun-3ed615f8-bdcc-45e7-9869-2657bb81853a] INFO  o.eclipse.m2e.core.internal.Bundles - 	Entry: C:\Users\BETU\.p2\pool\plugins\org.eclipse.m2e.maven.runtime_3.9.900.20240824-1409\jars\maven-resolver-provider-3.9.9.jar
2025-07-23 12:04:44,464 [Worker-12: Launching mavenrun-3ed615f8-bdcc-45e7-9869-2657bb81853a] INFO  o.eclipse.m2e.core.internal.Bundles - 	Entry: C:\Users\BETU\.p2\pool\plugins\org.eclipse.m2e.maven.runtime_3.9.900.20240824-1409\jars\maven-resolver-spi-1.9.22.jar
2025-07-23 12:04:44,464 [Worker-12: Launching mavenrun-3ed615f8-bdcc-45e7-9869-2657bb81853a] INFO  o.eclipse.m2e.core.internal.Bundles - 	Entry: C:\Users\BETU\.p2\pool\plugins\org.eclipse.m2e.maven.runtime_3.9.900.20240824-1409\jars\maven-resolver-transport-file-1.9.22.jar
2025-07-23 12:04:44,465 [Worker-12: Launching mavenrun-3ed615f8-bdcc-45e7-9869-2657bb81853a] INFO  o.eclipse.m2e.core.internal.Bundles - 	Entry: C:\Users\BETU\.p2\pool\plugins\org.eclipse.m2e.maven.runtime_3.9.900.20240824-1409\jars\maven-resolver-transport-http-1.9.22.jar
2025-07-23 12:04:44,465 [Worker-12: Launching mavenrun-3ed615f8-bdcc-45e7-9869-2657bb81853a] INFO  o.eclipse.m2e.core.internal.Bundles - 	Entry: C:\Users\BETU\.p2\pool\plugins\org.eclipse.m2e.maven.runtime_3.9.900.20240824-1409\jars\maven-resolver-transport-wagon-1.9.22.jar
2025-07-23 12:04:44,465 [Worker-12: Launching mavenrun-3ed615f8-bdcc-45e7-9869-2657bb81853a] INFO  o.eclipse.m2e.core.internal.Bundles - 	Entry: C:\Users\BETU\.p2\pool\plugins\org.eclipse.m2e.maven.runtime_3.9.900.20240824-1409\jars\maven-resolver-util-1.9.22.jar
2025-07-23 12:04:44,465 [Worker-12: Launching mavenrun-3ed615f8-bdcc-45e7-9869-2657bb81853a] INFO  o.eclipse.m2e.core.internal.Bundles - 	Entry: C:\Users\BETU\.p2\pool\plugins\org.eclipse.m2e.maven.runtime_3.9.900.20240824-1409\jars\maven-settings-3.9.9.jar
2025-07-23 12:04:44,465 [Worker-12: Launching mavenrun-3ed615f8-bdcc-45e7-9869-2657bb81853a] INFO  o.eclipse.m2e.core.internal.Bundles - 	Entry: C:\Users\BETU\.p2\pool\plugins\org.eclipse.m2e.maven.runtime_3.9.900.20240824-1409\jars\maven-settings-builder-3.9.9.jar
2025-07-23 12:04:44,466 [Worker-12: Launching mavenrun-3ed615f8-bdcc-45e7-9869-2657bb81853a] INFO  o.eclipse.m2e.core.internal.Bundles - 	Entry: C:\Users\BETU\.p2\pool\plugins\org.eclipse.m2e.maven.runtime_3.9.900.20240824-1409\jars\maven-shared-utils-3.4.2.jar
2025-07-23 12:04:44,466 [Worker-12: Launching mavenrun-3ed615f8-bdcc-45e7-9869-2657bb81853a] INFO  o.eclipse.m2e.core.internal.Bundles - 	Entry: C:\Users\BETU\.p2\pool\plugins\org.eclipse.m2e.maven.runtime_3.9.900.20240824-1409\jars\org.eclipse.sisu.inject-0.9.0.M3.jar
2025-07-23 12:04:44,466 [Worker-12: Launching mavenrun-3ed615f8-bdcc-45e7-9869-2657bb81853a] INFO  o.eclipse.m2e.core.internal.Bundles - 	Entry: C:\Users\BETU\.p2\pool\plugins\org.eclipse.m2e.maven.runtime_3.9.900.20240824-1409\jars\org.eclipse.sisu.plexus-0.9.0.M3.jar
2025-07-23 12:04:44,466 [Worker-12: Launching mavenrun-3ed615f8-bdcc-45e7-9869-2657bb81853a] INFO  o.eclipse.m2e.core.internal.Bundles - 	Entry: C:\Users\BETU\.p2\pool\plugins\org.eclipse.m2e.maven.runtime_3.9.900.20240824-1409\jars\plexus-build-api-0.0.7.jar
2025-07-23 12:04:44,467 [Worker-12: Launching mavenrun-3ed615f8-bdcc-45e7-9869-2657bb81853a] INFO  o.eclipse.m2e.core.internal.Bundles - 	Entry: C:\Users\BETU\.p2\pool\plugins\org.eclipse.m2e.maven.runtime_3.9.900.20240824-1409\jars\plexus-build-api-1.2.0.jar
2025-07-23 12:04:44,467 [Worker-12: Launching mavenrun-3ed615f8-bdcc-45e7-9869-2657bb81853a] INFO  o.eclipse.m2e.core.internal.Bundles - 	Entry: C:\Users\BETU\.p2\pool\plugins\org.eclipse.m2e.maven.runtime_3.9.900.20240824-1409\jars\plexus-cipher-2.0.jar
2025-07-23 12:04:44,467 [Worker-12: Launching mavenrun-3ed615f8-bdcc-45e7-9869-2657bb81853a] INFO  o.eclipse.m2e.core.internal.Bundles - 	Entry: C:\Users\BETU\.p2\pool\plugins\org.eclipse.m2e.maven.runtime_3.9.900.20240824-1409\jars\plexus-classworlds-2.8.0.jar
2025-07-23 12:04:44,467 [Worker-12: Launching mavenrun-3ed615f8-bdcc-45e7-9869-2657bb81853a] INFO  o.eclipse.m2e.core.internal.Bundles - 	Entry: C:\Users\BETU\.p2\pool\plugins\org.eclipse.m2e.maven.runtime_3.9.900.20240824-1409\jars\plexus-component-annotations-2.1.0.jar
2025-07-23 12:04:44,467 [Worker-12: Launching mavenrun-3ed615f8-bdcc-45e7-9869-2657bb81853a] INFO  o.eclipse.m2e.core.internal.Bundles - 	Entry: C:\Users\BETU\.p2\pool\plugins\org.eclipse.m2e.maven.runtime_3.9.900.20240824-1409\jars\plexus-interpolation-1.27.jar
2025-07-23 12:04:44,468 [Worker-12: Launching mavenrun-3ed615f8-bdcc-45e7-9869-2657bb81853a] INFO  o.eclipse.m2e.core.internal.Bundles - 	Entry: C:\Users\BETU\.p2\pool\plugins\org.eclipse.m2e.maven.runtime_3.9.900.20240824-1409\jars\plexus-sec-dispatcher-2.0.jar
2025-07-23 12:04:44,468 [Worker-12: Launching mavenrun-3ed615f8-bdcc-45e7-9869-2657bb81853a] INFO  o.eclipse.m2e.core.internal.Bundles - 	Entry: C:\Users\BETU\.p2\pool\plugins\org.eclipse.m2e.maven.runtime_3.9.900.20240824-1409\jars\plexus-utils-3.5.1.jar
2025-07-23 12:04:44,469 [Worker-12: Launching mavenrun-3ed615f8-bdcc-45e7-9869-2657bb81853a] INFO  o.eclipse.m2e.core.internal.Bundles - 	Entry: C:\Users\BETU\.p2\pool\plugins\org.eclipse.m2e.maven.runtime_3.9.900.20240824-1409\jars\plexus-xml-3.0.1.jar
2025-07-23 12:04:44,469 [Worker-12: Launching mavenrun-3ed615f8-bdcc-45e7-9869-2657bb81853a] INFO  o.eclipse.m2e.core.internal.Bundles - 	Entry: C:\Users\BETU\.p2\pool\plugins\org.eclipse.m2e.maven.runtime_3.9.900.20240824-1409\jars\wagon-file-3.5.3.jar
2025-07-23 12:04:44,469 [Worker-12: Launching mavenrun-3ed615f8-bdcc-45e7-9869-2657bb81853a] INFO  o.eclipse.m2e.core.internal.Bundles - 	Entry: C:\Users\BETU\.p2\pool\plugins\org.eclipse.m2e.maven.runtime_3.9.900.20240824-1409\jars\wagon-http-3.5.3.jar
2025-07-23 12:04:44,470 [Worker-12: Launching mavenrun-3ed615f8-bdcc-45e7-9869-2657bb81853a] INFO  o.eclipse.m2e.core.internal.Bundles - 	Entry: C:\Users\BETU\.p2\pool\plugins\org.eclipse.m2e.maven.runtime_3.9.900.20240824-1409\jars\wagon-http-shared-3.5.3.jar
2025-07-23 12:04:44,470 [Worker-12: Launching mavenrun-3ed615f8-bdcc-45e7-9869-2657bb81853a] INFO  o.eclipse.m2e.core.internal.Bundles - 	Entry: C:\Users\BETU\.p2\pool\plugins\org.eclipse.m2e.maven.runtime_3.9.900.20240824-1409\jars\wagon-provider-api-3.5.3.jar
2025-07-23 12:04:44,474 [Worker-12: Launching mavenrun-3ed615f8-bdcc-45e7-9869-2657bb81853a] INFO  o.eclipse.m2e.core.internal.Bundles - getClasspathEntries(Bundle=com.google.guava_33.3.1.jre [16])
2025-07-23 12:04:44,476 [Worker-12: Launching mavenrun-3ed615f8-bdcc-45e7-9869-2657bb81853a] INFO  o.eclipse.m2e.core.internal.Bundles - 	Entry: C:\Users\BETU\.p2\pool\plugins\com.google.guava_33.3.1.jre.jar
2025-07-23 12:04:44,476 [Worker-12: Launching mavenrun-3ed615f8-bdcc-45e7-9869-2657bb81853a] INFO  o.eclipse.m2e.core.internal.Bundles - getClasspathEntries(Bundle=slf4j.api_2.0.16 [1005])
2025-07-23 12:04:44,476 [Worker-12: Launching mavenrun-3ed615f8-bdcc-45e7-9869-2657bb81853a] INFO  o.eclipse.m2e.core.internal.Bundles - 	Entry: C:\Users\BETU\.p2\pool\plugins\slf4j.api_2.0.16.jar
2025-07-23 12:04:44,476 [Worker-12: Launching mavenrun-3ed615f8-bdcc-45e7-9869-2657bb81853a] INFO  o.eclipse.m2e.core.internal.Bundles - getClasspathEntries(Bundle=jakarta.inject.jakarta.inject-api_1.0.5 [34])
2025-07-23 12:04:44,476 [Worker-12: Launching mavenrun-3ed615f8-bdcc-45e7-9869-2657bb81853a] INFO  o.eclipse.m2e.core.internal.Bundles - 	Entry: C:\Users\BETU\.p2\pool\plugins\jakarta.inject.jakarta.inject-api_1.0.5.jar
2025-07-23 12:04:44,476 [Worker-12: Launching mavenrun-3ed615f8-bdcc-45e7-9869-2657bb81853a] INFO  o.eclipse.m2e.core.internal.Bundles - getClasspathEntries(Bundle=jakarta.annotation-api_1.3.5 [29])
2025-07-23 12:04:44,476 [Worker-12: Launching mavenrun-3ed615f8-bdcc-45e7-9869-2657bb81853a] INFO  o.eclipse.m2e.core.internal.Bundles - 	Entry: C:\Users\BETU\.p2\pool\plugins\jakarta.annotation-api_1.3.5.jar
2025-07-23 12:04:44,476 [Worker-12: Launching mavenrun-3ed615f8-bdcc-45e7-9869-2657bb81853a] INFO  o.eclipse.m2e.core.internal.Bundles - getClasspathEntries(Bundle=org.apache.commons.cli_1.9.0 [75])
2025-07-23 12:04:44,477 [Worker-12: Launching mavenrun-3ed615f8-bdcc-45e7-9869-2657bb81853a] INFO  o.eclipse.m2e.core.internal.Bundles - 	Entry: C:\Users\BETU\.p2\pool\plugins\org.apache.commons.cli_1.9.0.jar
2025-07-23 12:04:44,477 [Worker-12: Launching mavenrun-3ed615f8-bdcc-45e7-9869-2657bb81853a] INFO  o.eclipse.m2e.core.internal.Bundles - getClasspathEntries(Bundle=org.apache.commons.commons-codec_1.16.0 [78])
2025-07-23 12:04:44,477 [Worker-12: Launching mavenrun-3ed615f8-bdcc-45e7-9869-2657bb81853a] INFO  o.eclipse.m2e.core.internal.Bundles - 	Entry: C:\Users\BETU\.p2\pool\plugins\org.apache.commons.commons-codec_1.16.0.jar
2025-07-23 12:04:44,477 [Worker-12: Launching mavenrun-3ed615f8-bdcc-45e7-9869-2657bb81853a] INFO  o.eclipse.m2e.core.internal.Bundles - getClasspathEntries(Bundle=com.google.guava.failureaccess_1.0.2 [17])
2025-07-23 12:04:44,478 [Worker-12: Launching mavenrun-3ed615f8-bdcc-45e7-9869-2657bb81853a] INFO  o.eclipse.m2e.core.internal.Bundles - 	Entry: C:\Users\BETU\.p2\pool\plugins\com.google.guava.failureaccess_1.0.2.jar
2025-07-23 12:04:44,485 [Worker-12: Launching mavenrun-3ed615f8-bdcc-45e7-9869-2657bb81853a] INFO  o.e.m.i.launch.MavenLaunchDelegate - Run build in "C:\Users\BETU\AppData\Local\Temp\m2e-archetypeGenerator2589817802284642811":
2025-07-23 12:04:44,494 [Worker-12: Launching mavenrun-3ed615f8-bdcc-45e7-9869-2657bb81853a] INFO  o.e.m.i.launch.MavenLaunchDelegate -  mvn  -DarchetypeGroupId=org.apache.maven.archetypes -DarchetypeArtifactId=maven-archetype-quickstart -DarchetypeVersion=1.1 -DgroupId=com.univ -DartifactId=Spring-core-App1 -Dversion=0.0.1-SNAPSHOT -Dpackage=com.univ -DoutputDirectory=C:\Users\BETU\Desktop\coading\Spring-Core -Dstyle.color=always -U archetype:generate
2025-07-23 12:05:25,845 [Worker-11: Creating maven-archetype-quickstart] INFO  o.e.m.c.i.p.ProjectConfigurationManager - Collecting project info '/pom.xml' C:\Users\BETU\Desktop\coading\Spring-Core\Spring-core-App1\pom.xml
2025-07-23 12:05:26,401 [Worker-11: Creating maven-archetype-quickstart] INFO  o.e.m.c.i.l.LifecycleMappingFactory - Using org.eclipse.m2e.jdt.JarLifecycleMapping lifecycle mapping for MavenProject: com.univ:Spring-core-App1:0.0.1-SNAPSHOT @ C:\Users\BETU\Desktop\coading\Spring-Core\Spring-core-App1\pom.xml.
2025-07-23 12:05:27,161 [Worker-11: Creating maven-archetype-quickstart] INFO  o.e.m.j.i.AbstractJavaProjectConfigurator - Adding source folder /Spring-core-App1/src/main/java
2025-07-23 12:05:27,164 [Worker-11: Creating maven-archetype-quickstart] INFO  o.e.m.j.i.AbstractJavaProjectConfigurator - Adding resource folder /Spring-core-App1/src/main/resources
2025-07-23 12:05:27,173 [Worker-11: Creating maven-archetype-quickstart] INFO  o.e.m.j.i.AbstractJavaProjectConfigurator - Adding source folder /Spring-core-App1/src/test/java
2025-07-23 12:05:27,174 [Worker-11: Creating maven-archetype-quickstart] INFO  o.e.m.j.i.AbstractJavaProjectConfigurator - Adding resource folder /Spring-core-App1/src/test/resources
2025-07-23 12:05:27,332 [Worker-11: Creating maven-archetype-quickstart] INFO  o.e.m.c.i.p.ProjectConfigurationManager - Imported and configured 1 project(s) in 1 sec
2025-07-23 12:05:28,623 [Worker-11: Building] INFO  o.a.m.s.f.DefaultMavenResourcesFiltering - skip non existing resourceDirectory C:\Users\BETU\Desktop\coading\Spring-Core\Spring-core-App1\src\main\resources
2025-07-23 12:05:28,631 [Worker-11: Building] INFO  o.a.m.s.f.DefaultMavenResourcesFiltering - skip non existing resourceDirectory C:\Users\BETU\Desktop\coading\Spring-Core\Spring-core-App1\src\test\resources
2025-07-23 12:08:59,197 [Worker-28: Building] INFO  o.e.m.c.i.l.LifecycleMappingFactory - Using org.eclipse.m2e.jdt.JarLifecycleMapping lifecycle mapping for MavenProject: com.univ:Spring-core-App1:0.0.1-SNAPSHOT @ C:\Users\BETU\Desktop\coading\Spring-Core\Spring-core-App1\pom.xml.
2025-07-23 12:08:59,346 [Worker-28: Building] INFO  o.a.m.s.f.DefaultMavenResourcesFiltering - skip non existing resourceDirectory C:\Users\BETU\Desktop\coading\Spring-Core\Spring-core-App1\src\main\resources
2025-07-23 12:08:59,350 [Worker-28: Building] INFO  o.a.m.s.f.DefaultMavenResourcesFiltering - skip non existing resourceDirectory C:\Users\BETU\Desktop\coading\Spring-Core\Spring-core-App1\src\test\resources
2025-07-23 12:09:00,735 [Worker-10: Building] INFO  o.a.m.s.f.DefaultMavenResourcesFiltering - skip non existing resourceDirectory C:\Users\BETU\Desktop\coading\Spring-Core\Spring-core-App1\src\main\resources
2025-07-23 12:09:00,739 [Worker-10: Building] INFO  o.a.m.s.f.DefaultMavenResourcesFiltering - skip non existing resourceDirectory C:\Users\BETU\Desktop\coading\Spring-Core\Spring-core-App1\src\test\resources
2025-07-23 12:10:35,148 [Worker-28: Building] INFO  o.a.m.s.f.DefaultMavenResourcesFiltering - skip non existing resourceDirectory C:\Users\BETU\Desktop\coading\Spring-Core\Spring-core-App1\src\main\resources
2025-07-23 12:10:35,154 [Worker-28: Building] INFO  o.a.m.s.f.DefaultMavenResourcesFiltering - skip non existing resourceDirectory C:\Users\BETU\Desktop\coading\Spring-Core\Spring-core-App1\src\test\resources
2025-07-23 12:11:04,264 [Worker-32: Building] INFO  o.a.m.s.f.DefaultMavenResourcesFiltering - skip non existing resourceDirectory C:\Users\BETU\Desktop\coading\Spring-Core\Spring-core-App1\src\main\resources
2025-07-23 12:11:04,270 [Worker-32: Building] INFO  o.a.m.s.f.DefaultMavenResourcesFiltering - skip non existing resourceDirectory C:\Users\BETU\Desktop\coading\Spring-Core\Spring-core-App1\src\test\resources
2025-07-23 12:11:58,307 [Worker-32: Building] INFO  o.a.m.s.f.DefaultMavenResourcesFiltering - skip non existing resourceDirectory C:\Users\BETU\Desktop\coading\Spring-Core\Spring-core-App1\src\main\resources
2025-07-23 12:11:58,310 [Worker-32: Building] INFO  o.a.m.s.f.DefaultMavenResourcesFiltering - skip non existing resourceDirectory C:\Users\BETU\Desktop\coading\Spring-Core\Spring-core-App1\src\test\resources
2025-07-23 12:15:25,094 [Worker-28: Building] INFO  o.a.m.s.f.DefaultMavenResourcesFiltering - skip non existing resourceDirectory C:\Users\BETU\Desktop\coading\Spring-Core\Spring-core-App1\src\main\resources
2025-07-23 12:15:25,097 [Worker-28: Building] INFO  o.a.m.s.f.DefaultMavenResourcesFiltering - skip non existing resourceDirectory C:\Users\BETU\Desktop\coading\Spring-Core\Spring-core-App1\src\test\resources
2025-07-23 12:42:34,504 [Worker-39: Building] INFO  o.a.m.s.f.DefaultMavenResourcesFiltering - skip non existing resourceDirectory C:\Users\BETU\Desktop\coading\Spring-Core\Spring-core-App1\src\main\resources
2025-07-23 12:42:34,507 [Worker-39: Building] INFO  o.a.m.s.f.DefaultMavenResourcesFiltering - skip non existing resourceDirectory C:\Users\BETU\Desktop\coading\Spring-Core\Spring-core-App1\src\test\resources
2025-07-23 12:45:13,222 [Worker-39: Building] INFO  o.a.m.s.f.DefaultMavenResourcesFiltering - skip non existing resourceDirectory C:\Users\BETU\Desktop\coading\Spring-Core\Spring-core-App1\src\main\resources
2025-07-23 12:45:13,224 [Worker-39: Building] INFO  o.a.m.s.f.DefaultMavenResourcesFiltering - skip non existing resourceDirectory C:\Users\BETU\Desktop\coading\Spring-Core\Spring-core-App1\src\test\resources
2025-07-23 12:45:21,727 [Worker-41: Building] INFO  o.a.m.s.f.DefaultMavenResourcesFiltering - skip non existing resourceDirectory C:\Users\BETU\Desktop\coading\Spring-Core\Spring-core-App1\src\main\resources
2025-07-23 12:45:21,730 [Worker-41: Building] INFO  o.a.m.s.f.DefaultMavenResourcesFiltering - skip non existing resourceDirectory C:\Users\BETU\Desktop\coading\Spring-Core\Spring-core-App1\src\test\resources
2025-07-23 12:47:56,941 [Worker-37: Building] INFO  o.a.m.s.f.DefaultMavenResourcesFiltering - skip non existing resourceDirectory C:\Users\BETU\Desktop\coading\Spring-Core\Spring-core-App1\src\main\resources
2025-07-23 12:47:56,946 [Worker-37: Building] INFO  o.a.m.s.f.DefaultMavenResourcesFiltering - skip non existing resourceDirectory C:\Users\BETU\Desktop\coading\Spring-Core\Spring-core-App1\src\test\resources
2025-07-23 12:49:37,808 [Worker-39: Building] INFO  o.a.m.s.f.DefaultMavenResourcesFiltering - skip non existing resourceDirectory C:\Users\BETU\Desktop\coading\Spring-Core\Spring-core-App1\src\main\resources
2025-07-23 12:49:37,815 [Worker-39: Building] INFO  o.a.m.s.f.DefaultMavenResourcesFiltering - skip non existing resourceDirectory C:\Users\BETU\Desktop\coading\Spring-Core\Spring-core-App1\src\test\resources
2025-07-24 16:01:01,065 [Worker-6: Loading available Gradle versions] INFO  o.e.b.c.i.u.g.PublishedGradleVersions - Gradle version information cache is out-of-date. Trying to update.
2025-07-24 16:10:17,272 [Start Help Server] INFO  org.eclipse.jetty.server.Server - jetty-12.0.15; built: 2024-11-05T19:44:57.623Z; git: 8281ae9740d4b4225e8166cc476bad237c70213a; jvm 23.0.2+7-58
2025-07-24 16:10:17,353 [Start Help Server] INFO  o.e.j.server.handler.ContextHandler - Started oeje8n.ContextHandler$CoreContextHandler@36f5f41c{/help,/help,b=null,a=AVAILABLE,h=oeje8n.ContextHandler$CoreContextHandler$CoreToNestedHandler@3f7dde17{STARTED}}
2025-07-24 16:10:17,354 [Start Help Server] INFO  o.e.j.s.DefaultSessionIdManager - Session workerName=node0
2025-07-24 16:10:17,391 [Start Help Server] INFO  o.e.jetty.server.AbstractConnector - Started ServerConnector@33c0d29a{HTTP/1.1, (http/1.1)}{127.0.0.1:50890}
2025-07-24 16:10:17,423 [Start Help Server] INFO  org.eclipse.jetty.server.Server - Started oejs.Server@7264f967{STARTING}[12.0.15,sto=0] @754610ms
2025-07-24 17:05:49,369 [Worker-22: Building] INFO  o.a.m.s.f.DefaultMavenResourcesFiltering - skip non existing resourceDirectory C:\Users\BETU\Desktop\coading\Spring-Core\Spring-core-App1\src\main\resources
2025-07-24 17:05:49,374 [Worker-22: Building] INFO  o.a.m.s.f.DefaultMavenResourcesFiltering - skip non existing resourceDirectory C:\Users\BETU\Desktop\coading\Spring-Core\Spring-core-App1\src\test\resources
2025-07-24 17:05:52,226 [Stop Help Server] INFO  org.eclipse.jetty.server.Server - Stopped oejs.Server@7264f967{STOPPING}[12.0.15,sto=0]
2025-07-24 17:05:52,233 [Stop Help Server] INFO  o.e.jetty.server.AbstractConnector - Stopped ServerConnector@33c0d29a{HTTP/1.1, (http/1.1)}{127.0.0.1:0}
2025-07-24 18:57:16,144 [Worker-3: Loading available Gradle versions] INFO  o.e.b.c.i.u.g.PublishedGradleVersions - Gradle version information cache is up-to-date. Trying to read.
2025-07-24 19:06:46,914 [Worker-3: Building] INFO  o.a.m.s.f.DefaultMavenResourcesFiltering - skip non existing resourceDirectory C:\Users\BETU\Desktop\coading\Spring-Core\Spring-core-App1\src\main\resources
2025-07-24 19:06:46,921 [Worker-3: Building] INFO  o.a.m.s.f.DefaultMavenResourcesFiltering - skip non existing resourceDirectory C:\Users\BETU\Desktop\coading\Spring-Core\Spring-core-App1\src\test\resources
2025-07-24 19:08:26,630 [Worker-28: Launching mavenrun-337c9691-b3d7-49ad-b43b-8bed29f1a501] INFO  o.eclipse.m2e.core.internal.Bundles - getClasspathEntries(Bundle=org.eclipse.m2e.maven.runtime_3.9.900.20240824-1409 [638])
2025-07-24 19:08:26,634 [Worker-28: Launching mavenrun-337c9691-b3d7-49ad-b43b-8bed29f1a501] INFO  o.eclipse.m2e.core.internal.Bundles - 	Entry: C:\Users\BETU\.p2\pool\plugins\org.eclipse.m2e.maven.runtime_3.9.900.20240824-1409
2025-07-24 19:08:26,635 [Worker-28: Launching mavenrun-337c9691-b3d7-49ad-b43b-8bed29f1a501] INFO  o.eclipse.m2e.core.internal.Bundles - 	Entry: C:\Users\BETU\.p2\pool\plugins\org.eclipse.m2e.maven.runtime_3.9.900.20240824-1409\jars\aopalliance-1.0.jar
2025-07-24 19:08:26,635 [Worker-28: Launching mavenrun-337c9691-b3d7-49ad-b43b-8bed29f1a501] INFO  o.eclipse.m2e.core.internal.Bundles - 	Entry: C:\Users\BETU\.p2\pool\plugins\org.eclipse.m2e.maven.runtime_3.9.900.20240824-1409\jars\guice-5.1.0.jar
2025-07-24 19:08:26,635 [Worker-28: Launching mavenrun-337c9691-b3d7-49ad-b43b-8bed29f1a501] INFO  o.eclipse.m2e.core.internal.Bundles - 	Entry: C:\Users\BETU\.p2\pool\plugins\org.eclipse.m2e.maven.runtime_3.9.900.20240824-1409\jars\httpclient-4.5.14.jar
2025-07-24 19:08:26,635 [Worker-28: Launching mavenrun-337c9691-b3d7-49ad-b43b-8bed29f1a501] INFO  o.eclipse.m2e.core.internal.Bundles - 	Entry: C:\Users\BETU\.p2\pool\plugins\org.eclipse.m2e.maven.runtime_3.9.900.20240824-1409\jars\httpcore-4.4.16.jar
2025-07-24 19:08:26,635 [Worker-28: Launching mavenrun-337c9691-b3d7-49ad-b43b-8bed29f1a501] INFO  o.eclipse.m2e.core.internal.Bundles - 	Entry: C:\Users\BETU\.p2\pool\plugins\org.eclipse.m2e.maven.runtime_3.9.900.20240824-1409\jars\jansi-2.4.1.jar
2025-07-24 19:08:26,635 [Worker-28: Launching mavenrun-337c9691-b3d7-49ad-b43b-8bed29f1a501] INFO  o.eclipse.m2e.core.internal.Bundles - 	Entry: C:\Users\BETU\.p2\pool\plugins\org.eclipse.m2e.maven.runtime_3.9.900.20240824-1409\jars\jcl-over-slf4j-1.7.36.jar
2025-07-24 19:08:26,635 [Worker-28: Launching mavenrun-337c9691-b3d7-49ad-b43b-8bed29f1a501] INFO  o.eclipse.m2e.core.internal.Bundles - 	Entry: C:\Users\BETU\.p2\pool\plugins\org.eclipse.m2e.maven.runtime_3.9.900.20240824-1409\jars\maven-artifact-3.9.9.jar
2025-07-24 19:08:26,635 [Worker-28: Launching mavenrun-337c9691-b3d7-49ad-b43b-8bed29f1a501] INFO  o.eclipse.m2e.core.internal.Bundles - 	Entry: C:\Users\BETU\.p2\pool\plugins\org.eclipse.m2e.maven.runtime_3.9.900.20240824-1409\jars\maven-builder-support-3.9.9.jar
2025-07-24 19:08:26,636 [Worker-28: Launching mavenrun-337c9691-b3d7-49ad-b43b-8bed29f1a501] INFO  o.eclipse.m2e.core.internal.Bundles - 	Entry: C:\Users\BETU\.p2\pool\plugins\org.eclipse.m2e.maven.runtime_3.9.900.20240824-1409\jars\maven-compat-3.9.9.jar
2025-07-24 19:08:26,636 [Worker-28: Launching mavenrun-337c9691-b3d7-49ad-b43b-8bed29f1a501] INFO  o.eclipse.m2e.core.internal.Bundles - 	Entry: C:\Users\BETU\.p2\pool\plugins\org.eclipse.m2e.maven.runtime_3.9.900.20240824-1409\jars\maven-core-3.9.9.jar
2025-07-24 19:08:26,636 [Worker-28: Launching mavenrun-337c9691-b3d7-49ad-b43b-8bed29f1a501] INFO  o.eclipse.m2e.core.internal.Bundles - 	Entry: C:\Users\BETU\.p2\pool\plugins\org.eclipse.m2e.maven.runtime_3.9.900.20240824-1409\jars\maven-embedder-3.9.9.jar
2025-07-24 19:08:26,636 [Worker-28: Launching mavenrun-337c9691-b3d7-49ad-b43b-8bed29f1a501] INFO  o.eclipse.m2e.core.internal.Bundles - 	Entry: C:\Users\BETU\.p2\pool\plugins\org.eclipse.m2e.maven.runtime_3.9.900.20240824-1409\jars\maven-model-3.9.9.jar
2025-07-24 19:08:26,636 [Worker-28: Launching mavenrun-337c9691-b3d7-49ad-b43b-8bed29f1a501] INFO  o.eclipse.m2e.core.internal.Bundles - 	Entry: C:\Users\BETU\.p2\pool\plugins\org.eclipse.m2e.maven.runtime_3.9.900.20240824-1409\jars\maven-model-builder-3.9.9.jar
2025-07-24 19:08:26,636 [Worker-28: Launching mavenrun-337c9691-b3d7-49ad-b43b-8bed29f1a501] INFO  o.eclipse.m2e.core.internal.Bundles - 	Entry: C:\Users\BETU\.p2\pool\plugins\org.eclipse.m2e.maven.runtime_3.9.900.20240824-1409\jars\maven-plugin-api-3.9.9.jar
2025-07-24 19:08:26,636 [Worker-28: Launching mavenrun-337c9691-b3d7-49ad-b43b-8bed29f1a501] INFO  o.eclipse.m2e.core.internal.Bundles - 	Entry: C:\Users\BETU\.p2\pool\plugins\org.eclipse.m2e.maven.runtime_3.9.900.20240824-1409\jars\maven-repository-metadata-3.9.9.jar
2025-07-24 19:08:26,636 [Worker-28: Launching mavenrun-337c9691-b3d7-49ad-b43b-8bed29f1a501] INFO  o.eclipse.m2e.core.internal.Bundles - 	Entry: C:\Users\BETU\.p2\pool\plugins\org.eclipse.m2e.maven.runtime_3.9.900.20240824-1409\jars\maven-resolver-api-1.9.22.jar
2025-07-24 19:08:26,636 [Worker-28: Launching mavenrun-337c9691-b3d7-49ad-b43b-8bed29f1a501] INFO  o.eclipse.m2e.core.internal.Bundles - 	Entry: C:\Users\BETU\.p2\pool\plugins\org.eclipse.m2e.maven.runtime_3.9.900.20240824-1409\jars\maven-resolver-connector-basic-1.9.22.jar
2025-07-24 19:08:26,636 [Worker-28: Launching mavenrun-337c9691-b3d7-49ad-b43b-8bed29f1a501] INFO  o.eclipse.m2e.core.internal.Bundles - 	Entry: C:\Users\BETU\.p2\pool\plugins\org.eclipse.m2e.maven.runtime_3.9.900.20240824-1409\jars\maven-resolver-impl-1.9.22.jar
2025-07-24 19:08:26,636 [Worker-28: Launching mavenrun-337c9691-b3d7-49ad-b43b-8bed29f1a501] INFO  o.eclipse.m2e.core.internal.Bundles - 	Entry: C:\Users\BETU\.p2\pool\plugins\org.eclipse.m2e.maven.runtime_3.9.900.20240824-1409\jars\maven-resolver-named-locks-1.9.22.jar
2025-07-24 19:08:26,637 [Worker-28: Launching mavenrun-337c9691-b3d7-49ad-b43b-8bed29f1a501] INFO  o.eclipse.m2e.core.internal.Bundles - 	Entry: C:\Users\BETU\.p2\pool\plugins\org.eclipse.m2e.maven.runtime_3.9.900.20240824-1409\jars\maven-resolver-provider-3.9.9.jar
2025-07-24 19:08:26,637 [Worker-28: Launching mavenrun-337c9691-b3d7-49ad-b43b-8bed29f1a501] INFO  o.eclipse.m2e.core.internal.Bundles - 	Entry: C:\Users\BETU\.p2\pool\plugins\org.eclipse.m2e.maven.runtime_3.9.900.20240824-1409\jars\maven-resolver-spi-1.9.22.jar
2025-07-24 19:08:26,637 [Worker-28: Launching mavenrun-337c9691-b3d7-49ad-b43b-8bed29f1a501] INFO  o.eclipse.m2e.core.internal.Bundles - 	Entry: C:\Users\BETU\.p2\pool\plugins\org.eclipse.m2e.maven.runtime_3.9.900.20240824-1409\jars\maven-resolver-transport-file-1.9.22.jar
2025-07-24 19:08:26,637 [Worker-28: Launching mavenrun-337c9691-b3d7-49ad-b43b-8bed29f1a501] INFO  o.eclipse.m2e.core.internal.Bundles - 	Entry: C:\Users\BETU\.p2\pool\plugins\org.eclipse.m2e.maven.runtime_3.9.900.20240824-1409\jars\maven-resolver-transport-http-1.9.22.jar
2025-07-24 19:08:26,637 [Worker-28: Launching mavenrun-337c9691-b3d7-49ad-b43b-8bed29f1a501] INFO  o.eclipse.m2e.core.internal.Bundles - 	Entry: C:\Users\BETU\.p2\pool\plugins\org.eclipse.m2e.maven.runtime_3.9.900.20240824-1409\jars\maven-resolver-transport-wagon-1.9.22.jar
2025-07-24 19:08:26,637 [Worker-28: Launching mavenrun-337c9691-b3d7-49ad-b43b-8bed29f1a501] INFO  o.eclipse.m2e.core.internal.Bundles - 	Entry: C:\Users\BETU\.p2\pool\plugins\org.eclipse.m2e.maven.runtime_3.9.900.20240824-1409\jars\maven-resolver-util-1.9.22.jar
2025-07-24 19:08:26,637 [Worker-28: Launching mavenrun-337c9691-b3d7-49ad-b43b-8bed29f1a501] INFO  o.eclipse.m2e.core.internal.Bundles - 	Entry: C:\Users\BETU\.p2\pool\plugins\org.eclipse.m2e.maven.runtime_3.9.900.20240824-1409\jars\maven-settings-3.9.9.jar
2025-07-24 19:08:26,637 [Worker-28: Launching mavenrun-337c9691-b3d7-49ad-b43b-8bed29f1a501] INFO  o.eclipse.m2e.core.internal.Bundles - 	Entry: C:\Users\BETU\.p2\pool\plugins\org.eclipse.m2e.maven.runtime_3.9.900.20240824-1409\jars\maven-settings-builder-3.9.9.jar
2025-07-24 19:08:26,637 [Worker-28: Launching mavenrun-337c9691-b3d7-49ad-b43b-8bed29f1a501] INFO  o.eclipse.m2e.core.internal.Bundles - 	Entry: C:\Users\BETU\.p2\pool\plugins\org.eclipse.m2e.maven.runtime_3.9.900.20240824-1409\jars\maven-shared-utils-3.4.2.jar
2025-07-24 19:08:26,637 [Worker-28: Launching mavenrun-337c9691-b3d7-49ad-b43b-8bed29f1a501] INFO  o.eclipse.m2e.core.internal.Bundles - 	Entry: C:\Users\BETU\.p2\pool\plugins\org.eclipse.m2e.maven.runtime_3.9.900.20240824-1409\jars\org.eclipse.sisu.inject-0.9.0.M3.jar
2025-07-24 19:08:26,637 [Worker-28: Launching mavenrun-337c9691-b3d7-49ad-b43b-8bed29f1a501] INFO  o.eclipse.m2e.core.internal.Bundles - 	Entry: C:\Users\BETU\.p2\pool\plugins\org.eclipse.m2e.maven.runtime_3.9.900.20240824-1409\jars\org.eclipse.sisu.plexus-0.9.0.M3.jar
2025-07-24 19:08:26,638 [Worker-28: Launching mavenrun-337c9691-b3d7-49ad-b43b-8bed29f1a501] INFO  o.eclipse.m2e.core.internal.Bundles - 	Entry: C:\Users\BETU\.p2\pool\plugins\org.eclipse.m2e.maven.runtime_3.9.900.20240824-1409\jars\plexus-build-api-0.0.7.jar
2025-07-24 19:08:26,638 [Worker-28: Launching mavenrun-337c9691-b3d7-49ad-b43b-8bed29f1a501] INFO  o.eclipse.m2e.core.internal.Bundles - 	Entry: C:\Users\BETU\.p2\pool\plugins\org.eclipse.m2e.maven.runtime_3.9.900.20240824-1409\jars\plexus-build-api-1.2.0.jar
2025-07-24 19:08:26,638 [Worker-28: Launching mavenrun-337c9691-b3d7-49ad-b43b-8bed29f1a501] INFO  o.eclipse.m2e.core.internal.Bundles - 	Entry: C:\Users\BETU\.p2\pool\plugins\org.eclipse.m2e.maven.runtime_3.9.900.20240824-1409\jars\plexus-cipher-2.0.jar
2025-07-24 19:08:26,638 [Worker-28: Launching mavenrun-337c9691-b3d7-49ad-b43b-8bed29f1a501] INFO  o.eclipse.m2e.core.internal.Bundles - 	Entry: C:\Users\BETU\.p2\pool\plugins\org.eclipse.m2e.maven.runtime_3.9.900.20240824-1409\jars\plexus-classworlds-2.8.0.jar
2025-07-24 19:08:26,638 [Worker-28: Launching mavenrun-337c9691-b3d7-49ad-b43b-8bed29f1a501] INFO  o.eclipse.m2e.core.internal.Bundles - 	Entry: C:\Users\BETU\.p2\pool\plugins\org.eclipse.m2e.maven.runtime_3.9.900.20240824-1409\jars\plexus-component-annotations-2.1.0.jar
2025-07-24 19:08:26,638 [Worker-28: Launching mavenrun-337c9691-b3d7-49ad-b43b-8bed29f1a501] INFO  o.eclipse.m2e.core.internal.Bundles - 	Entry: C:\Users\BETU\.p2\pool\plugins\org.eclipse.m2e.maven.runtime_3.9.900.20240824-1409\jars\plexus-interpolation-1.27.jar
2025-07-24 19:08:26,638 [Worker-28: Launching mavenrun-337c9691-b3d7-49ad-b43b-8bed29f1a501] INFO  o.eclipse.m2e.core.internal.Bundles - 	Entry: C:\Users\BETU\.p2\pool\plugins\org.eclipse.m2e.maven.runtime_3.9.900.20240824-1409\jars\plexus-sec-dispatcher-2.0.jar
2025-07-24 19:08:26,638 [Worker-28: Launching mavenrun-337c9691-b3d7-49ad-b43b-8bed29f1a501] INFO  o.eclipse.m2e.core.internal.Bundles - 	Entry: C:\Users\BETU\.p2\pool\plugins\org.eclipse.m2e.maven.runtime_3.9.900.20240824-1409\jars\plexus-utils-3.5.1.jar
2025-07-24 19:08:26,638 [Worker-28: Launching mavenrun-337c9691-b3d7-49ad-b43b-8bed29f1a501] INFO  o.eclipse.m2e.core.internal.Bundles - 	Entry: C:\Users\BETU\.p2\pool\plugins\org.eclipse.m2e.maven.runtime_3.9.900.20240824-1409\jars\plexus-xml-3.0.1.jar
2025-07-24 19:08:26,638 [Worker-28: Launching mavenrun-337c9691-b3d7-49ad-b43b-8bed29f1a501] INFO  o.eclipse.m2e.core.internal.Bundles - 	Entry: C:\Users\BETU\.p2\pool\plugins\org.eclipse.m2e.maven.runtime_3.9.900.20240824-1409\jars\wagon-file-3.5.3.jar
2025-07-24 19:08:26,638 [Worker-28: Launching mavenrun-337c9691-b3d7-49ad-b43b-8bed29f1a501] INFO  o.eclipse.m2e.core.internal.Bundles - 	Entry: C:\Users\BETU\.p2\pool\plugins\org.eclipse.m2e.maven.runtime_3.9.900.20240824-1409\jars\wagon-http-3.5.3.jar
2025-07-24 19:08:26,638 [Worker-28: Launching mavenrun-337c9691-b3d7-49ad-b43b-8bed29f1a501] INFO  o.eclipse.m2e.core.internal.Bundles - 	Entry: C:\Users\BETU\.p2\pool\plugins\org.eclipse.m2e.maven.runtime_3.9.900.20240824-1409\jars\wagon-http-shared-3.5.3.jar
2025-07-24 19:08:26,639 [Worker-28: Launching mavenrun-337c9691-b3d7-49ad-b43b-8bed29f1a501] INFO  o.eclipse.m2e.core.internal.Bundles - 	Entry: C:\Users\BETU\.p2\pool\plugins\org.eclipse.m2e.maven.runtime_3.9.900.20240824-1409\jars\wagon-provider-api-3.5.3.jar
2025-07-24 19:08:26,641 [Worker-28: Launching mavenrun-337c9691-b3d7-49ad-b43b-8bed29f1a501] INFO  o.eclipse.m2e.core.internal.Bundles - getClasspathEntries(Bundle=com.google.guava_33.3.1.jre [16])
2025-07-24 19:08:26,642 [Worker-28: Launching mavenrun-337c9691-b3d7-49ad-b43b-8bed29f1a501] INFO  o.eclipse.m2e.core.internal.Bundles - 	Entry: C:\Users\BETU\.p2\pool\plugins\com.google.guava_33.3.1.jre.jar
2025-07-24 19:08:26,642 [Worker-28: Launching mavenrun-337c9691-b3d7-49ad-b43b-8bed29f1a501] INFO  o.eclipse.m2e.core.internal.Bundles - getClasspathEntries(Bundle=slf4j.api_2.0.16 [1005])
2025-07-24 19:08:26,643 [Worker-28: Launching mavenrun-337c9691-b3d7-49ad-b43b-8bed29f1a501] INFO  o.eclipse.m2e.core.internal.Bundles - 	Entry: C:\Users\BETU\.p2\pool\plugins\slf4j.api_2.0.16.jar
2025-07-24 19:08:26,643 [Worker-28: Launching mavenrun-337c9691-b3d7-49ad-b43b-8bed29f1a501] INFO  o.eclipse.m2e.core.internal.Bundles - getClasspathEntries(Bundle=jakarta.inject.jakarta.inject-api_1.0.5 [34])
2025-07-24 19:08:26,643 [Worker-28: Launching mavenrun-337c9691-b3d7-49ad-b43b-8bed29f1a501] INFO  o.eclipse.m2e.core.internal.Bundles - 	Entry: C:\Users\BETU\.p2\pool\plugins\jakarta.inject.jakarta.inject-api_1.0.5.jar
2025-07-24 19:08:26,643 [Worker-28: Launching mavenrun-337c9691-b3d7-49ad-b43b-8bed29f1a501] INFO  o.eclipse.m2e.core.internal.Bundles - getClasspathEntries(Bundle=jakarta.annotation-api_1.3.5 [29])
2025-07-24 19:08:26,644 [Worker-28: Launching mavenrun-337c9691-b3d7-49ad-b43b-8bed29f1a501] INFO  o.eclipse.m2e.core.internal.Bundles - 	Entry: C:\Users\BETU\.p2\pool\plugins\jakarta.annotation-api_1.3.5.jar
2025-07-24 19:08:26,644 [Worker-28: Launching mavenrun-337c9691-b3d7-49ad-b43b-8bed29f1a501] INFO  o.eclipse.m2e.core.internal.Bundles - getClasspathEntries(Bundle=org.apache.commons.cli_1.9.0 [75])
2025-07-24 19:08:26,644 [Worker-28: Launching mavenrun-337c9691-b3d7-49ad-b43b-8bed29f1a501] INFO  o.eclipse.m2e.core.internal.Bundles - 	Entry: C:\Users\BETU\.p2\pool\plugins\org.apache.commons.cli_1.9.0.jar
2025-07-24 19:08:26,644 [Worker-28: Launching mavenrun-337c9691-b3d7-49ad-b43b-8bed29f1a501] INFO  o.eclipse.m2e.core.internal.Bundles - getClasspathEntries(Bundle=org.apache.commons.commons-codec_1.16.0 [78])
2025-07-24 19:08:26,645 [Worker-28: Launching mavenrun-337c9691-b3d7-49ad-b43b-8bed29f1a501] INFO  o.eclipse.m2e.core.internal.Bundles - 	Entry: C:\Users\BETU\.p2\pool\plugins\org.apache.commons.commons-codec_1.16.0.jar
2025-07-24 19:08:26,645 [Worker-28: Launching mavenrun-337c9691-b3d7-49ad-b43b-8bed29f1a501] INFO  o.eclipse.m2e.core.internal.Bundles - getClasspathEntries(Bundle=com.google.guava.failureaccess_1.0.2 [17])
2025-07-24 19:08:26,646 [Worker-28: Launching mavenrun-337c9691-b3d7-49ad-b43b-8bed29f1a501] INFO  o.eclipse.m2e.core.internal.Bundles - 	Entry: C:\Users\BETU\.p2\pool\plugins\com.google.guava.failureaccess_1.0.2.jar
2025-07-24 19:08:26,654 [Worker-28: Launching mavenrun-337c9691-b3d7-49ad-b43b-8bed29f1a501] INFO  o.e.m.i.launch.MavenLaunchDelegate - Run build in "C:\Users\BETU\AppData\Local\Temp\m2e-archetypeGenerator4866254783386162055":
2025-07-24 19:08:26,655 [Worker-28: Launching mavenrun-337c9691-b3d7-49ad-b43b-8bed29f1a501] INFO  o.e.m.i.launch.MavenLaunchDelegate -  mvn  -DarchetypeGroupId=org.apache.maven.archetypes -DarchetypeArtifactId=maven-archetype-quickstart -DarchetypeVersion=1.1 -DgroupId=com.univ -DartifactId=Spring-core-cons-App2 -Dversion=0.0.1-SNAPSHOT -Dpackage=com.univ -DoutputDirectory=C:\Users\BETU\Desktop\coading\Spring-Core -Dstyle.color=always -U archetype:generate
2025-07-24 19:08:51,723 [Worker-17: Creating maven-archetype-quickstart] INFO  o.e.m.c.i.p.ProjectConfigurationManager - Collecting project info '/pom.xml' C:\Users\BETU\Desktop\coading\Spring-Core\Spring-core-cons-App2\pom.xml
2025-07-24 19:08:53,609 [Worker-17: Creating maven-archetype-quickstart] INFO  o.e.m.c.i.l.LifecycleMappingFactory - Using org.eclipse.m2e.jdt.JarLifecycleMapping lifecycle mapping for MavenProject: com.univ:Spring-core-cons-App2:0.0.1-SNAPSHOT @ C:\Users\BETU\Desktop\coading\Spring-Core\Spring-core-cons-App2\pom.xml.
2025-07-24 19:08:54,097 [Worker-17: Creating maven-archetype-quickstart] INFO  o.e.m.j.i.AbstractJavaProjectConfigurator - Adding source folder /Spring-core-cons-App2/src/main/java
2025-07-24 19:08:54,100 [Worker-17: Creating maven-archetype-quickstart] INFO  o.e.m.j.i.AbstractJavaProjectConfigurator - Adding resource folder /Spring-core-cons-App2/src/main/resources
2025-07-24 19:08:54,113 [Worker-17: Creating maven-archetype-quickstart] INFO  o.e.m.j.i.AbstractJavaProjectConfigurator - Adding source folder /Spring-core-cons-App2/src/test/java
2025-07-24 19:08:54,115 [Worker-17: Creating maven-archetype-quickstart] INFO  o.e.m.j.i.AbstractJavaProjectConfigurator - Adding resource folder /Spring-core-cons-App2/src/test/resources
2025-07-24 19:08:54,252 [Worker-17: Creating maven-archetype-quickstart] INFO  o.e.m.c.i.p.ProjectConfigurationManager - Imported and configured 1 project(s) in 2 sec
2025-07-24 19:08:54,542 [Worker-31: Building] INFO  o.a.m.s.f.DefaultMavenResourcesFiltering - skip non existing resourceDirectory C:\Users\BETU\Desktop\coading\Spring-Core\Spring-core-cons-App2\src\main\resources
2025-07-24 19:08:54,544 [Worker-31: Building] INFO  o.a.m.s.f.DefaultMavenResourcesFiltering - skip non existing resourceDirectory C:\Users\BETU\Desktop\coading\Spring-Core\Spring-core-cons-App2\src\test\resources
2025-07-24 19:10:13,108 [Worker-27: Building] INFO  o.a.m.s.f.DefaultMavenResourcesFiltering - skip non existing resourceDirectory C:\Users\BETU\Desktop\coading\Spring-Core\Spring-core-cons-App2\src\main\resources
2025-07-24 19:10:13,112 [Worker-27: Building] INFO  o.a.m.s.f.DefaultMavenResourcesFiltering - skip non existing resourceDirectory C:\Users\BETU\Desktop\coading\Spring-Core\Spring-core-cons-App2\src\test\resources
2025-07-24 19:15:44,782 [Worker-30: Building] INFO  o.a.m.s.f.DefaultMavenResourcesFiltering - skip non existing resourceDirectory C:\Users\BETU\Desktop\coading\Spring-Core\Spring-core-cons-App2\src\main\resources
2025-07-24 19:15:44,785 [Worker-30: Building] INFO  o.a.m.s.f.DefaultMavenResourcesFiltering - skip non existing resourceDirectory C:\Users\BETU\Desktop\coading\Spring-Core\Spring-core-cons-App2\src\test\resources
2025-07-24 19:20:02,398 [Worker-32: Building] INFO  o.e.m.c.i.l.LifecycleMappingFactory - Using org.eclipse.m2e.jdt.JarLifecycleMapping lifecycle mapping for MavenProject: com.univ:Spring-core-cons-App2:0.0.1-SNAPSHOT @ C:\Users\BETU\Desktop\coading\Spring-Core\Spring-core-cons-App2\pom.xml.
2025-07-24 19:20:02,476 [Worker-32: Building] INFO  o.a.m.s.f.DefaultMavenResourcesFiltering - skip non existing resourceDirectory C:\Users\BETU\Desktop\coading\Spring-Core\Spring-core-cons-App2\src\main\resources
2025-07-24 19:20:02,478 [Worker-32: Building] INFO  o.a.m.s.f.DefaultMavenResourcesFiltering - skip non existing resourceDirectory C:\Users\BETU\Desktop\coading\Spring-Core\Spring-core-cons-App2\src\test\resources
2025-07-24 19:20:07,228 [Worker-26: Building] INFO  o.a.m.s.f.DefaultMavenResourcesFiltering - skip non existing resourceDirectory C:\Users\BETU\Desktop\coading\Spring-Core\Spring-core-cons-App2\src\main\resources
2025-07-24 19:20:07,230 [Worker-26: Building] INFO  o.a.m.s.f.DefaultMavenResourcesFiltering - skip non existing resourceDirectory C:\Users\BETU\Desktop\coading\Spring-Core\Spring-core-cons-App2\src\test\resources
2025-07-24 19:21:57,116 [Worker-30: Building] INFO  o.a.m.s.f.DefaultMavenResourcesFiltering - skip non existing resourceDirectory C:\Users\BETU\Desktop\coading\Spring-Core\Spring-core-cons-App2\src\main\resources
2025-07-24 19:21:57,118 [Worker-30: Building] INFO  o.a.m.s.f.DefaultMavenResourcesFiltering - skip non existing resourceDirectory C:\Users\BETU\Desktop\coading\Spring-Core\Spring-core-cons-App2\src\test\resources
2025-07-24 19:22:00,425 [Worker-17: Building] INFO  o.a.m.s.f.DefaultMavenResourcesFiltering - skip non existing resourceDirectory C:\Users\BETU\Desktop\coading\Spring-Core\Spring-core-cons-App2\src\main\resources
2025-07-24 19:22:00,427 [Worker-17: Building] INFO  o.a.m.s.f.DefaultMavenResourcesFiltering - skip non existing resourceDirectory C:\Users\BETU\Desktop\coading\Spring-Core\Spring-core-cons-App2\src\test\resources
2025-07-25 13:46:28,974 [Start Help Server] INFO  org.eclipse.jetty.server.Server - jetty-12.0.15; built: 2024-11-05T19:44:57.623Z; git: 8281ae9740d4b4225e8166cc476bad237c70213a; jvm 23.0.2+7-58
2025-07-25 13:46:29,070 [Start Help Server] INFO  o.e.j.server.handler.ContextHandler - Started oeje8n.ContextHandler$CoreContextHandler@2893fda7{/help,/help,b=null,a=AVAILABLE,h=oeje8n.ContextHandler$CoreContextHandler$CoreToNestedHandler@3e588e41{STARTED}}
2025-07-25 13:46:29,072 [Start Help Server] INFO  o.e.j.s.DefaultSessionIdManager - Session workerName=node0
2025-07-25 13:46:29,114 [Start Help Server] INFO  o.e.jetty.server.AbstractConnector - Started ServerConnector@2965ad2b{HTTP/1.1, (http/1.1)}{127.0.0.1:53964}
2025-07-25 13:46:29,146 [Start Help Server] INFO  org.eclipse.jetty.server.Server - Started oejs.Server@3d4362f8{STARTING}[12.0.15,sto=0] @67774616ms
2025-07-25 14:11:48,732 [Worker-45: Building] INFO  o.a.m.s.f.DefaultMavenResourcesFiltering - skip non existing resourceDirectory C:\Users\BETU\Desktop\coading\Spring-Core\Spring-core-App1\src\main\resources
2025-07-25 14:11:48,736 [Worker-45: Building] INFO  o.a.m.s.f.DefaultMavenResourcesFiltering - skip non existing resourceDirectory C:\Users\BETU\Desktop\coading\Spring-Core\Spring-core-App1\src\test\resources
2025-07-25 14:17:29,247 [Worker-47: Building] INFO  o.a.m.s.f.DefaultMavenResourcesFiltering - skip non existing resourceDirectory C:\Users\BETU\Desktop\coading\Spring-Core\Spring-core-App1\src\main\resources
2025-07-25 14:17:29,251 [Worker-47: Building] INFO  o.a.m.s.f.DefaultMavenResourcesFiltering - skip non existing resourceDirectory C:\Users\BETU\Desktop\coading\Spring-Core\Spring-core-App1\src\test\resources
2025-07-25 14:17:33,264 [Worker-46: Building] INFO  o.a.m.s.f.DefaultMavenResourcesFiltering - skip non existing resourceDirectory C:\Users\BETU\Desktop\coading\Spring-Core\Spring-core-App1\src\main\resources
2025-07-25 14:17:33,267 [Worker-46: Building] INFO  o.a.m.s.f.DefaultMavenResourcesFiltering - skip non existing resourceDirectory C:\Users\BETU\Desktop\coading\Spring-Core\Spring-core-App1\src\test\resources
2025-07-25 14:18:05,618 [Worker-44: Building] INFO  o.a.m.s.f.DefaultMavenResourcesFiltering - skip non existing resourceDirectory C:\Users\BETU\Desktop\coading\Spring-Core\Spring-core-App1\src\main\resources
2025-07-25 14:18:05,621 [Worker-44: Building] INFO  o.a.m.s.f.DefaultMavenResourcesFiltering - skip non existing resourceDirectory C:\Users\BETU\Desktop\coading\Spring-Core\Spring-core-App1\src\test\resources
2025-07-25 14:18:13,268 [Worker-44: Building] INFO  o.a.m.s.f.DefaultMavenResourcesFiltering - skip non existing resourceDirectory C:\Users\BETU\Desktop\coading\Spring-Core\Spring-core-App1\src\main\resources
2025-07-25 14:18:13,270 [Worker-44: Building] INFO  o.a.m.s.f.DefaultMavenResourcesFiltering - skip non existing resourceDirectory C:\Users\BETU\Desktop\coading\Spring-Core\Spring-core-App1\src\test\resources
2025-07-25 14:18:17,915 [Worker-46: Building] INFO  o.a.m.s.f.DefaultMavenResourcesFiltering - skip non existing resourceDirectory C:\Users\BETU\Desktop\coading\Spring-Core\Spring-core-App1\src\main\resources
2025-07-25 14:18:17,916 [Worker-46: Building] INFO  o.a.m.s.f.DefaultMavenResourcesFiltering - skip non existing resourceDirectory C:\Users\BETU\Desktop\coading\Spring-Core\Spring-core-App1\src\test\resources
2025-07-25 14:18:27,389 [Worker-45: Building] INFO  o.a.m.s.f.DefaultMavenResourcesFiltering - skip non existing resourceDirectory C:\Users\BETU\Desktop\coading\Spring-Core\Spring-core-App1\src\main\resources
2025-07-25 14:18:27,391 [Worker-45: Building] INFO  o.a.m.s.f.DefaultMavenResourcesFiltering - skip non existing resourceDirectory C:\Users\BETU\Desktop\coading\Spring-Core\Spring-core-App1\src\test\resources
2025-07-25 14:19:49,124 [Worker-44: Building] INFO  o.a.m.s.f.DefaultMavenResourcesFiltering - skip non existing resourceDirectory C:\Users\BETU\Desktop\coading\Spring-Core\Spring-core-App1\src\main\resources
2025-07-25 14:19:49,129 [Worker-44: Building] INFO  o.a.m.s.f.DefaultMavenResourcesFiltering - skip non existing resourceDirectory C:\Users\BETU\Desktop\coading\Spring-Core\Spring-core-App1\src\test\resources
2025-07-25 14:21:49,759 [Worker-46: Building] INFO  o.a.m.s.f.DefaultMavenResourcesFiltering - skip non existing resourceDirectory C:\Users\BETU\Desktop\coading\Spring-Core\Spring-core-cons-App2\src\main\resources
2025-07-25 14:21:49,763 [Worker-46: Building] INFO  o.a.m.s.f.DefaultMavenResourcesFiltering - skip non existing resourceDirectory C:\Users\BETU\Desktop\coading\Spring-Core\Spring-core-cons-App2\src\test\resources
2025-07-25 14:22:19,896 [Worker-50: Building] INFO  o.a.m.s.f.DefaultMavenResourcesFiltering - skip non existing resourceDirectory C:\Users\BETU\Desktop\coading\Spring-Core\Spring-core-cons-App2\src\main\resources
2025-07-25 14:22:19,898 [Worker-50: Building] INFO  o.a.m.s.f.DefaultMavenResourcesFiltering - skip non existing resourceDirectory C:\Users\BETU\Desktop\coading\Spring-Core\Spring-core-cons-App2\src\test\resources
2025-07-25 14:27:20,272 [Worker-50: Launching mavenrun-083b70ed-036b-4b6a-b964-86fd693b1785] INFO  o.eclipse.m2e.core.internal.Bundles - getClasspathEntries(Bundle=org.eclipse.m2e.maven.runtime_3.9.900.20240824-1409 [638])
2025-07-25 14:27:20,273 [Worker-50: Launching mavenrun-083b70ed-036b-4b6a-b964-86fd693b1785] INFO  o.eclipse.m2e.core.internal.Bundles - 	Entry: C:\Users\BETU\.p2\pool\plugins\org.eclipse.m2e.maven.runtime_3.9.900.20240824-1409
2025-07-25 14:27:20,273 [Worker-50: Launching mavenrun-083b70ed-036b-4b6a-b964-86fd693b1785] INFO  o.eclipse.m2e.core.internal.Bundles - 	Entry: C:\Users\BETU\.p2\pool\plugins\org.eclipse.m2e.maven.runtime_3.9.900.20240824-1409\jars\aopalliance-1.0.jar
2025-07-25 14:27:20,273 [Worker-50: Launching mavenrun-083b70ed-036b-4b6a-b964-86fd693b1785] INFO  o.eclipse.m2e.core.internal.Bundles - 	Entry: C:\Users\BETU\.p2\pool\plugins\org.eclipse.m2e.maven.runtime_3.9.900.20240824-1409\jars\guice-5.1.0.jar
2025-07-25 14:27:20,273 [Worker-50: Launching mavenrun-083b70ed-036b-4b6a-b964-86fd693b1785] INFO  o.eclipse.m2e.core.internal.Bundles - 	Entry: C:\Users\BETU\.p2\pool\plugins\org.eclipse.m2e.maven.runtime_3.9.900.20240824-1409\jars\httpclient-4.5.14.jar
2025-07-25 14:27:20,274 [Worker-50: Launching mavenrun-083b70ed-036b-4b6a-b964-86fd693b1785] INFO  o.eclipse.m2e.core.internal.Bundles - 	Entry: C:\Users\BETU\.p2\pool\plugins\org.eclipse.m2e.maven.runtime_3.9.900.20240824-1409\jars\httpcore-4.4.16.jar
2025-07-25 14:27:20,274 [Worker-50: Launching mavenrun-083b70ed-036b-4b6a-b964-86fd693b1785] INFO  o.eclipse.m2e.core.internal.Bundles - 	Entry: C:\Users\BETU\.p2\pool\plugins\org.eclipse.m2e.maven.runtime_3.9.900.20240824-1409\jars\jansi-2.4.1.jar
2025-07-25 14:27:20,274 [Worker-50: Launching mavenrun-083b70ed-036b-4b6a-b964-86fd693b1785] INFO  o.eclipse.m2e.core.internal.Bundles - 	Entry: C:\Users\BETU\.p2\pool\plugins\org.eclipse.m2e.maven.runtime_3.9.900.20240824-1409\jars\jcl-over-slf4j-1.7.36.jar
2025-07-25 14:27:20,274 [Worker-50: Launching mavenrun-083b70ed-036b-4b6a-b964-86fd693b1785] INFO  o.eclipse.m2e.core.internal.Bundles - 	Entry: C:\Users\BETU\.p2\pool\plugins\org.eclipse.m2e.maven.runtime_3.9.900.20240824-1409\jars\maven-artifact-3.9.9.jar
2025-07-25 14:27:20,274 [Worker-50: Launching mavenrun-083b70ed-036b-4b6a-b964-86fd693b1785] INFO  o.eclipse.m2e.core.internal.Bundles - 	Entry: C:\Users\BETU\.p2\pool\plugins\org.eclipse.m2e.maven.runtime_3.9.900.20240824-1409\jars\maven-builder-support-3.9.9.jar
2025-07-25 14:27:20,274 [Worker-50: Launching mavenrun-083b70ed-036b-4b6a-b964-86fd693b1785] INFO  o.eclipse.m2e.core.internal.Bundles - 	Entry: C:\Users\BETU\.p2\pool\plugins\org.eclipse.m2e.maven.runtime_3.9.900.20240824-1409\jars\maven-compat-3.9.9.jar
2025-07-25 14:27:20,274 [Worker-50: Launching mavenrun-083b70ed-036b-4b6a-b964-86fd693b1785] INFO  o.eclipse.m2e.core.internal.Bundles - 	Entry: C:\Users\BETU\.p2\pool\plugins\org.eclipse.m2e.maven.runtime_3.9.900.20240824-1409\jars\maven-core-3.9.9.jar
2025-07-25 14:27:20,274 [Worker-50: Launching mavenrun-083b70ed-036b-4b6a-b964-86fd693b1785] INFO  o.eclipse.m2e.core.internal.Bundles - 	Entry: C:\Users\BETU\.p2\pool\plugins\org.eclipse.m2e.maven.runtime_3.9.900.20240824-1409\jars\maven-embedder-3.9.9.jar
2025-07-25 14:27:20,274 [Worker-50: Launching mavenrun-083b70ed-036b-4b6a-b964-86fd693b1785] INFO  o.eclipse.m2e.core.internal.Bundles - 	Entry: C:\Users\BETU\.p2\pool\plugins\org.eclipse.m2e.maven.runtime_3.9.900.20240824-1409\jars\maven-model-3.9.9.jar
2025-07-25 14:27:20,274 [Worker-50: Launching mavenrun-083b70ed-036b-4b6a-b964-86fd693b1785] INFO  o.eclipse.m2e.core.internal.Bundles - 	Entry: C:\Users\BETU\.p2\pool\plugins\org.eclipse.m2e.maven.runtime_3.9.900.20240824-1409\jars\maven-model-builder-3.9.9.jar
2025-07-25 14:27:20,274 [Worker-50: Launching mavenrun-083b70ed-036b-4b6a-b964-86fd693b1785] INFO  o.eclipse.m2e.core.internal.Bundles - 	Entry: C:\Users\BETU\.p2\pool\plugins\org.eclipse.m2e.maven.runtime_3.9.900.20240824-1409\jars\maven-plugin-api-3.9.9.jar
2025-07-25 14:27:20,274 [Worker-50: Launching mavenrun-083b70ed-036b-4b6a-b964-86fd693b1785] INFO  o.eclipse.m2e.core.internal.Bundles - 	Entry: C:\Users\BETU\.p2\pool\plugins\org.eclipse.m2e.maven.runtime_3.9.900.20240824-1409\jars\maven-repository-metadata-3.9.9.jar
2025-07-25 14:27:20,275 [Worker-50: Launching mavenrun-083b70ed-036b-4b6a-b964-86fd693b1785] INFO  o.eclipse.m2e.core.internal.Bundles - 	Entry: C:\Users\BETU\.p2\pool\plugins\org.eclipse.m2e.maven.runtime_3.9.900.20240824-1409\jars\maven-resolver-api-1.9.22.jar
2025-07-25 14:27:20,275 [Worker-50: Launching mavenrun-083b70ed-036b-4b6a-b964-86fd693b1785] INFO  o.eclipse.m2e.core.internal.Bundles - 	Entry: C:\Users\BETU\.p2\pool\plugins\org.eclipse.m2e.maven.runtime_3.9.900.20240824-1409\jars\maven-resolver-connector-basic-1.9.22.jar
2025-07-25 14:27:20,275 [Worker-50: Launching mavenrun-083b70ed-036b-4b6a-b964-86fd693b1785] INFO  o.eclipse.m2e.core.internal.Bundles - 	Entry: C:\Users\BETU\.p2\pool\plugins\org.eclipse.m2e.maven.runtime_3.9.900.20240824-1409\jars\maven-resolver-impl-1.9.22.jar
2025-07-25 14:27:20,275 [Worker-50: Launching mavenrun-083b70ed-036b-4b6a-b964-86fd693b1785] INFO  o.eclipse.m2e.core.internal.Bundles - 	Entry: C:\Users\BETU\.p2\pool\plugins\org.eclipse.m2e.maven.runtime_3.9.900.20240824-1409\jars\maven-resolver-named-locks-1.9.22.jar
2025-07-25 14:27:20,275 [Worker-50: Launching mavenrun-083b70ed-036b-4b6a-b964-86fd693b1785] INFO  o.eclipse.m2e.core.internal.Bundles - 	Entry: C:\Users\BETU\.p2\pool\plugins\org.eclipse.m2e.maven.runtime_3.9.900.20240824-1409\jars\maven-resolver-provider-3.9.9.jar
2025-07-25 14:27:20,275 [Worker-50: Launching mavenrun-083b70ed-036b-4b6a-b964-86fd693b1785] INFO  o.eclipse.m2e.core.internal.Bundles - 	Entry: C:\Users\BETU\.p2\pool\plugins\org.eclipse.m2e.maven.runtime_3.9.900.20240824-1409\jars\maven-resolver-spi-1.9.22.jar
2025-07-25 14:27:20,275 [Worker-50: Launching mavenrun-083b70ed-036b-4b6a-b964-86fd693b1785] INFO  o.eclipse.m2e.core.internal.Bundles - 	Entry: C:\Users\BETU\.p2\pool\plugins\org.eclipse.m2e.maven.runtime_3.9.900.20240824-1409\jars\maven-resolver-transport-file-1.9.22.jar
2025-07-25 14:27:20,275 [Worker-50: Launching mavenrun-083b70ed-036b-4b6a-b964-86fd693b1785] INFO  o.eclipse.m2e.core.internal.Bundles - 	Entry: C:\Users\BETU\.p2\pool\plugins\org.eclipse.m2e.maven.runtime_3.9.900.20240824-1409\jars\maven-resolver-transport-http-1.9.22.jar
2025-07-25 14:27:20,275 [Worker-50: Launching mavenrun-083b70ed-036b-4b6a-b964-86fd693b1785] INFO  o.eclipse.m2e.core.internal.Bundles - 	Entry: C:\Users\BETU\.p2\pool\plugins\org.eclipse.m2e.maven.runtime_3.9.900.20240824-1409\jars\maven-resolver-transport-wagon-1.9.22.jar
2025-07-25 14:27:20,275 [Worker-50: Launching mavenrun-083b70ed-036b-4b6a-b964-86fd693b1785] INFO  o.eclipse.m2e.core.internal.Bundles - 	Entry: C:\Users\BETU\.p2\pool\plugins\org.eclipse.m2e.maven.runtime_3.9.900.20240824-1409\jars\maven-resolver-util-1.9.22.jar
2025-07-25 14:27:20,275 [Worker-50: Launching mavenrun-083b70ed-036b-4b6a-b964-86fd693b1785] INFO  o.eclipse.m2e.core.internal.Bundles - 	Entry: C:\Users\BETU\.p2\pool\plugins\org.eclipse.m2e.maven.runtime_3.9.900.20240824-1409\jars\maven-settings-3.9.9.jar
2025-07-25 14:27:20,276 [Worker-50: Launching mavenrun-083b70ed-036b-4b6a-b964-86fd693b1785] INFO  o.eclipse.m2e.core.internal.Bundles - 	Entry: C:\Users\BETU\.p2\pool\plugins\org.eclipse.m2e.maven.runtime_3.9.900.20240824-1409\jars\maven-settings-builder-3.9.9.jar
2025-07-25 14:27:20,276 [Worker-50: Launching mavenrun-083b70ed-036b-4b6a-b964-86fd693b1785] INFO  o.eclipse.m2e.core.internal.Bundles - 	Entry: C:\Users\BETU\.p2\pool\plugins\org.eclipse.m2e.maven.runtime_3.9.900.20240824-1409\jars\maven-shared-utils-3.4.2.jar
2025-07-25 14:27:20,276 [Worker-50: Launching mavenrun-083b70ed-036b-4b6a-b964-86fd693b1785] INFO  o.eclipse.m2e.core.internal.Bundles - 	Entry: C:\Users\BETU\.p2\pool\plugins\org.eclipse.m2e.maven.runtime_3.9.900.20240824-1409\jars\org.eclipse.sisu.inject-0.9.0.M3.jar
2025-07-25 14:27:20,276 [Worker-50: Launching mavenrun-083b70ed-036b-4b6a-b964-86fd693b1785] INFO  o.eclipse.m2e.core.internal.Bundles - 	Entry: C:\Users\BETU\.p2\pool\plugins\org.eclipse.m2e.maven.runtime_3.9.900.20240824-1409\jars\org.eclipse.sisu.plexus-0.9.0.M3.jar
2025-07-25 14:27:20,276 [Worker-50: Launching mavenrun-083b70ed-036b-4b6a-b964-86fd693b1785] INFO  o.eclipse.m2e.core.internal.Bundles - 	Entry: C:\Users\BETU\.p2\pool\plugins\org.eclipse.m2e.maven.runtime_3.9.900.20240824-1409\jars\plexus-build-api-0.0.7.jar
2025-07-25 14:27:20,276 [Worker-50: Launching mavenrun-083b70ed-036b-4b6a-b964-86fd693b1785] INFO  o.eclipse.m2e.core.internal.Bundles - 	Entry: C:\Users\BETU\.p2\pool\plugins\org.eclipse.m2e.maven.runtime_3.9.900.20240824-1409\jars\plexus-build-api-1.2.0.jar
2025-07-25 14:27:20,276 [Worker-50: Launching mavenrun-083b70ed-036b-4b6a-b964-86fd693b1785] INFO  o.eclipse.m2e.core.internal.Bundles - 	Entry: C:\Users\BETU\.p2\pool\plugins\org.eclipse.m2e.maven.runtime_3.9.900.20240824-1409\jars\plexus-cipher-2.0.jar
2025-07-25 14:27:20,276 [Worker-50: Launching mavenrun-083b70ed-036b-4b6a-b964-86fd693b1785] INFO  o.eclipse.m2e.core.internal.Bundles - 	Entry: C:\Users\BETU\.p2\pool\plugins\org.eclipse.m2e.maven.runtime_3.9.900.20240824-1409\jars\plexus-classworlds-2.8.0.jar
2025-07-25 14:27:20,276 [Worker-50: Launching mavenrun-083b70ed-036b-4b6a-b964-86fd693b1785] INFO  o.eclipse.m2e.core.internal.Bundles - 	Entry: C:\Users\BETU\.p2\pool\plugins\org.eclipse.m2e.maven.runtime_3.9.900.20240824-1409\jars\plexus-component-annotations-2.1.0.jar
2025-07-25 14:27:20,276 [Worker-50: Launching mavenrun-083b70ed-036b-4b6a-b964-86fd693b1785] INFO  o.eclipse.m2e.core.internal.Bundles - 	Entry: C:\Users\BETU\.p2\pool\plugins\org.eclipse.m2e.maven.runtime_3.9.900.20240824-1409\jars\plexus-interpolation-1.27.jar
2025-07-25 14:27:20,276 [Worker-50: Launching mavenrun-083b70ed-036b-4b6a-b964-86fd693b1785] INFO  o.eclipse.m2e.core.internal.Bundles - 	Entry: C:\Users\BETU\.p2\pool\plugins\org.eclipse.m2e.maven.runtime_3.9.900.20240824-1409\jars\plexus-sec-dispatcher-2.0.jar
2025-07-25 14:27:20,276 [Worker-50: Launching mavenrun-083b70ed-036b-4b6a-b964-86fd693b1785] INFO  o.eclipse.m2e.core.internal.Bundles - 	Entry: C:\Users\BETU\.p2\pool\plugins\org.eclipse.m2e.maven.runtime_3.9.900.20240824-1409\jars\plexus-utils-3.5.1.jar
2025-07-25 14:27:20,276 [Worker-50: Launching mavenrun-083b70ed-036b-4b6a-b964-86fd693b1785] INFO  o.eclipse.m2e.core.internal.Bundles - 	Entry: C:\Users\BETU\.p2\pool\plugins\org.eclipse.m2e.maven.runtime_3.9.900.20240824-1409\jars\plexus-xml-3.0.1.jar
2025-07-25 14:27:20,276 [Worker-50: Launching mavenrun-083b70ed-036b-4b6a-b964-86fd693b1785] INFO  o.eclipse.m2e.core.internal.Bundles - 	Entry: C:\Users\BETU\.p2\pool\plugins\org.eclipse.m2e.maven.runtime_3.9.900.20240824-1409\jars\wagon-file-3.5.3.jar
2025-07-25 14:27:20,276 [Worker-50: Launching mavenrun-083b70ed-036b-4b6a-b964-86fd693b1785] INFO  o.eclipse.m2e.core.internal.Bundles - 	Entry: C:\Users\BETU\.p2\pool\plugins\org.eclipse.m2e.maven.runtime_3.9.900.20240824-1409\jars\wagon-http-3.5.3.jar
2025-07-25 14:27:20,276 [Worker-50: Launching mavenrun-083b70ed-036b-4b6a-b964-86fd693b1785] INFO  o.eclipse.m2e.core.internal.Bundles - 	Entry: C:\Users\BETU\.p2\pool\plugins\org.eclipse.m2e.maven.runtime_3.9.900.20240824-1409\jars\wagon-http-shared-3.5.3.jar
2025-07-25 14:27:20,277 [Worker-50: Launching mavenrun-083b70ed-036b-4b6a-b964-86fd693b1785] INFO  o.eclipse.m2e.core.internal.Bundles - 	Entry: C:\Users\BETU\.p2\pool\plugins\org.eclipse.m2e.maven.runtime_3.9.900.20240824-1409\jars\wagon-provider-api-3.5.3.jar
2025-07-25 14:27:20,277 [Worker-50: Launching mavenrun-083b70ed-036b-4b6a-b964-86fd693b1785] INFO  o.eclipse.m2e.core.internal.Bundles - getClasspathEntries(Bundle=com.google.guava_33.3.1.jre [16])
2025-07-25 14:27:20,277 [Worker-50: Launching mavenrun-083b70ed-036b-4b6a-b964-86fd693b1785] INFO  o.eclipse.m2e.core.internal.Bundles - 	Entry: C:\Users\BETU\.p2\pool\plugins\com.google.guava_33.3.1.jre.jar
2025-07-25 14:27:20,277 [Worker-50: Launching mavenrun-083b70ed-036b-4b6a-b964-86fd693b1785] INFO  o.eclipse.m2e.core.internal.Bundles - getClasspathEntries(Bundle=slf4j.api_2.0.16 [1005])
2025-07-25 14:27:20,277 [Worker-50: Launching mavenrun-083b70ed-036b-4b6a-b964-86fd693b1785] INFO  o.eclipse.m2e.core.internal.Bundles - 	Entry: C:\Users\BETU\.p2\pool\plugins\slf4j.api_2.0.16.jar
2025-07-25 14:27:20,277 [Worker-50: Launching mavenrun-083b70ed-036b-4b6a-b964-86fd693b1785] INFO  o.eclipse.m2e.core.internal.Bundles - getClasspathEntries(Bundle=jakarta.inject.jakarta.inject-api_1.0.5 [34])
2025-07-25 14:27:20,277 [Worker-50: Launching mavenrun-083b70ed-036b-4b6a-b964-86fd693b1785] INFO  o.eclipse.m2e.core.internal.Bundles - 	Entry: C:\Users\BETU\.p2\pool\plugins\jakarta.inject.jakarta.inject-api_1.0.5.jar
2025-07-25 14:27:20,278 [Worker-50: Launching mavenrun-083b70ed-036b-4b6a-b964-86fd693b1785] INFO  o.eclipse.m2e.core.internal.Bundles - getClasspathEntries(Bundle=jakarta.annotation-api_1.3.5 [29])
2025-07-25 14:27:20,278 [Worker-50: Launching mavenrun-083b70ed-036b-4b6a-b964-86fd693b1785] INFO  o.eclipse.m2e.core.internal.Bundles - 	Entry: C:\Users\BETU\.p2\pool\plugins\jakarta.annotation-api_1.3.5.jar
2025-07-25 14:27:20,278 [Worker-50: Launching mavenrun-083b70ed-036b-4b6a-b964-86fd693b1785] INFO  o.eclipse.m2e.core.internal.Bundles - getClasspathEntries(Bundle=org.apache.commons.cli_1.9.0 [75])
2025-07-25 14:27:20,278 [Worker-50: Launching mavenrun-083b70ed-036b-4b6a-b964-86fd693b1785] INFO  o.eclipse.m2e.core.internal.Bundles - 	Entry: C:\Users\BETU\.p2\pool\plugins\org.apache.commons.cli_1.9.0.jar
2025-07-25 14:27:20,278 [Worker-50: Launching mavenrun-083b70ed-036b-4b6a-b964-86fd693b1785] INFO  o.eclipse.m2e.core.internal.Bundles - getClasspathEntries(Bundle=org.apache.commons.commons-codec_1.16.0 [78])
2025-07-25 14:27:20,278 [Worker-50: Launching mavenrun-083b70ed-036b-4b6a-b964-86fd693b1785] INFO  o.eclipse.m2e.core.internal.Bundles - 	Entry: C:\Users\BETU\.p2\pool\plugins\org.apache.commons.commons-codec_1.16.0.jar
2025-07-25 14:27:20,278 [Worker-50: Launching mavenrun-083b70ed-036b-4b6a-b964-86fd693b1785] INFO  o.eclipse.m2e.core.internal.Bundles - getClasspathEntries(Bundle=com.google.guava.failureaccess_1.0.2 [17])
2025-07-25 14:27:20,278 [Worker-50: Launching mavenrun-083b70ed-036b-4b6a-b964-86fd693b1785] INFO  o.eclipse.m2e.core.internal.Bundles - 	Entry: C:\Users\BETU\.p2\pool\plugins\com.google.guava.failureaccess_1.0.2.jar
2025-07-25 14:27:20,280 [Worker-50: Launching mavenrun-083b70ed-036b-4b6a-b964-86fd693b1785] INFO  o.e.m.i.launch.MavenLaunchDelegate - Run build in "C:\Users\BETU\AppData\Local\Temp\m2e-archetypeGenerator18308967691397587358":
2025-07-25 14:27:20,281 [Worker-50: Launching mavenrun-083b70ed-036b-4b6a-b964-86fd693b1785] INFO  o.e.m.i.launch.MavenLaunchDelegate -  mvn  -DarchetypeGroupId=org.apache.maven.archetypes -DarchetypeArtifactId=maven-archetype-quickstart -DarchetypeVersion=1.1 -DgroupId=com.univ -DartifactId=Spring-core-cons-App3 -Dversion=0.0.1-SNAPSHOT -Dpackage=com.univ -DoutputDirectory=C:\Users\BETU\Desktop\coading\Spring-Core -Dstyle.color=always -U archetype:generate
2025-07-25 14:31:41,030 [Worker-48: Creating maven-archetype-quickstart] INFO  o.e.m.c.i.p.ProjectConfigurationManager - Collecting project info '/pom.xml' C:\Users\BETU\Desktop\coading\Spring-Core\Spring-core-cons-App3\pom.xml
2025-07-25 14:31:41,692 [Worker-48: Creating maven-archetype-quickstart] INFO  o.e.m.c.i.l.LifecycleMappingFactory - Using org.eclipse.m2e.jdt.JarLifecycleMapping lifecycle mapping for MavenProject: com.univ:Spring-core-cons-App3:0.0.1-SNAPSHOT @ C:\Users\BETU\Desktop\coading\Spring-Core\Spring-core-cons-App3\pom.xml.
2025-07-25 14:31:43,348 [Worker-48: Creating maven-archetype-quickstart] INFO  o.e.m.j.i.AbstractJavaProjectConfigurator - Adding source folder /Spring-core-cons-App3/src/main/java
2025-07-25 14:31:43,349 [Worker-48: Creating maven-archetype-quickstart] INFO  o.e.m.j.i.AbstractJavaProjectConfigurator - Adding resource folder /Spring-core-cons-App3/src/main/resources
2025-07-25 14:31:43,362 [Worker-48: Creating maven-archetype-quickstart] INFO  o.e.m.j.i.AbstractJavaProjectConfigurator - Adding source folder /Spring-core-cons-App3/src/test/java
2025-07-25 14:31:43,364 [Worker-48: Creating maven-archetype-quickstart] INFO  o.e.m.j.i.AbstractJavaProjectConfigurator - Adding resource folder /Spring-core-cons-App3/src/test/resources
2025-07-25 14:31:43,472 [Worker-48: Creating maven-archetype-quickstart] INFO  o.e.m.c.i.p.ProjectConfigurationManager - Imported and configured 1 project(s) in 2 sec
2025-07-25 14:31:43,725 [Worker-54: Building] INFO  o.a.m.s.f.DefaultMavenResourcesFiltering - skip non existing resourceDirectory C:\Users\BETU\Desktop\coading\Spring-Core\Spring-core-cons-App3\src\main\resources
2025-07-25 14:31:43,727 [Worker-54: Building] INFO  o.a.m.s.f.DefaultMavenResourcesFiltering - skip non existing resourceDirectory C:\Users\BETU\Desktop\coading\Spring-Core\Spring-core-cons-App3\src\test\resources
2025-07-25 14:33:23,311 [Worker-54: Building] INFO  o.a.m.s.f.DefaultMavenResourcesFiltering - skip non existing resourceDirectory C:\Users\BETU\Desktop\coading\Spring-Core\Spring-core-cons-App3\src\main\resources
2025-07-25 14:33:23,315 [Worker-54: Building] INFO  o.a.m.s.f.DefaultMavenResourcesFiltering - skip non existing resourceDirectory C:\Users\BETU\Desktop\coading\Spring-Core\Spring-core-cons-App3\src\test\resources
2025-07-25 14:47:47,764 [Worker-61: Building] INFO  o.a.m.s.f.DefaultMavenResourcesFiltering - skip non existing resourceDirectory C:\Users\BETU\Desktop\coading\Spring-Core\Spring-core-cons-App3\src\main\resources
2025-07-25 14:47:47,766 [Worker-61: Building] INFO  o.a.m.s.f.DefaultMavenResourcesFiltering - skip non existing resourceDirectory C:\Users\BETU\Desktop\coading\Spring-Core\Spring-core-cons-App3\src\test\resources
2025-07-25 14:48:10,732 [Worker-61: Building] INFO  o.e.m.c.i.l.LifecycleMappingFactory - Using org.eclipse.m2e.jdt.JarLifecycleMapping lifecycle mapping for MavenProject: com.univ:Spring-core-cons-App3:0.0.1-SNAPSHOT @ C:\Users\BETU\Desktop\coading\Spring-Core\Spring-core-cons-App3\pom.xml.
2025-07-25 14:48:11,249 [Worker-61: Building] INFO  o.a.m.s.f.DefaultMavenResourcesFiltering - skip non existing resourceDirectory C:\Users\BETU\Desktop\coading\Spring-Core\Spring-core-cons-App3\src\main\resources
2025-07-25 14:48:11,251 [Worker-61: Building] INFO  o.a.m.s.f.DefaultMavenResourcesFiltering - skip non existing resourceDirectory C:\Users\BETU\Desktop\coading\Spring-Core\Spring-core-cons-App3\src\test\resources
2025-07-25 14:48:59,061 [Worker-64: Building] INFO  o.a.m.s.f.DefaultMavenResourcesFiltering - skip non existing resourceDirectory C:\Users\BETU\Desktop\coading\Spring-Core\Spring-core-cons-App3\src\main\resources
2025-07-25 14:48:59,067 [Worker-64: Building] INFO  o.a.m.s.f.DefaultMavenResourcesFiltering - skip non existing resourceDirectory C:\Users\BETU\Desktop\coading\Spring-Core\Spring-core-cons-App3\src\test\resources
2025-07-25 14:49:02,602 [Worker-64: Building] INFO  o.a.m.s.f.DefaultMavenResourcesFiltering - skip non existing resourceDirectory C:\Users\BETU\Desktop\coading\Spring-Core\Spring-core-cons-App3\src\main\resources
2025-07-25 14:49:02,604 [Worker-64: Building] INFO  o.a.m.s.f.DefaultMavenResourcesFiltering - skip non existing resourceDirectory C:\Users\BETU\Desktop\coading\Spring-Core\Spring-core-cons-App3\src\test\resources
2025-07-25 14:53:50,044 [Worker-48: Building] INFO  o.a.m.s.f.DefaultMavenResourcesFiltering - skip non existing resourceDirectory C:\Users\BETU\Desktop\coading\Spring-Core\Spring-core-cons-App3\src\main\resources
2025-07-25 14:53:50,047 [Worker-48: Building] INFO  o.a.m.s.f.DefaultMavenResourcesFiltering - skip non existing resourceDirectory C:\Users\BETU\Desktop\coading\Spring-Core\Spring-core-cons-App3\src\test\resources
2025-07-25 14:54:26,855 [Worker-63: Building] INFO  o.a.m.s.f.DefaultMavenResourcesFiltering - skip non existing resourceDirectory C:\Users\BETU\Desktop\coading\Spring-Core\Spring-core-cons-App3\src\main\resources
2025-07-25 14:54:26,856 [Worker-63: Building] INFO  o.a.m.s.f.DefaultMavenResourcesFiltering - skip non existing resourceDirectory C:\Users\BETU\Desktop\coading\Spring-Core\Spring-core-cons-App3\src\test\resources
2025-07-25 14:55:28,357 [Worker-65: Building] INFO  o.a.m.s.f.DefaultMavenResourcesFiltering - skip non existing resourceDirectory C:\Users\BETU\Desktop\coading\Spring-Core\Spring-core-cons-App3\src\main\resources
2025-07-25 14:55:28,359 [Worker-65: Building] INFO  o.a.m.s.f.DefaultMavenResourcesFiltering - skip non existing resourceDirectory C:\Users\BETU\Desktop\coading\Spring-Core\Spring-core-cons-App3\src\test\resources
2025-07-25 15:05:57,958 [Worker-67: Building] INFO  o.a.m.s.f.DefaultMavenResourcesFiltering - skip non existing resourceDirectory C:\Users\BETU\Desktop\coading\Spring-Core\Spring-core-cons-App3\src\main\resources
2025-07-25 15:05:57,960 [Worker-67: Building] INFO  o.a.m.s.f.DefaultMavenResourcesFiltering - skip non existing resourceDirectory C:\Users\BETU\Desktop\coading\Spring-Core\Spring-core-cons-App3\src\test\resources
2025-07-25 16:31:22,142 [Worker-75: Launching mavenrun-ee01e2ce-20c5-4f55-9913-a59007858366] INFO  o.eclipse.m2e.core.internal.Bundles - getClasspathEntries(Bundle=org.eclipse.m2e.maven.runtime_3.9.900.20240824-1409 [638])
2025-07-25 16:31:22,143 [Worker-75: Launching mavenrun-ee01e2ce-20c5-4f55-9913-a59007858366] INFO  o.eclipse.m2e.core.internal.Bundles - 	Entry: C:\Users\BETU\.p2\pool\plugins\org.eclipse.m2e.maven.runtime_3.9.900.20240824-1409
2025-07-25 16:31:22,144 [Worker-75: Launching mavenrun-ee01e2ce-20c5-4f55-9913-a59007858366] INFO  o.eclipse.m2e.core.internal.Bundles - 	Entry: C:\Users\BETU\.p2\pool\plugins\org.eclipse.m2e.maven.runtime_3.9.900.20240824-1409\jars\aopalliance-1.0.jar
2025-07-25 16:31:22,144 [Worker-75: Launching mavenrun-ee01e2ce-20c5-4f55-9913-a59007858366] INFO  o.eclipse.m2e.core.internal.Bundles - 	Entry: C:\Users\BETU\.p2\pool\plugins\org.eclipse.m2e.maven.runtime_3.9.900.20240824-1409\jars\guice-5.1.0.jar
2025-07-25 16:31:22,144 [Worker-75: Launching mavenrun-ee01e2ce-20c5-4f55-9913-a59007858366] INFO  o.eclipse.m2e.core.internal.Bundles - 	Entry: C:\Users\BETU\.p2\pool\plugins\org.eclipse.m2e.maven.runtime_3.9.900.20240824-1409\jars\httpclient-4.5.14.jar
2025-07-25 16:31:22,145 [Worker-75: Launching mavenrun-ee01e2ce-20c5-4f55-9913-a59007858366] INFO  o.eclipse.m2e.core.internal.Bundles - 	Entry: C:\Users\BETU\.p2\pool\plugins\org.eclipse.m2e.maven.runtime_3.9.900.20240824-1409\jars\httpcore-4.4.16.jar
2025-07-25 16:31:22,145 [Worker-75: Launching mavenrun-ee01e2ce-20c5-4f55-9913-a59007858366] INFO  o.eclipse.m2e.core.internal.Bundles - 	Entry: C:\Users\BETU\.p2\pool\plugins\org.eclipse.m2e.maven.runtime_3.9.900.20240824-1409\jars\jansi-2.4.1.jar
2025-07-25 16:31:22,145 [Worker-75: Launching mavenrun-ee01e2ce-20c5-4f55-9913-a59007858366] INFO  o.eclipse.m2e.core.internal.Bundles - 	Entry: C:\Users\BETU\.p2\pool\plugins\org.eclipse.m2e.maven.runtime_3.9.900.20240824-1409\jars\jcl-over-slf4j-1.7.36.jar
2025-07-25 16:31:22,145 [Worker-75: Launching mavenrun-ee01e2ce-20c5-4f55-9913-a59007858366] INFO  o.eclipse.m2e.core.internal.Bundles - 	Entry: C:\Users\BETU\.p2\pool\plugins\org.eclipse.m2e.maven.runtime_3.9.900.20240824-1409\jars\maven-artifact-3.9.9.jar
2025-07-25 16:31:22,146 [Worker-75: Launching mavenrun-ee01e2ce-20c5-4f55-9913-a59007858366] INFO  o.eclipse.m2e.core.internal.Bundles - 	Entry: C:\Users\BETU\.p2\pool\plugins\org.eclipse.m2e.maven.runtime_3.9.900.20240824-1409\jars\maven-builder-support-3.9.9.jar
2025-07-25 16:31:22,146 [Worker-75: Launching mavenrun-ee01e2ce-20c5-4f55-9913-a59007858366] INFO  o.eclipse.m2e.core.internal.Bundles - 	Entry: C:\Users\BETU\.p2\pool\plugins\org.eclipse.m2e.maven.runtime_3.9.900.20240824-1409\jars\maven-compat-3.9.9.jar
2025-07-25 16:31:22,146 [Worker-75: Launching mavenrun-ee01e2ce-20c5-4f55-9913-a59007858366] INFO  o.eclipse.m2e.core.internal.Bundles - 	Entry: C:\Users\BETU\.p2\pool\plugins\org.eclipse.m2e.maven.runtime_3.9.900.20240824-1409\jars\maven-core-3.9.9.jar
2025-07-25 16:31:22,147 [Worker-75: Launching mavenrun-ee01e2ce-20c5-4f55-9913-a59007858366] INFO  o.eclipse.m2e.core.internal.Bundles - 	Entry: C:\Users\BETU\.p2\pool\plugins\org.eclipse.m2e.maven.runtime_3.9.900.20240824-1409\jars\maven-embedder-3.9.9.jar
2025-07-25 16:31:22,147 [Worker-75: Launching mavenrun-ee01e2ce-20c5-4f55-9913-a59007858366] INFO  o.eclipse.m2e.core.internal.Bundles - 	Entry: C:\Users\BETU\.p2\pool\plugins\org.eclipse.m2e.maven.runtime_3.9.900.20240824-1409\jars\maven-model-3.9.9.jar
2025-07-25 16:31:22,147 [Worker-75: Launching mavenrun-ee01e2ce-20c5-4f55-9913-a59007858366] INFO  o.eclipse.m2e.core.internal.Bundles - 	Entry: C:\Users\BETU\.p2\pool\plugins\org.eclipse.m2e.maven.runtime_3.9.900.20240824-1409\jars\maven-model-builder-3.9.9.jar
2025-07-25 16:31:22,147 [Worker-75: Launching mavenrun-ee01e2ce-20c5-4f55-9913-a59007858366] INFO  o.eclipse.m2e.core.internal.Bundles - 	Entry: C:\Users\BETU\.p2\pool\plugins\org.eclipse.m2e.maven.runtime_3.9.900.20240824-1409\jars\maven-plugin-api-3.9.9.jar
2025-07-25 16:31:22,147 [Worker-75: Launching mavenrun-ee01e2ce-20c5-4f55-9913-a59007858366] INFO  o.eclipse.m2e.core.internal.Bundles - 	Entry: C:\Users\BETU\.p2\pool\plugins\org.eclipse.m2e.maven.runtime_3.9.900.20240824-1409\jars\maven-repository-metadata-3.9.9.jar
2025-07-25 16:31:22,147 [Worker-75: Launching mavenrun-ee01e2ce-20c5-4f55-9913-a59007858366] INFO  o.eclipse.m2e.core.internal.Bundles - 	Entry: C:\Users\BETU\.p2\pool\plugins\org.eclipse.m2e.maven.runtime_3.9.900.20240824-1409\jars\maven-resolver-api-1.9.22.jar
2025-07-25 16:31:22,147 [Worker-75: Launching mavenrun-ee01e2ce-20c5-4f55-9913-a59007858366] INFO  o.eclipse.m2e.core.internal.Bundles - 	Entry: C:\Users\BETU\.p2\pool\plugins\org.eclipse.m2e.maven.runtime_3.9.900.20240824-1409\jars\maven-resolver-connector-basic-1.9.22.jar
2025-07-25 16:31:22,148 [Worker-75: Launching mavenrun-ee01e2ce-20c5-4f55-9913-a59007858366] INFO  o.eclipse.m2e.core.internal.Bundles - 	Entry: C:\Users\BETU\.p2\pool\plugins\org.eclipse.m2e.maven.runtime_3.9.900.20240824-1409\jars\maven-resolver-impl-1.9.22.jar
2025-07-25 16:31:22,148 [Worker-75: Launching mavenrun-ee01e2ce-20c5-4f55-9913-a59007858366] INFO  o.eclipse.m2e.core.internal.Bundles - 	Entry: C:\Users\BETU\.p2\pool\plugins\org.eclipse.m2e.maven.runtime_3.9.900.20240824-1409\jars\maven-resolver-named-locks-1.9.22.jar
2025-07-25 16:31:22,148 [Worker-75: Launching mavenrun-ee01e2ce-20c5-4f55-9913-a59007858366] INFO  o.eclipse.m2e.core.internal.Bundles - 	Entry: C:\Users\BETU\.p2\pool\plugins\org.eclipse.m2e.maven.runtime_3.9.900.20240824-1409\jars\maven-resolver-provider-3.9.9.jar
2025-07-25 16:31:22,148 [Worker-75: Launching mavenrun-ee01e2ce-20c5-4f55-9913-a59007858366] INFO  o.eclipse.m2e.core.internal.Bundles - 	Entry: C:\Users\BETU\.p2\pool\plugins\org.eclipse.m2e.maven.runtime_3.9.900.20240824-1409\jars\maven-resolver-spi-1.9.22.jar
2025-07-25 16:31:22,148 [Worker-75: Launching mavenrun-ee01e2ce-20c5-4f55-9913-a59007858366] INFO  o.eclipse.m2e.core.internal.Bundles - 	Entry: C:\Users\BETU\.p2\pool\plugins\org.eclipse.m2e.maven.runtime_3.9.900.20240824-1409\jars\maven-resolver-transport-file-1.9.22.jar
2025-07-25 16:31:22,148 [Worker-75: Launching mavenrun-ee01e2ce-20c5-4f55-9913-a59007858366] INFO  o.eclipse.m2e.core.internal.Bundles - 	Entry: C:\Users\BETU\.p2\pool\plugins\org.eclipse.m2e.maven.runtime_3.9.900.20240824-1409\jars\maven-resolver-transport-http-1.9.22.jar
2025-07-25 16:31:22,148 [Worker-75: Launching mavenrun-ee01e2ce-20c5-4f55-9913-a59007858366] INFO  o.eclipse.m2e.core.internal.Bundles - 	Entry: C:\Users\BETU\.p2\pool\plugins\org.eclipse.m2e.maven.runtime_3.9.900.20240824-1409\jars\maven-resolver-transport-wagon-1.9.22.jar
2025-07-25 16:31:22,149 [Worker-75: Launching mavenrun-ee01e2ce-20c5-4f55-9913-a59007858366] INFO  o.eclipse.m2e.core.internal.Bundles - 	Entry: C:\Users\BETU\.p2\pool\plugins\org.eclipse.m2e.maven.runtime_3.9.900.20240824-1409\jars\maven-resolver-util-1.9.22.jar
2025-07-25 16:31:22,149 [Worker-75: Launching mavenrun-ee01e2ce-20c5-4f55-9913-a59007858366] INFO  o.eclipse.m2e.core.internal.Bundles - 	Entry: C:\Users\BETU\.p2\pool\plugins\org.eclipse.m2e.maven.runtime_3.9.900.20240824-1409\jars\maven-settings-3.9.9.jar
2025-07-25 16:31:22,149 [Worker-75: Launching mavenrun-ee01e2ce-20c5-4f55-9913-a59007858366] INFO  o.eclipse.m2e.core.internal.Bundles - 	Entry: C:\Users\BETU\.p2\pool\plugins\org.eclipse.m2e.maven.runtime_3.9.900.20240824-1409\jars\maven-settings-builder-3.9.9.jar
2025-07-25 16:31:22,149 [Worker-75: Launching mavenrun-ee01e2ce-20c5-4f55-9913-a59007858366] INFO  o.eclipse.m2e.core.internal.Bundles - 	Entry: C:\Users\BETU\.p2\pool\plugins\org.eclipse.m2e.maven.runtime_3.9.900.20240824-1409\jars\maven-shared-utils-3.4.2.jar
2025-07-25 16:31:22,149 [Worker-75: Launching mavenrun-ee01e2ce-20c5-4f55-9913-a59007858366] INFO  o.eclipse.m2e.core.internal.Bundles - 	Entry: C:\Users\BETU\.p2\pool\plugins\org.eclipse.m2e.maven.runtime_3.9.900.20240824-1409\jars\org.eclipse.sisu.inject-0.9.0.M3.jar
2025-07-25 16:31:22,150 [Worker-75: Launching mavenrun-ee01e2ce-20c5-4f55-9913-a59007858366] INFO  o.eclipse.m2e.core.internal.Bundles - 	Entry: C:\Users\BETU\.p2\pool\plugins\org.eclipse.m2e.maven.runtime_3.9.900.20240824-1409\jars\org.eclipse.sisu.plexus-0.9.0.M3.jar
2025-07-25 16:31:22,150 [Worker-75: Launching mavenrun-ee01e2ce-20c5-4f55-9913-a59007858366] INFO  o.eclipse.m2e.core.internal.Bundles - 	Entry: C:\Users\BETU\.p2\pool\plugins\org.eclipse.m2e.maven.runtime_3.9.900.20240824-1409\jars\plexus-build-api-0.0.7.jar
2025-07-25 16:31:22,150 [Worker-75: Launching mavenrun-ee01e2ce-20c5-4f55-9913-a59007858366] INFO  o.eclipse.m2e.core.internal.Bundles - 	Entry: C:\Users\BETU\.p2\pool\plugins\org.eclipse.m2e.maven.runtime_3.9.900.20240824-1409\jars\plexus-build-api-1.2.0.jar
2025-07-25 16:31:22,150 [Worker-75: Launching mavenrun-ee01e2ce-20c5-4f55-9913-a59007858366] INFO  o.eclipse.m2e.core.internal.Bundles - 	Entry: C:\Users\BETU\.p2\pool\plugins\org.eclipse.m2e.maven.runtime_3.9.900.20240824-1409\jars\plexus-cipher-2.0.jar
2025-07-25 16:31:22,150 [Worker-75: Launching mavenrun-ee01e2ce-20c5-4f55-9913-a59007858366] INFO  o.eclipse.m2e.core.internal.Bundles - 	Entry: C:\Users\BETU\.p2\pool\plugins\org.eclipse.m2e.maven.runtime_3.9.900.20240824-1409\jars\plexus-classworlds-2.8.0.jar
2025-07-25 16:31:22,151 [Worker-75: Launching mavenrun-ee01e2ce-20c5-4f55-9913-a59007858366] INFO  o.eclipse.m2e.core.internal.Bundles - 	Entry: C:\Users\BETU\.p2\pool\plugins\org.eclipse.m2e.maven.runtime_3.9.900.20240824-1409\jars\plexus-component-annotations-2.1.0.jar
2025-07-25 16:31:22,151 [Worker-75: Launching mavenrun-ee01e2ce-20c5-4f55-9913-a59007858366] INFO  o.eclipse.m2e.core.internal.Bundles - 	Entry: C:\Users\BETU\.p2\pool\plugins\org.eclipse.m2e.maven.runtime_3.9.900.20240824-1409\jars\plexus-interpolation-1.27.jar
2025-07-25 16:31:22,151 [Worker-75: Launching mavenrun-ee01e2ce-20c5-4f55-9913-a59007858366] INFO  o.eclipse.m2e.core.internal.Bundles - 	Entry: C:\Users\BETU\.p2\pool\plugins\org.eclipse.m2e.maven.runtime_3.9.900.20240824-1409\jars\plexus-sec-dispatcher-2.0.jar
2025-07-25 16:31:22,152 [Worker-75: Launching mavenrun-ee01e2ce-20c5-4f55-9913-a59007858366] INFO  o.eclipse.m2e.core.internal.Bundles - 	Entry: C:\Users\BETU\.p2\pool\plugins\org.eclipse.m2e.maven.runtime_3.9.900.20240824-1409\jars\plexus-utils-3.5.1.jar
2025-07-25 16:31:22,152 [Worker-75: Launching mavenrun-ee01e2ce-20c5-4f55-9913-a59007858366] INFO  o.eclipse.m2e.core.internal.Bundles - 	Entry: C:\Users\BETU\.p2\pool\plugins\org.eclipse.m2e.maven.runtime_3.9.900.20240824-1409\jars\plexus-xml-3.0.1.jar
2025-07-25 16:31:22,153 [Worker-75: Launching mavenrun-ee01e2ce-20c5-4f55-9913-a59007858366] INFO  o.eclipse.m2e.core.internal.Bundles - 	Entry: C:\Users\BETU\.p2\pool\plugins\org.eclipse.m2e.maven.runtime_3.9.900.20240824-1409\jars\wagon-file-3.5.3.jar
2025-07-25 16:31:22,153 [Worker-75: Launching mavenrun-ee01e2ce-20c5-4f55-9913-a59007858366] INFO  o.eclipse.m2e.core.internal.Bundles - 	Entry: C:\Users\BETU\.p2\pool\plugins\org.eclipse.m2e.maven.runtime_3.9.900.20240824-1409\jars\wagon-http-3.5.3.jar
2025-07-25 16:31:22,153 [Worker-75: Launching mavenrun-ee01e2ce-20c5-4f55-9913-a59007858366] INFO  o.eclipse.m2e.core.internal.Bundles - 	Entry: C:\Users\BETU\.p2\pool\plugins\org.eclipse.m2e.maven.runtime_3.9.900.20240824-1409\jars\wagon-http-shared-3.5.3.jar
2025-07-25 16:31:22,154 [Worker-75: Launching mavenrun-ee01e2ce-20c5-4f55-9913-a59007858366] INFO  o.eclipse.m2e.core.internal.Bundles - 	Entry: C:\Users\BETU\.p2\pool\plugins\org.eclipse.m2e.maven.runtime_3.9.900.20240824-1409\jars\wagon-provider-api-3.5.3.jar
2025-07-25 16:31:22,154 [Worker-75: Launching mavenrun-ee01e2ce-20c5-4f55-9913-a59007858366] INFO  o.eclipse.m2e.core.internal.Bundles - getClasspathEntries(Bundle=com.google.guava_33.3.1.jre [16])
2025-07-25 16:31:22,155 [Worker-75: Launching mavenrun-ee01e2ce-20c5-4f55-9913-a59007858366] INFO  o.eclipse.m2e.core.internal.Bundles - 	Entry: C:\Users\BETU\.p2\pool\plugins\com.google.guava_33.3.1.jre.jar
2025-07-25 16:31:22,156 [Worker-75: Launching mavenrun-ee01e2ce-20c5-4f55-9913-a59007858366] INFO  o.eclipse.m2e.core.internal.Bundles - getClasspathEntries(Bundle=slf4j.api_2.0.16 [1005])
2025-07-25 16:31:22,157 [Worker-75: Launching mavenrun-ee01e2ce-20c5-4f55-9913-a59007858366] INFO  o.eclipse.m2e.core.internal.Bundles - 	Entry: C:\Users\BETU\.p2\pool\plugins\slf4j.api_2.0.16.jar
2025-07-25 16:31:22,157 [Worker-75: Launching mavenrun-ee01e2ce-20c5-4f55-9913-a59007858366] INFO  o.eclipse.m2e.core.internal.Bundles - getClasspathEntries(Bundle=jakarta.inject.jakarta.inject-api_1.0.5 [34])
2025-07-25 16:31:22,157 [Worker-75: Launching mavenrun-ee01e2ce-20c5-4f55-9913-a59007858366] INFO  o.eclipse.m2e.core.internal.Bundles - 	Entry: C:\Users\BETU\.p2\pool\plugins\jakarta.inject.jakarta.inject-api_1.0.5.jar
2025-07-25 16:31:22,158 [Worker-75: Launching mavenrun-ee01e2ce-20c5-4f55-9913-a59007858366] INFO  o.eclipse.m2e.core.internal.Bundles - getClasspathEntries(Bundle=jakarta.annotation-api_1.3.5 [29])
2025-07-25 16:31:22,159 [Worker-75: Launching mavenrun-ee01e2ce-20c5-4f55-9913-a59007858366] INFO  o.eclipse.m2e.core.internal.Bundles - 	Entry: C:\Users\BETU\.p2\pool\plugins\jakarta.annotation-api_1.3.5.jar
2025-07-25 16:31:22,159 [Worker-75: Launching mavenrun-ee01e2ce-20c5-4f55-9913-a59007858366] INFO  o.eclipse.m2e.core.internal.Bundles - getClasspathEntries(Bundle=org.apache.commons.cli_1.9.0 [75])
2025-07-25 16:31:22,160 [Worker-75: Launching mavenrun-ee01e2ce-20c5-4f55-9913-a59007858366] INFO  o.eclipse.m2e.core.internal.Bundles - 	Entry: C:\Users\BETU\.p2\pool\plugins\org.apache.commons.cli_1.9.0.jar
2025-07-25 16:31:22,160 [Worker-75: Launching mavenrun-ee01e2ce-20c5-4f55-9913-a59007858366] INFO  o.eclipse.m2e.core.internal.Bundles - getClasspathEntries(Bundle=org.apache.commons.commons-codec_1.16.0 [78])
2025-07-25 16:31:22,161 [Worker-75: Launching mavenrun-ee01e2ce-20c5-4f55-9913-a59007858366] INFO  o.eclipse.m2e.core.internal.Bundles - 	Entry: C:\Users\BETU\.p2\pool\plugins\org.apache.commons.commons-codec_1.16.0.jar
2025-07-25 16:31:22,161 [Worker-75: Launching mavenrun-ee01e2ce-20c5-4f55-9913-a59007858366] INFO  o.eclipse.m2e.core.internal.Bundles - getClasspathEntries(Bundle=com.google.guava.failureaccess_1.0.2 [17])
2025-07-25 16:31:22,162 [Worker-75: Launching mavenrun-ee01e2ce-20c5-4f55-9913-a59007858366] INFO  o.eclipse.m2e.core.internal.Bundles - 	Entry: C:\Users\BETU\.p2\pool\plugins\com.google.guava.failureaccess_1.0.2.jar
2025-07-25 16:31:22,165 [Worker-75: Launching mavenrun-ee01e2ce-20c5-4f55-9913-a59007858366] INFO  o.e.m.i.launch.MavenLaunchDelegate - Run build in "C:\Users\BETU\AppData\Local\Temp\m2e-archetypeGenerator13675938604599823449":
2025-07-25 16:31:22,166 [Worker-75: Launching mavenrun-ee01e2ce-20c5-4f55-9913-a59007858366] INFO  o.e.m.i.launch.MavenLaunchDelegate -  mvn  -DarchetypeGroupId=org.apache.maven.archetypes -DarchetypeArtifactId=maven-archetype-quickstart -DarchetypeVersion=1.1 -DgroupId=com.univ -DartifactId=spring-collectionDI-App7 -Dversion=0.0.1-SNAPSHOT -Dpackage=com.univ -DoutputDirectory=C:\Users\BETU\Desktop\coading\Spring-Core -Dstyle.color=always -U archetype:generate
2025-07-25 16:32:40,524 [Worker-76: Creating maven-archetype-quickstart] INFO  o.e.m.c.i.p.ProjectConfigurationManager - Collecting project info '/pom.xml' C:\Users\BETU\Desktop\coading\Spring-Core\spring-collectionDI-App7\pom.xml
2025-07-25 16:32:40,559 [Worker-76: Creating maven-archetype-quickstart] ERROR o.e.m.c.i.URLConnectionCaches - Unexpected URLConnection defaultUseCaches enabled
2025-07-25 16:32:40,629 [Worker-76: Creating maven-archetype-quickstart] INFO  o.e.m.c.i.l.LifecycleMappingFactory - Using org.eclipse.m2e.jdt.JarLifecycleMapping lifecycle mapping for MavenProject: com.univ:spring-collectionDI-App7:0.0.1-SNAPSHOT @ C:\Users\BETU\Desktop\coading\Spring-Core\spring-collectionDI-App7\pom.xml.
2025-07-25 16:32:41,475 [Worker-76: Creating maven-archetype-quickstart] ERROR o.e.m.c.i.URLConnectionCaches - Unexpected URLConnection defaultUseCaches enabled
2025-07-25 16:32:41,518 [Worker-76: Creating maven-archetype-quickstart] INFO  o.e.m.j.i.AbstractJavaProjectConfigurator - Adding source folder /spring-collectionDI-App7/src/main/java
2025-07-25 16:32:41,519 [Worker-76: Creating maven-archetype-quickstart] INFO  o.e.m.j.i.AbstractJavaProjectConfigurator - Adding resource folder /spring-collectionDI-App7/src/main/resources
2025-07-25 16:32:41,533 [Worker-76: Creating maven-archetype-quickstart] INFO  o.e.m.j.i.AbstractJavaProjectConfigurator - Adding source folder /spring-collectionDI-App7/src/test/java
2025-07-25 16:32:41,534 [Worker-76: Creating maven-archetype-quickstart] INFO  o.e.m.j.i.AbstractJavaProjectConfigurator - Adding resource folder /spring-collectionDI-App7/src/test/resources
2025-07-25 16:32:41,582 [Worker-76: Creating maven-archetype-quickstart] INFO  o.e.m.c.i.p.ProjectConfigurationManager - Imported and configured 1 project(s) in 1 sec
2025-07-25 16:32:41,790 [Worker-80: Building] ERROR o.e.m.c.i.URLConnectionCaches - Unexpected URLConnection defaultUseCaches enabled
2025-07-25 16:32:41,796 [Worker-80: Building] INFO  o.a.m.s.f.DefaultMavenResourcesFiltering - skip non existing resourceDirectory C:\Users\BETU\Desktop\coading\Spring-Core\spring-collectionDI-App7\src\main\resources
2025-07-25 16:32:41,800 [Worker-80: Building] INFO  o.a.m.s.f.DefaultMavenResourcesFiltering - skip non existing resourceDirectory C:\Users\BETU\Desktop\coading\Spring-Core\spring-collectionDI-App7\src\test\resources
2025-07-25 16:33:19,280 [Worker-81: Building] ERROR o.e.m.c.i.URLConnectionCaches - Unexpected URLConnection defaultUseCaches enabled
2025-07-25 16:33:19,339 [Worker-81: Building] INFO  o.e.m.c.i.l.LifecycleMappingFactory - Using org.eclipse.m2e.jdt.JarLifecycleMapping lifecycle mapping for MavenProject: com.univ:spring-collectionDI-App7:0.0.1-SNAPSHOT @ C:\Users\BETU\Desktop\coading\Spring-Core\spring-collectionDI-App7\pom.xml.
2025-07-25 16:33:19,384 [Worker-81: Building] ERROR o.e.m.c.i.URLConnectionCaches - Unexpected URLConnection defaultUseCaches enabled
2025-07-25 16:33:19,389 [Worker-81: Building] INFO  o.a.m.s.f.DefaultMavenResourcesFiltering - skip non existing resourceDirectory C:\Users\BETU\Desktop\coading\Spring-Core\spring-collectionDI-App7\src\main\resources
2025-07-25 16:33:19,393 [Worker-81: Building] INFO  o.a.m.s.f.DefaultMavenResourcesFiltering - skip non existing resourceDirectory C:\Users\BETU\Desktop\coading\Spring-Core\spring-collectionDI-App7\src\test\resources
2025-07-25 16:33:20,660 [Worker-80: Building] ERROR o.e.m.c.i.URLConnectionCaches - Unexpected URLConnection defaultUseCaches enabled
2025-07-25 16:34:05,818 [Worker-79: Building] ERROR o.e.m.c.i.URLConnectionCaches - Unexpected URLConnection defaultUseCaches enabled
2025-07-25 16:34:05,824 [Worker-79: Building] INFO  o.a.m.s.f.DefaultMavenResourcesFiltering - skip non existing resourceDirectory C:\Users\BETU\Desktop\coading\Spring-Core\spring-collectionDI-App7\src\main\resources
2025-07-25 16:34:05,828 [Worker-79: Building] INFO  o.a.m.s.f.DefaultMavenResourcesFiltering - skip non existing resourceDirectory C:\Users\BETU\Desktop\coading\Spring-Core\spring-collectionDI-App7\src\test\resources
2025-07-25 16:34:16,249 [Worker-79: Building] ERROR o.e.m.c.i.URLConnectionCaches - Unexpected URLConnection defaultUseCaches enabled
2025-07-25 16:34:16,257 [Worker-79: Building] INFO  o.a.m.s.f.DefaultMavenResourcesFiltering - skip non existing resourceDirectory C:\Users\BETU\Desktop\coading\Spring-Core\spring-collectionDI-App7\src\main\resources
2025-07-25 16:34:16,261 [Worker-79: Building] INFO  o.a.m.s.f.DefaultMavenResourcesFiltering - skip non existing resourceDirectory C:\Users\BETU\Desktop\coading\Spring-Core\spring-collectionDI-App7\src\test\resources
2025-07-25 16:34:35,490 [Worker-83: Building] ERROR o.e.m.c.i.URLConnectionCaches - Unexpected URLConnection defaultUseCaches enabled
2025-07-25 16:34:35,608 [Worker-83: Building] ERROR o.e.m.c.i.p.r.ProjectRegistryManager - Could not read pom.xml
org.eclipse.core.runtime.CoreException: Could not read pom.xml
	at org.eclipse.m2e.core.internal.IMavenToolbox.readModel(IMavenToolbox.java:245)
	at org.eclipse.m2e.core.internal.project.registry.ProjectRegistryManager.refreshPhase2(ProjectRegistryManager.java:591)
	at org.eclipse.m2e.core.internal.project.registry.ProjectRegistryManager.refresh(ProjectRegistryManager.java:491)
	at org.eclipse.m2e.core.internal.project.registry.ProjectRegistryManager.refresh(ProjectRegistryManager.java:370)
	at org.eclipse.m2e.core.internal.project.registry.ProjectRegistryManager.refresh(ProjectRegistryManager.java:322)
	at org.eclipse.m2e.core.internal.builder.MavenBuilder$BuildMethod.getProjectFacade(MavenBuilder.java:146)
	at org.eclipse.m2e.core.internal.builder.MavenBuilder$BuildMethod.lambda$0(MavenBuilder.java:84)
	at org.eclipse.m2e.core.internal.embedder.MavenExecutionContext.executeBare(MavenExecutionContext.java:458)
	at org.eclipse.m2e.core.internal.embedder.MavenExecutionContext.execute(MavenExecutionContext.java:339)
	at org.eclipse.m2e.core.internal.embedder.MavenExecutionContext.execute(MavenExecutionContext.java:278)
	at org.eclipse.m2e.core.internal.builder.MavenBuilder$BuildMethod.execute(MavenBuilder.java:83)
	at org.eclipse.m2e.core.internal.builder.MavenBuilder.build(MavenBuilder.java:192)
	at org.eclipse.core.internal.events.BuildManager$2.run(BuildManager.java:1077)
	at org.eclipse.core.runtime.SafeRunner.run(SafeRunner.java:47)
	at org.eclipse.core.internal.events.BuildManager.basicBuild(BuildManager.java:296)
	at org.eclipse.core.internal.events.BuildManager.basicBuild(BuildManager.java:352)
	at org.eclipse.core.internal.events.BuildManager$1.run(BuildManager.java:441)
	at org.eclipse.core.runtime.SafeRunner.run(SafeRunner.java:47)
	at org.eclipse.core.internal.events.BuildManager.basicBuild(BuildManager.java:444)
	at org.eclipse.core.internal.events.BuildManager.basicBuildLoop(BuildManager.java:555)
	at org.eclipse.core.internal.events.BuildManager.basicBuildLoop(BuildManager.java:503)
	at org.eclipse.core.internal.events.BuildManager.build(BuildManager.java:585)
	at org.eclipse.core.internal.events.AutoBuildJob.doBuild(AutoBuildJob.java:207)
	at org.eclipse.core.internal.events.AutoBuildJob.run(AutoBuildJob.java:300)
	at org.eclipse.core.internal.jobs.Worker.run(Worker.java:63)
Caused by: org.apache.maven.model.io.ModelParseException: Unrecognised tag: 'dependencies' (position: START_TAG seen ...<dependencies>\r\n  \r\n    <dependencies>... @19:19) 
	at org.apache.maven.model.io.DefaultModelReader.read(DefaultModelReader.java:96)
	at org.apache.maven.model.io.DefaultModelReader.read(DefaultModelReader.java:74)
	at org.eclipse.m2e.core.internal.IMavenToolbox.readModel(IMavenToolbox.java:243)
	... 24 common frames omitted
Caused by: org.codehaus.plexus.util.xml.pull.XmlPullParserException: Unrecognised tag: 'dependencies' (position: START_TAG seen ...<dependencies>\r\n  \r\n    <dependencies>... @19:19) 
	at org.apache.maven.model.io.xpp3.MavenXpp3Reader.checkUnknownElement(MavenXpp3Reader.java:181)
	at org.apache.maven.model.io.xpp3.MavenXpp3Reader.parseModel(MavenXpp3Reader.java:2325)
	at org.apache.maven.model.io.xpp3.MavenXpp3Reader.read(MavenXpp3Reader.java:623)
	at org.apache.maven.model.io.xpp3.MavenXpp3Reader.read(MavenXpp3Reader.java:654)
	at org.apache.maven.model.io.DefaultModelReader.read(DefaultModelReader.java:93)
	... 26 common frames omitted
2025-07-25 16:35:13,237 [Worker-81: Building] ERROR o.e.m.c.i.URLConnectionCaches - Unexpected URLConnection defaultUseCaches enabled
2025-07-25 16:35:13,310 [Worker-81: Building] INFO  o.e.m.c.i.l.LifecycleMappingFactory - Using org.eclipse.m2e.jdt.JarLifecycleMapping lifecycle mapping for MavenProject: com.univ:spring-collectionDI-App7:0.0.1-SNAPSHOT @ C:\Users\BETU\Desktop\coading\Spring-Core\spring-collectionDI-App7\pom.xml.
2025-07-25 16:35:13,355 [Worker-81: Building] ERROR o.e.m.c.i.URLConnectionCaches - Unexpected URLConnection defaultUseCaches enabled
2025-07-25 16:35:13,358 [Worker-81: Building] INFO  o.a.m.s.f.DefaultMavenResourcesFiltering - skip non existing resourceDirectory C:\Users\BETU\Desktop\coading\Spring-Core\spring-collectionDI-App7\src\main\resources
2025-07-25 16:35:13,360 [Worker-81: Building] INFO  o.a.m.s.f.DefaultMavenResourcesFiltering - skip non existing resourceDirectory C:\Users\BETU\Desktop\coading\Spring-Core\spring-collectionDI-App7\src\test\resources
2025-07-25 16:35:14,550 [Worker-82: Building] ERROR o.e.m.c.i.URLConnectionCaches - Unexpected URLConnection defaultUseCaches enabled
2025-07-25 16:35:35,527 [Worker-76: Building] ERROR o.e.m.c.i.URLConnectionCaches - Unexpected URLConnection defaultUseCaches enabled
2025-07-25 16:36:02,259 [Worker-79: Building] ERROR o.e.m.c.i.URLConnectionCaches - Unexpected URLConnection defaultUseCaches enabled
2025-07-25 16:36:02,265 [Worker-79: Building] INFO  o.a.m.s.f.DefaultMavenResourcesFiltering - skip non existing resourceDirectory C:\Users\BETU\Desktop\coading\Spring-Core\spring-collectionDI-App7\src\main\resources
2025-07-25 16:36:02,270 [Worker-79: Building] INFO  o.a.m.s.f.DefaultMavenResourcesFiltering - skip non existing resourceDirectory C:\Users\BETU\Desktop\coading\Spring-Core\spring-collectionDI-App7\src\test\resources
2025-07-25 16:37:49,644 [Worker-83: Building] ERROR o.e.m.c.i.URLConnectionCaches - Unexpected URLConnection defaultUseCaches enabled
2025-07-25 16:37:49,651 [Worker-83: Building] INFO  o.a.m.s.f.DefaultMavenResourcesFiltering - skip non existing resourceDirectory C:\Users\BETU\Desktop\coading\Spring-Core\spring-collectionDI-App7\src\main\resources
2025-07-25 16:37:49,655 [Worker-83: Building] INFO  o.a.m.s.f.DefaultMavenResourcesFiltering - skip non existing resourceDirectory C:\Users\BETU\Desktop\coading\Spring-Core\spring-collectionDI-App7\src\test\resources
2025-07-25 16:39:25,221 [Worker-82: Building] ERROR o.e.m.c.i.URLConnectionCaches - Unexpected URLConnection defaultUseCaches enabled
2025-07-25 16:39:25,226 [Worker-82: Building] INFO  o.a.m.s.f.DefaultMavenResourcesFiltering - skip non existing resourceDirectory C:\Users\BETU\Desktop\coading\Spring-Core\spring-collectionDI-App7\src\main\resources
2025-07-25 16:39:25,230 [Worker-82: Building] INFO  o.a.m.s.f.DefaultMavenResourcesFiltering - skip non existing resourceDirectory C:\Users\BETU\Desktop\coading\Spring-Core\spring-collectionDI-App7\src\test\resources
2025-07-25 16:39:59,455 [Worker-82: Building] ERROR o.e.m.c.i.URLConnectionCaches - Unexpected URLConnection defaultUseCaches enabled
2025-07-25 16:39:59,459 [Worker-82: Building] INFO  o.a.m.s.f.DefaultMavenResourcesFiltering - skip non existing resourceDirectory C:\Users\BETU\Desktop\coading\Spring-Core\spring-collectionDI-App7\src\main\resources
2025-07-25 16:39:59,462 [Worker-82: Building] INFO  o.a.m.s.f.DefaultMavenResourcesFiltering - skip non existing resourceDirectory C:\Users\BETU\Desktop\coading\Spring-Core\spring-collectionDI-App7\src\test\resources
2025-07-25 16:40:13,954 [Worker-76: Building] ERROR o.e.m.c.i.URLConnectionCaches - Unexpected URLConnection defaultUseCaches enabled
2025-07-25 16:40:13,957 [Worker-76: Building] INFO  o.a.m.s.f.DefaultMavenResourcesFiltering - skip non existing resourceDirectory C:\Users\BETU\Desktop\coading\Spring-Core\spring-collectionDI-App7\src\main\resources
2025-07-25 16:40:13,958 [Worker-76: Building] INFO  o.a.m.s.f.DefaultMavenResourcesFiltering - skip non existing resourceDirectory C:\Users\BETU\Desktop\coading\Spring-Core\spring-collectionDI-App7\src\test\resources
2025-07-25 16:40:47,548 [Worker-83: Building] ERROR o.e.m.c.i.URLConnectionCaches - Unexpected URLConnection defaultUseCaches enabled
2025-07-25 16:40:47,552 [Worker-83: Building] INFO  o.a.m.s.f.DefaultMavenResourcesFiltering - skip non existing resourceDirectory C:\Users\BETU\Desktop\coading\Spring-Core\spring-collectionDI-App7\src\main\resources
2025-07-25 16:40:47,554 [Worker-83: Building] INFO  o.a.m.s.f.DefaultMavenResourcesFiltering - skip non existing resourceDirectory C:\Users\BETU\Desktop\coading\Spring-Core\spring-collectionDI-App7\src\test\resources
2025-07-25 16:41:27,147 [Worker-76: Building] ERROR o.e.m.c.i.URLConnectionCaches - Unexpected URLConnection defaultUseCaches enabled
2025-07-25 16:41:27,151 [Worker-76: Building] INFO  o.a.m.s.f.DefaultMavenResourcesFiltering - skip non existing resourceDirectory C:\Users\BETU\Desktop\coading\Spring-Core\spring-collectionDI-App7\src\main\resources
2025-07-25 16:41:27,154 [Worker-76: Building] INFO  o.a.m.s.f.DefaultMavenResourcesFiltering - skip non existing resourceDirectory C:\Users\BETU\Desktop\coading\Spring-Core\spring-collectionDI-App7\src\test\resources
2025-07-25 16:43:34,759 [Worker-76: Building] ERROR o.e.m.c.i.URLConnectionCaches - Unexpected URLConnection defaultUseCaches enabled
2025-07-25 16:43:34,766 [Worker-76: Building] INFO  o.a.m.s.f.DefaultMavenResourcesFiltering - skip non existing resourceDirectory C:\Users\BETU\Desktop\coading\Spring-Core\spring-collectionDI-App7\src\main\resources
2025-07-25 16:43:34,769 [Worker-76: Building] INFO  o.a.m.s.f.DefaultMavenResourcesFiltering - skip non existing resourceDirectory C:\Users\BETU\Desktop\coading\Spring-Core\spring-collectionDI-App7\src\test\resources
2025-07-25 16:43:59,449 [Worker-81: Building] ERROR o.e.m.c.i.URLConnectionCaches - Unexpected URLConnection defaultUseCaches enabled
2025-07-25 16:43:59,452 [Worker-81: Building] INFO  o.a.m.s.f.DefaultMavenResourcesFiltering - skip non existing resourceDirectory C:\Users\BETU\Desktop\coading\Spring-Core\spring-collectionDI-App7\src\main\resources
2025-07-25 16:43:59,456 [Worker-81: Building] INFO  o.a.m.s.f.DefaultMavenResourcesFiltering - skip non existing resourceDirectory C:\Users\BETU\Desktop\coading\Spring-Core\spring-collectionDI-App7\src\test\resources
2025-07-25 16:45:13,132 [Worker-86: Building] ERROR o.e.m.c.i.URLConnectionCaches - Unexpected URLConnection defaultUseCaches enabled
2025-07-25 16:45:13,136 [Worker-86: Building] INFO  o.a.m.s.f.DefaultMavenResourcesFiltering - skip non existing resourceDirectory C:\Users\BETU\Desktop\coading\Spring-Core\spring-collectionDI-App7\src\main\resources
2025-07-25 16:45:13,139 [Worker-86: Building] INFO  o.a.m.s.f.DefaultMavenResourcesFiltering - skip non existing resourceDirectory C:\Users\BETU\Desktop\coading\Spring-Core\spring-collectionDI-App7\src\test\resources
2025-07-25 16:45:42,430 [Worker-86: Building] ERROR o.e.m.c.i.URLConnectionCaches - Unexpected URLConnection defaultUseCaches enabled
2025-07-25 16:45:42,435 [Worker-86: Building] INFO  o.a.m.s.f.DefaultMavenResourcesFiltering - skip non existing resourceDirectory C:\Users\BETU\Desktop\coading\Spring-Core\spring-collectionDI-App7\src\main\resources
2025-07-25 16:45:42,437 [Worker-86: Building] INFO  o.a.m.s.f.DefaultMavenResourcesFiltering - skip non existing resourceDirectory C:\Users\BETU\Desktop\coading\Spring-Core\spring-collectionDI-App7\src\test\resources
2025-07-25 16:48:02,274 [Worker-76: Building] ERROR o.e.m.c.i.URLConnectionCaches - Unexpected URLConnection defaultUseCaches enabled
2025-07-25 16:48:02,281 [Worker-76: Building] INFO  o.a.m.s.f.DefaultMavenResourcesFiltering - skip non existing resourceDirectory C:\Users\BETU\Desktop\coading\Spring-Core\spring-collectionDI-App7\src\main\resources
2025-07-25 16:48:02,283 [Worker-76: Building] INFO  o.a.m.s.f.DefaultMavenResourcesFiltering - skip non existing resourceDirectory C:\Users\BETU\Desktop\coading\Spring-Core\spring-collectionDI-App7\src\test\resources
2025-07-25 16:48:29,570 [Worker-86: Building] ERROR o.e.m.c.i.URLConnectionCaches - Unexpected URLConnection defaultUseCaches enabled
2025-07-25 16:48:29,576 [Worker-86: Building] INFO  o.a.m.s.f.DefaultMavenResourcesFiltering - skip non existing resourceDirectory C:\Users\BETU\Desktop\coading\Spring-Core\spring-collectionDI-App7\src\main\resources
2025-07-25 16:48:29,580 [Worker-86: Building] INFO  o.a.m.s.f.DefaultMavenResourcesFiltering - skip non existing resourceDirectory C:\Users\BETU\Desktop\coading\Spring-Core\spring-collectionDI-App7\src\test\resources
2025-07-25 16:49:42,965 [Worker-81: Building] ERROR o.e.m.c.i.URLConnectionCaches - Unexpected URLConnection defaultUseCaches enabled
2025-07-25 16:49:42,971 [Worker-81: Building] INFO  o.a.m.s.f.DefaultMavenResourcesFiltering - skip non existing resourceDirectory C:\Users\BETU\Desktop\coading\Spring-Core\spring-collectionDI-App7\src\main\resources
2025-07-25 16:49:42,974 [Worker-81: Building] INFO  o.a.m.s.f.DefaultMavenResourcesFiltering - skip non existing resourceDirectory C:\Users\BETU\Desktop\coading\Spring-Core\spring-collectionDI-App7\src\test\resources
2025-07-25 16:49:59,444 [Worker-81: Building] ERROR o.e.m.c.i.URLConnectionCaches - Unexpected URLConnection defaultUseCaches enabled
2025-07-25 16:49:59,447 [Worker-81: Building] INFO  o.a.m.s.f.DefaultMavenResourcesFiltering - skip non existing resourceDirectory C:\Users\BETU\Desktop\coading\Spring-Core\spring-collectionDI-App7\src\main\resources
2025-07-25 16:49:59,449 [Worker-81: Building] INFO  o.a.m.s.f.DefaultMavenResourcesFiltering - skip non existing resourceDirectory C:\Users\BETU\Desktop\coading\Spring-Core\spring-collectionDI-App7\src\test\resources
2025-07-25 16:50:52,199 [Stop Help Server] INFO  org.eclipse.jetty.server.Server - Stopped oejs.Server@3d4362f8{STOPPING}[12.0.15,sto=0]
2025-07-25 16:50:52,238 [Stop Help Server] INFO  o.e.jetty.server.AbstractConnector - Stopped ServerConnector@2965ad2b{HTTP/1.1, (http/1.1)}{127.0.0.1:0}
2025-07-25 17:05:12,843 [Worker-7: Loading available Gradle versions] INFO  o.e.b.c.i.u.g.PublishedGradleVersions - Gradle version information cache is out-of-date. Trying to update.
2025-07-25 17:07:50,518 [Worker-26: Launching mavenrun-07d16e83-f872-4a25-9f0c-b7dafa3bbf02] INFO  o.eclipse.m2e.core.internal.Bundles - getClasspathEntries(Bundle=org.eclipse.m2e.maven.runtime_3.9.900.20240824-1409 [638])
2025-07-25 17:07:50,524 [Worker-26: Launching mavenrun-07d16e83-f872-4a25-9f0c-b7dafa3bbf02] INFO  o.eclipse.m2e.core.internal.Bundles - 	Entry: C:\Users\BETU\.p2\pool\plugins\org.eclipse.m2e.maven.runtime_3.9.900.20240824-1409
2025-07-25 17:07:50,525 [Worker-26: Launching mavenrun-07d16e83-f872-4a25-9f0c-b7dafa3bbf02] INFO  o.eclipse.m2e.core.internal.Bundles - 	Entry: C:\Users\BETU\.p2\pool\plugins\org.eclipse.m2e.maven.runtime_3.9.900.20240824-1409\jars\aopalliance-1.0.jar
2025-07-25 17:07:50,525 [Worker-26: Launching mavenrun-07d16e83-f872-4a25-9f0c-b7dafa3bbf02] INFO  o.eclipse.m2e.core.internal.Bundles - 	Entry: C:\Users\BETU\.p2\pool\plugins\org.eclipse.m2e.maven.runtime_3.9.900.20240824-1409\jars\guice-5.1.0.jar
2025-07-25 17:07:50,526 [Worker-26: Launching mavenrun-07d16e83-f872-4a25-9f0c-b7dafa3bbf02] INFO  o.eclipse.m2e.core.internal.Bundles - 	Entry: C:\Users\BETU\.p2\pool\plugins\org.eclipse.m2e.maven.runtime_3.9.900.20240824-1409\jars\httpclient-4.5.14.jar
2025-07-25 17:07:50,526 [Worker-26: Launching mavenrun-07d16e83-f872-4a25-9f0c-b7dafa3bbf02] INFO  o.eclipse.m2e.core.internal.Bundles - 	Entry: C:\Users\BETU\.p2\pool\plugins\org.eclipse.m2e.maven.runtime_3.9.900.20240824-1409\jars\httpcore-4.4.16.jar
2025-07-25 17:07:50,526 [Worker-26: Launching mavenrun-07d16e83-f872-4a25-9f0c-b7dafa3bbf02] INFO  o.eclipse.m2e.core.internal.Bundles - 	Entry: C:\Users\BETU\.p2\pool\plugins\org.eclipse.m2e.maven.runtime_3.9.900.20240824-1409\jars\jansi-2.4.1.jar
2025-07-25 17:07:50,526 [Worker-26: Launching mavenrun-07d16e83-f872-4a25-9f0c-b7dafa3bbf02] INFO  o.eclipse.m2e.core.internal.Bundles - 	Entry: C:\Users\BETU\.p2\pool\plugins\org.eclipse.m2e.maven.runtime_3.9.900.20240824-1409\jars\jcl-over-slf4j-1.7.36.jar
2025-07-25 17:07:50,526 [Worker-26: Launching mavenrun-07d16e83-f872-4a25-9f0c-b7dafa3bbf02] INFO  o.eclipse.m2e.core.internal.Bundles - 	Entry: C:\Users\BETU\.p2\pool\plugins\org.eclipse.m2e.maven.runtime_3.9.900.20240824-1409\jars\maven-artifact-3.9.9.jar
2025-07-25 17:07:50,526 [Worker-26: Launching mavenrun-07d16e83-f872-4a25-9f0c-b7dafa3bbf02] INFO  o.eclipse.m2e.core.internal.Bundles - 	Entry: C:\Users\BETU\.p2\pool\plugins\org.eclipse.m2e.maven.runtime_3.9.900.20240824-1409\jars\maven-builder-support-3.9.9.jar
2025-07-25 17:07:50,527 [Worker-26: Launching mavenrun-07d16e83-f872-4a25-9f0c-b7dafa3bbf02] INFO  o.eclipse.m2e.core.internal.Bundles - 	Entry: C:\Users\BETU\.p2\pool\plugins\org.eclipse.m2e.maven.runtime_3.9.900.20240824-1409\jars\maven-compat-3.9.9.jar
2025-07-25 17:07:50,527 [Worker-26: Launching mavenrun-07d16e83-f872-4a25-9f0c-b7dafa3bbf02] INFO  o.eclipse.m2e.core.internal.Bundles - 	Entry: C:\Users\BETU\.p2\pool\plugins\org.eclipse.m2e.maven.runtime_3.9.900.20240824-1409\jars\maven-core-3.9.9.jar
2025-07-25 17:07:50,527 [Worker-26: Launching mavenrun-07d16e83-f872-4a25-9f0c-b7dafa3bbf02] INFO  o.eclipse.m2e.core.internal.Bundles - 	Entry: C:\Users\BETU\.p2\pool\plugins\org.eclipse.m2e.maven.runtime_3.9.900.20240824-1409\jars\maven-embedder-3.9.9.jar
2025-07-25 17:07:50,527 [Worker-26: Launching mavenrun-07d16e83-f872-4a25-9f0c-b7dafa3bbf02] INFO  o.eclipse.m2e.core.internal.Bundles - 	Entry: C:\Users\BETU\.p2\pool\plugins\org.eclipse.m2e.maven.runtime_3.9.900.20240824-1409\jars\maven-model-3.9.9.jar
2025-07-25 17:07:50,527 [Worker-26: Launching mavenrun-07d16e83-f872-4a25-9f0c-b7dafa3bbf02] INFO  o.eclipse.m2e.core.internal.Bundles - 	Entry: C:\Users\BETU\.p2\pool\plugins\org.eclipse.m2e.maven.runtime_3.9.900.20240824-1409\jars\maven-model-builder-3.9.9.jar
2025-07-25 17:07:50,527 [Worker-26: Launching mavenrun-07d16e83-f872-4a25-9f0c-b7dafa3bbf02] INFO  o.eclipse.m2e.core.internal.Bundles - 	Entry: C:\Users\BETU\.p2\pool\plugins\org.eclipse.m2e.maven.runtime_3.9.900.20240824-1409\jars\maven-plugin-api-3.9.9.jar
2025-07-25 17:07:50,527 [Worker-26: Launching mavenrun-07d16e83-f872-4a25-9f0c-b7dafa3bbf02] INFO  o.eclipse.m2e.core.internal.Bundles - 	Entry: C:\Users\BETU\.p2\pool\plugins\org.eclipse.m2e.maven.runtime_3.9.900.20240824-1409\jars\maven-repository-metadata-3.9.9.jar
2025-07-25 17:07:50,528 [Worker-26: Launching mavenrun-07d16e83-f872-4a25-9f0c-b7dafa3bbf02] INFO  o.eclipse.m2e.core.internal.Bundles - 	Entry: C:\Users\BETU\.p2\pool\plugins\org.eclipse.m2e.maven.runtime_3.9.900.20240824-1409\jars\maven-resolver-api-1.9.22.jar
2025-07-25 17:07:50,528 [Worker-26: Launching mavenrun-07d16e83-f872-4a25-9f0c-b7dafa3bbf02] INFO  o.eclipse.m2e.core.internal.Bundles - 	Entry: C:\Users\BETU\.p2\pool\plugins\org.eclipse.m2e.maven.runtime_3.9.900.20240824-1409\jars\maven-resolver-connector-basic-1.9.22.jar
2025-07-25 17:07:50,528 [Worker-26: Launching mavenrun-07d16e83-f872-4a25-9f0c-b7dafa3bbf02] INFO  o.eclipse.m2e.core.internal.Bundles - 	Entry: C:\Users\BETU\.p2\pool\plugins\org.eclipse.m2e.maven.runtime_3.9.900.20240824-1409\jars\maven-resolver-impl-1.9.22.jar
2025-07-25 17:07:50,528 [Worker-26: Launching mavenrun-07d16e83-f872-4a25-9f0c-b7dafa3bbf02] INFO  o.eclipse.m2e.core.internal.Bundles - 	Entry: C:\Users\BETU\.p2\pool\plugins\org.eclipse.m2e.maven.runtime_3.9.900.20240824-1409\jars\maven-resolver-named-locks-1.9.22.jar
2025-07-25 17:07:50,528 [Worker-26: Launching mavenrun-07d16e83-f872-4a25-9f0c-b7dafa3bbf02] INFO  o.eclipse.m2e.core.internal.Bundles - 	Entry: C:\Users\BETU\.p2\pool\plugins\org.eclipse.m2e.maven.runtime_3.9.900.20240824-1409\jars\maven-resolver-provider-3.9.9.jar
2025-07-25 17:07:50,529 [Worker-26: Launching mavenrun-07d16e83-f872-4a25-9f0c-b7dafa3bbf02] INFO  o.eclipse.m2e.core.internal.Bundles - 	Entry: C:\Users\BETU\.p2\pool\plugins\org.eclipse.m2e.maven.runtime_3.9.900.20240824-1409\jars\maven-resolver-spi-1.9.22.jar
2025-07-25 17:07:50,529 [Worker-26: Launching mavenrun-07d16e83-f872-4a25-9f0c-b7dafa3bbf02] INFO  o.eclipse.m2e.core.internal.Bundles - 	Entry: C:\Users\BETU\.p2\pool\plugins\org.eclipse.m2e.maven.runtime_3.9.900.20240824-1409\jars\maven-resolver-transport-file-1.9.22.jar
2025-07-25 17:07:50,529 [Worker-26: Launching mavenrun-07d16e83-f872-4a25-9f0c-b7dafa3bbf02] INFO  o.eclipse.m2e.core.internal.Bundles - 	Entry: C:\Users\BETU\.p2\pool\plugins\org.eclipse.m2e.maven.runtime_3.9.900.20240824-1409\jars\maven-resolver-transport-http-1.9.22.jar
2025-07-25 17:07:50,529 [Worker-26: Launching mavenrun-07d16e83-f872-4a25-9f0c-b7dafa3bbf02] INFO  o.eclipse.m2e.core.internal.Bundles - 	Entry: C:\Users\BETU\.p2\pool\plugins\org.eclipse.m2e.maven.runtime_3.9.900.20240824-1409\jars\maven-resolver-transport-wagon-1.9.22.jar
2025-07-25 17:07:50,529 [Worker-26: Launching mavenrun-07d16e83-f872-4a25-9f0c-b7dafa3bbf02] INFO  o.eclipse.m2e.core.internal.Bundles - 	Entry: C:\Users\BETU\.p2\pool\plugins\org.eclipse.m2e.maven.runtime_3.9.900.20240824-1409\jars\maven-resolver-util-1.9.22.jar
2025-07-25 17:07:50,529 [Worker-26: Launching mavenrun-07d16e83-f872-4a25-9f0c-b7dafa3bbf02] INFO  o.eclipse.m2e.core.internal.Bundles - 	Entry: C:\Users\BETU\.p2\pool\plugins\org.eclipse.m2e.maven.runtime_3.9.900.20240824-1409\jars\maven-settings-3.9.9.jar
2025-07-25 17:07:50,529 [Worker-26: Launching mavenrun-07d16e83-f872-4a25-9f0c-b7dafa3bbf02] INFO  o.eclipse.m2e.core.internal.Bundles - 	Entry: C:\Users\BETU\.p2\pool\plugins\org.eclipse.m2e.maven.runtime_3.9.900.20240824-1409\jars\maven-settings-builder-3.9.9.jar
2025-07-25 17:07:50,530 [Worker-26: Launching mavenrun-07d16e83-f872-4a25-9f0c-b7dafa3bbf02] INFO  o.eclipse.m2e.core.internal.Bundles - 	Entry: C:\Users\BETU\.p2\pool\plugins\org.eclipse.m2e.maven.runtime_3.9.900.20240824-1409\jars\maven-shared-utils-3.4.2.jar
2025-07-25 17:07:50,530 [Worker-26: Launching mavenrun-07d16e83-f872-4a25-9f0c-b7dafa3bbf02] INFO  o.eclipse.m2e.core.internal.Bundles - 	Entry: C:\Users\BETU\.p2\pool\plugins\org.eclipse.m2e.maven.runtime_3.9.900.20240824-1409\jars\org.eclipse.sisu.inject-0.9.0.M3.jar
2025-07-25 17:07:50,530 [Worker-26: Launching mavenrun-07d16e83-f872-4a25-9f0c-b7dafa3bbf02] INFO  o.eclipse.m2e.core.internal.Bundles - 	Entry: C:\Users\BETU\.p2\pool\plugins\org.eclipse.m2e.maven.runtime_3.9.900.20240824-1409\jars\org.eclipse.sisu.plexus-0.9.0.M3.jar
2025-07-25 17:07:50,530 [Worker-26: Launching mavenrun-07d16e83-f872-4a25-9f0c-b7dafa3bbf02] INFO  o.eclipse.m2e.core.internal.Bundles - 	Entry: C:\Users\BETU\.p2\pool\plugins\org.eclipse.m2e.maven.runtime_3.9.900.20240824-1409\jars\plexus-build-api-0.0.7.jar
2025-07-25 17:07:50,530 [Worker-26: Launching mavenrun-07d16e83-f872-4a25-9f0c-b7dafa3bbf02] INFO  o.eclipse.m2e.core.internal.Bundles - 	Entry: C:\Users\BETU\.p2\pool\plugins\org.eclipse.m2e.maven.runtime_3.9.900.20240824-1409\jars\plexus-build-api-1.2.0.jar
2025-07-25 17:07:50,530 [Worker-26: Launching mavenrun-07d16e83-f872-4a25-9f0c-b7dafa3bbf02] INFO  o.eclipse.m2e.core.internal.Bundles - 	Entry: C:\Users\BETU\.p2\pool\plugins\org.eclipse.m2e.maven.runtime_3.9.900.20240824-1409\jars\plexus-cipher-2.0.jar
2025-07-25 17:07:50,530 [Worker-26: Launching mavenrun-07d16e83-f872-4a25-9f0c-b7dafa3bbf02] INFO  o.eclipse.m2e.core.internal.Bundles - 	Entry: C:\Users\BETU\.p2\pool\plugins\org.eclipse.m2e.maven.runtime_3.9.900.20240824-1409\jars\plexus-classworlds-2.8.0.jar
2025-07-25 17:07:50,530 [Worker-26: Launching mavenrun-07d16e83-f872-4a25-9f0c-b7dafa3bbf02] INFO  o.eclipse.m2e.core.internal.Bundles - 	Entry: C:\Users\BETU\.p2\pool\plugins\org.eclipse.m2e.maven.runtime_3.9.900.20240824-1409\jars\plexus-component-annotations-2.1.0.jar
2025-07-25 17:07:50,531 [Worker-26: Launching mavenrun-07d16e83-f872-4a25-9f0c-b7dafa3bbf02] INFO  o.eclipse.m2e.core.internal.Bundles - 	Entry: C:\Users\BETU\.p2\pool\plugins\org.eclipse.m2e.maven.runtime_3.9.900.20240824-1409\jars\plexus-interpolation-1.27.jar
2025-07-25 17:07:50,531 [Worker-26: Launching mavenrun-07d16e83-f872-4a25-9f0c-b7dafa3bbf02] INFO  o.eclipse.m2e.core.internal.Bundles - 	Entry: C:\Users\BETU\.p2\pool\plugins\org.eclipse.m2e.maven.runtime_3.9.900.20240824-1409\jars\plexus-sec-dispatcher-2.0.jar
2025-07-25 17:07:50,531 [Worker-26: Launching mavenrun-07d16e83-f872-4a25-9f0c-b7dafa3bbf02] INFO  o.eclipse.m2e.core.internal.Bundles - 	Entry: C:\Users\BETU\.p2\pool\plugins\org.eclipse.m2e.maven.runtime_3.9.900.20240824-1409\jars\plexus-utils-3.5.1.jar
2025-07-25 17:07:50,531 [Worker-26: Launching mavenrun-07d16e83-f872-4a25-9f0c-b7dafa3bbf02] INFO  o.eclipse.m2e.core.internal.Bundles - 	Entry: C:\Users\BETU\.p2\pool\plugins\org.eclipse.m2e.maven.runtime_3.9.900.20240824-1409\jars\plexus-xml-3.0.1.jar
2025-07-25 17:07:50,531 [Worker-26: Launching mavenrun-07d16e83-f872-4a25-9f0c-b7dafa3bbf02] INFO  o.eclipse.m2e.core.internal.Bundles - 	Entry: C:\Users\BETU\.p2\pool\plugins\org.eclipse.m2e.maven.runtime_3.9.900.20240824-1409\jars\wagon-file-3.5.3.jar
2025-07-25 17:07:50,531 [Worker-26: Launching mavenrun-07d16e83-f872-4a25-9f0c-b7dafa3bbf02] INFO  o.eclipse.m2e.core.internal.Bundles - 	Entry: C:\Users\BETU\.p2\pool\plugins\org.eclipse.m2e.maven.runtime_3.9.900.20240824-1409\jars\wagon-http-3.5.3.jar
2025-07-25 17:07:50,531 [Worker-26: Launching mavenrun-07d16e83-f872-4a25-9f0c-b7dafa3bbf02] INFO  o.eclipse.m2e.core.internal.Bundles - 	Entry: C:\Users\BETU\.p2\pool\plugins\org.eclipse.m2e.maven.runtime_3.9.900.20240824-1409\jars\wagon-http-shared-3.5.3.jar
2025-07-25 17:07:50,531 [Worker-26: Launching mavenrun-07d16e83-f872-4a25-9f0c-b7dafa3bbf02] INFO  o.eclipse.m2e.core.internal.Bundles - 	Entry: C:\Users\BETU\.p2\pool\plugins\org.eclipse.m2e.maven.runtime_3.9.900.20240824-1409\jars\wagon-provider-api-3.5.3.jar
2025-07-25 17:07:50,533 [Worker-26: Launching mavenrun-07d16e83-f872-4a25-9f0c-b7dafa3bbf02] INFO  o.eclipse.m2e.core.internal.Bundles - getClasspathEntries(Bundle=com.google.guava_33.3.1.jre [16])
2025-07-25 17:07:50,534 [Worker-26: Launching mavenrun-07d16e83-f872-4a25-9f0c-b7dafa3bbf02] INFO  o.eclipse.m2e.core.internal.Bundles - 	Entry: C:\Users\BETU\.p2\pool\plugins\com.google.guava_33.3.1.jre.jar
2025-07-25 17:07:50,534 [Worker-26: Launching mavenrun-07d16e83-f872-4a25-9f0c-b7dafa3bbf02] INFO  o.eclipse.m2e.core.internal.Bundles - getClasspathEntries(Bundle=slf4j.api_2.0.16 [1005])
2025-07-25 17:07:50,535 [Worker-26: Launching mavenrun-07d16e83-f872-4a25-9f0c-b7dafa3bbf02] INFO  o.eclipse.m2e.core.internal.Bundles - 	Entry: C:\Users\BETU\.p2\pool\plugins\slf4j.api_2.0.16.jar
2025-07-25 17:07:50,535 [Worker-26: Launching mavenrun-07d16e83-f872-4a25-9f0c-b7dafa3bbf02] INFO  o.eclipse.m2e.core.internal.Bundles - getClasspathEntries(Bundle=jakarta.inject.jakarta.inject-api_1.0.5 [34])
2025-07-25 17:07:50,536 [Worker-26: Launching mavenrun-07d16e83-f872-4a25-9f0c-b7dafa3bbf02] INFO  o.eclipse.m2e.core.internal.Bundles - 	Entry: C:\Users\BETU\.p2\pool\plugins\jakarta.inject.jakarta.inject-api_1.0.5.jar
2025-07-25 17:07:50,536 [Worker-26: Launching mavenrun-07d16e83-f872-4a25-9f0c-b7dafa3bbf02] INFO  o.eclipse.m2e.core.internal.Bundles - getClasspathEntries(Bundle=jakarta.annotation-api_1.3.5 [29])
2025-07-25 17:07:50,536 [Worker-26: Launching mavenrun-07d16e83-f872-4a25-9f0c-b7dafa3bbf02] INFO  o.eclipse.m2e.core.internal.Bundles - 	Entry: C:\Users\BETU\.p2\pool\plugins\jakarta.annotation-api_1.3.5.jar
2025-07-25 17:07:50,536 [Worker-26: Launching mavenrun-07d16e83-f872-4a25-9f0c-b7dafa3bbf02] INFO  o.eclipse.m2e.core.internal.Bundles - getClasspathEntries(Bundle=org.apache.commons.cli_1.9.0 [75])
2025-07-25 17:07:50,537 [Worker-26: Launching mavenrun-07d16e83-f872-4a25-9f0c-b7dafa3bbf02] INFO  o.eclipse.m2e.core.internal.Bundles - 	Entry: C:\Users\BETU\.p2\pool\plugins\org.apache.commons.cli_1.9.0.jar
2025-07-25 17:07:50,537 [Worker-26: Launching mavenrun-07d16e83-f872-4a25-9f0c-b7dafa3bbf02] INFO  o.eclipse.m2e.core.internal.Bundles - getClasspathEntries(Bundle=org.apache.commons.commons-codec_1.16.0 [78])
2025-07-25 17:07:50,538 [Worker-26: Launching mavenrun-07d16e83-f872-4a25-9f0c-b7dafa3bbf02] INFO  o.eclipse.m2e.core.internal.Bundles - 	Entry: C:\Users\BETU\.p2\pool\plugins\org.apache.commons.commons-codec_1.16.0.jar
2025-07-25 17:07:50,538 [Worker-26: Launching mavenrun-07d16e83-f872-4a25-9f0c-b7dafa3bbf02] INFO  o.eclipse.m2e.core.internal.Bundles - getClasspathEntries(Bundle=com.google.guava.failureaccess_1.0.2 [17])
2025-07-25 17:07:50,538 [Worker-26: Launching mavenrun-07d16e83-f872-4a25-9f0c-b7dafa3bbf02] INFO  o.eclipse.m2e.core.internal.Bundles - 	Entry: C:\Users\BETU\.p2\pool\plugins\com.google.guava.failureaccess_1.0.2.jar
2025-07-25 17:07:50,544 [Worker-26: Launching mavenrun-07d16e83-f872-4a25-9f0c-b7dafa3bbf02] INFO  o.e.m.i.launch.MavenLaunchDelegate - Run build in "C:\Users\BETU\AppData\Local\Temp\m2e-archetypeGenerator7036832387001792983":
2025-07-25 17:07:50,552 [Worker-26: Launching mavenrun-07d16e83-f872-4a25-9f0c-b7dafa3bbf02] INFO  o.e.m.i.launch.MavenLaunchDelegate -  mvn  -DarchetypeGroupId=org.apache.maven.archetypes -DarchetypeArtifactId=maven-archetype-quickstart -DarchetypeVersion=1.1 -DgroupId=com.univ -DartifactId=Spring-AutowireByType -Dversion=0.0.1-SNAPSHOT -Dpackage=com.univ -DoutputDirectory=C:\Users\BETU\Desktop\coading\Spring-Core -Dstyle.color=always -U archetype:generate
2025-07-25 17:08:39,754 [Worker-18: Creating maven-archetype-quickstart] INFO  o.e.m.c.i.p.ProjectConfigurationManager - Collecting project info '/pom.xml' C:\Users\BETU\Desktop\coading\Spring-Core\Spring-AutowireByType\pom.xml
2025-07-25 17:08:42,512 [Worker-18: Creating maven-archetype-quickstart] INFO  o.e.m.c.i.l.LifecycleMappingFactory - Using org.eclipse.m2e.jdt.JarLifecycleMapping lifecycle mapping for MavenProject: com.univ:Spring-AutowireByType:0.0.1-SNAPSHOT @ C:\Users\BETU\Desktop\coading\Spring-Core\Spring-AutowireByType\pom.xml.
2025-07-25 17:08:44,228 [Worker-18: Creating maven-archetype-quickstart] INFO  o.e.m.j.i.AbstractJavaProjectConfigurator - Adding source folder /Spring-AutowireByType/src/main/java
2025-07-25 17:08:44,231 [Worker-18: Creating maven-archetype-quickstart] INFO  o.e.m.j.i.AbstractJavaProjectConfigurator - Adding resource folder /Spring-AutowireByType/src/main/resources
2025-07-25 17:08:44,236 [Worker-18: Creating maven-archetype-quickstart] INFO  o.e.m.j.i.AbstractJavaProjectConfigurator - Adding source folder /Spring-AutowireByType/src/test/java
2025-07-25 17:08:44,238 [Worker-18: Creating maven-archetype-quickstart] INFO  o.e.m.j.i.AbstractJavaProjectConfigurator - Adding resource folder /Spring-AutowireByType/src/test/resources
2025-07-25 17:08:44,339 [Worker-18: Creating maven-archetype-quickstart] INFO  o.e.m.c.i.p.ProjectConfigurationManager - Imported and configured 1 project(s) in 4 sec
2025-07-25 17:08:44,816 [Worker-18: Building] INFO  o.a.m.s.f.DefaultMavenResourcesFiltering - skip non existing resourceDirectory C:\Users\BETU\Desktop\coading\Spring-Core\Spring-AutowireByType\src\main\resources
2025-07-25 17:08:44,824 [Worker-18: Building] INFO  o.a.m.s.f.DefaultMavenResourcesFiltering - skip non existing resourceDirectory C:\Users\BETU\Desktop\coading\Spring-Core\Spring-AutowireByType\src\test\resources
2025-07-25 17:10:48,399 [Worker-29: Building] INFO  o.a.m.s.f.DefaultMavenResourcesFiltering - skip non existing resourceDirectory C:\Users\BETU\Desktop\coading\Spring-Core\Spring-AutowireByType\src\main\resources
2025-07-25 17:10:48,403 [Worker-29: Building] INFO  o.a.m.s.f.DefaultMavenResourcesFiltering - skip non existing resourceDirectory C:\Users\BETU\Desktop\coading\Spring-Core\Spring-AutowireByType\src\test\resources
2025-07-25 17:12:46,836 [Worker-29: Building] INFO  o.a.m.s.f.DefaultMavenResourcesFiltering - skip non existing resourceDirectory C:\Users\BETU\Desktop\coading\Spring-Core\Spring-AutowireByType\src\main\resources
2025-07-25 17:12:46,841 [Worker-29: Building] INFO  o.a.m.s.f.DefaultMavenResourcesFiltering - skip non existing resourceDirectory C:\Users\BETU\Desktop\coading\Spring-Core\Spring-AutowireByType\src\test\resources
2025-07-25 17:13:03,513 [Worker-34: Building] INFO  o.a.m.s.f.DefaultMavenResourcesFiltering - skip non existing resourceDirectory C:\Users\BETU\Desktop\coading\Spring-Core\Spring-AutowireByType\src\main\resources
2025-07-25 17:13:03,519 [Worker-34: Building] INFO  o.a.m.s.f.DefaultMavenResourcesFiltering - skip non existing resourceDirectory C:\Users\BETU\Desktop\coading\Spring-Core\Spring-AutowireByType\src\test\resources
2025-07-25 17:14:31,819 [Worker-33: Building] INFO  o.e.m.c.i.l.LifecycleMappingFactory - Using org.eclipse.m2e.jdt.JarLifecycleMapping lifecycle mapping for MavenProject: com.univ:Spring-AutowireByType:0.0.1-SNAPSHOT @ C:\Users\BETU\Desktop\coading\Spring-Core\Spring-AutowireByType\pom.xml.
2025-07-25 17:14:32,100 [Worker-33: Building] INFO  o.a.m.s.f.DefaultMavenResourcesFiltering - skip non existing resourceDirectory C:\Users\BETU\Desktop\coading\Spring-Core\Spring-AutowireByType\src\main\resources
2025-07-25 17:14:32,105 [Worker-33: Building] INFO  o.a.m.s.f.DefaultMavenResourcesFiltering - skip non existing resourceDirectory C:\Users\BETU\Desktop\coading\Spring-Core\Spring-AutowireByType\src\test\resources
2025-07-25 17:16:27,909 [Worker-29: Building] INFO  o.a.m.s.f.DefaultMavenResourcesFiltering - skip non existing resourceDirectory C:\Users\BETU\Desktop\coading\Spring-Core\Spring-AutowireByType\src\main\resources
2025-07-25 17:16:27,912 [Worker-29: Building] INFO  o.a.m.s.f.DefaultMavenResourcesFiltering - skip non existing resourceDirectory C:\Users\BETU\Desktop\coading\Spring-Core\Spring-AutowireByType\src\test\resources
2025-07-25 17:17:38,920 [Worker-29: Building] INFO  o.a.m.s.f.DefaultMavenResourcesFiltering - skip non existing resourceDirectory C:\Users\BETU\Desktop\coading\Spring-Core\Spring-AutowireByType\src\main\resources
2025-07-25 17:17:38,926 [Worker-29: Building] INFO  o.a.m.s.f.DefaultMavenResourcesFiltering - skip non existing resourceDirectory C:\Users\BETU\Desktop\coading\Spring-Core\Spring-AutowireByType\src\test\resources
2025-07-25 17:19:11,755 [Worker-36: Building] INFO  o.a.m.s.f.DefaultMavenResourcesFiltering - skip non existing resourceDirectory C:\Users\BETU\Desktop\coading\Spring-Core\Spring-AutowireByType\src\main\resources
2025-07-25 17:19:11,759 [Worker-36: Building] INFO  o.a.m.s.f.DefaultMavenResourcesFiltering - skip non existing resourceDirectory C:\Users\BETU\Desktop\coading\Spring-Core\Spring-AutowireByType\src\test\resources
2025-07-25 17:20:25,370 [Worker-29: Building] INFO  o.a.m.s.f.DefaultMavenResourcesFiltering - skip non existing resourceDirectory C:\Users\BETU\Desktop\coading\Spring-Core\Spring-AutowireByType\src\main\resources
2025-07-25 17:20:25,373 [Worker-29: Building] INFO  o.a.m.s.f.DefaultMavenResourcesFiltering - skip non existing resourceDirectory C:\Users\BETU\Desktop\coading\Spring-Core\Spring-AutowireByType\src\test\resources
2025-07-25 17:21:50,015 [Worker-36: Building] INFO  o.a.m.s.f.DefaultMavenResourcesFiltering - skip non existing resourceDirectory C:\Users\BETU\Desktop\coading\Spring-Core\Spring-AutowireByType\src\main\resources
2025-07-25 17:21:50,018 [Worker-36: Building] INFO  o.a.m.s.f.DefaultMavenResourcesFiltering - skip non existing resourceDirectory C:\Users\BETU\Desktop\coading\Spring-Core\Spring-AutowireByType\src\test\resources
2025-07-25 17:22:57,632 [Start Help Server] INFO  org.eclipse.jetty.server.Server - jetty-12.0.15; built: 2024-11-05T19:44:57.623Z; git: 8281ae9740d4b4225e8166cc476bad237c70213a; jvm 23.0.2+7-58
2025-07-25 17:22:57,738 [Start Help Server] INFO  o.e.j.server.handler.ContextHandler - Started oeje8n.ContextHandler$CoreContextHandler@33feadb5{/help,/help,b=null,a=AVAILABLE,h=oeje8n.ContextHandler$CoreContextHandler$CoreToNestedHandler@3948cac7{STARTED}}
2025-07-25 17:22:57,739 [Start Help Server] INFO  o.e.j.s.DefaultSessionIdManager - Session workerName=node0
2025-07-25 17:22:57,779 [Start Help Server] INFO  o.e.jetty.server.AbstractConnector - Started ServerConnector@73775a74{HTTP/1.1, (http/1.1)}{127.0.0.1:50099}
2025-07-25 17:22:57,804 [Start Help Server] INFO  org.eclipse.jetty.server.Server - Started oejs.Server@d472651{STARTING}[12.0.15,sto=0] @1134947ms
2025-07-25 17:25:29,015 [Worker-36: Building] INFO  o.a.m.s.f.DefaultMavenResourcesFiltering - skip non existing resourceDirectory C:\Users\BETU\Desktop\coading\Spring-Core\Spring-AutowireByType\src\main\resources
2025-07-25 17:25:29,023 [Worker-36: Building] INFO  o.a.m.s.f.DefaultMavenResourcesFiltering - skip non existing resourceDirectory C:\Users\BETU\Desktop\coading\Spring-Core\Spring-AutowireByType\src\test\resources
2025-07-25 17:26:00,894 [Worker-29: Building] INFO  o.a.m.s.f.DefaultMavenResourcesFiltering - skip non existing resourceDirectory C:\Users\BETU\Desktop\coading\Spring-Core\Spring-AutowireByType\src\main\resources
2025-07-25 17:26:00,896 [Worker-29: Building] INFO  o.a.m.s.f.DefaultMavenResourcesFiltering - skip non existing resourceDirectory C:\Users\BETU\Desktop\coading\Spring-Core\Spring-AutowireByType\src\test\resources
2025-07-25 18:40:34,183 [Worker-33: Building] INFO  o.a.m.s.f.DefaultMavenResourcesFiltering - skip non existing resourceDirectory C:\Users\BETU\Desktop\coading\Spring-Core\spring-collectionDI-App7\src\main\resources
2025-07-25 18:40:34,185 [Worker-33: Building] INFO  o.a.m.s.f.DefaultMavenResourcesFiltering - skip non existing resourceDirectory C:\Users\BETU\Desktop\coading\Spring-Core\spring-collectionDI-App7\src\test\resources
2025-07-28 11:27:00,511 [Worker-6: Loading available Gradle versions] INFO  o.e.b.c.i.u.g.PublishedGradleVersions - Gradle version information cache is out-of-date. Trying to update.
2025-07-28 11:35:53,382 [Worker-32: Building] INFO  o.a.m.s.f.DefaultMavenResourcesFiltering - skip non existing resourceDirectory C:\Users\BETU\Desktop\coading\Spring-Core\Spring-AutowireByType\src\main\resources
2025-07-28 11:35:53,389 [Worker-32: Building] INFO  o.a.m.s.f.DefaultMavenResourcesFiltering - skip non existing resourceDirectory C:\Users\BETU\Desktop\coading\Spring-Core\Spring-AutowireByType\src\test\resources
2025-07-28 11:35:55,065 [Worker-32: Building] INFO  o.a.m.s.f.DefaultMavenResourcesFiltering - skip non existing resourceDirectory C:\Users\BETU\Desktop\coading\Spring-Core\spring-collectionDI-App7\src\main\resources
2025-07-28 11:35:55,069 [Worker-32: Building] INFO  o.a.m.s.f.DefaultMavenResourcesFiltering - skip non existing resourceDirectory C:\Users\BETU\Desktop\coading\Spring-Core\spring-collectionDI-App7\src\test\resources
2025-07-28 11:36:55,192 [Worker-30: Building] INFO  o.a.m.s.f.DefaultMavenResourcesFiltering - skip non existing resourceDirectory C:\Users\BETU\Desktop\coading\Spring-Core\Spring-AutowireByType\src\main\resources
2025-07-28 11:36:55,192 [Worker-30: Building] INFO  o.a.m.s.f.DefaultMavenResourcesFiltering - skip non existing resourceDirectory C:\Users\BETU\Desktop\coading\Spring-Core\Spring-AutowireByType\src\test\resources
2025-07-28 11:55:21,652 [Worker-40: Building] INFO  o.a.m.s.f.DefaultMavenResourcesFiltering - skip non existing resourceDirectory C:\Users\BETU\Desktop\coading\Spring-Core\spring-collectionDI-App7\src\main\resources
2025-07-28 11:55:21,661 [Worker-40: Building] INFO  o.a.m.s.f.DefaultMavenResourcesFiltering - skip non existing resourceDirectory C:\Users\BETU\Desktop\coading\Spring-Core\spring-collectionDI-App7\src\test\resources
2025-07-28 11:56:08,895 [Start Help Server] INFO  org.eclipse.jetty.server.Server - jetty-12.0.15; built: 2024-11-05T19:44:57.623Z; git: 8281ae9740d4b4225e8166cc476bad237c70213a; jvm 23.0.2+7-58
2025-07-28 11:56:08,967 [Start Help Server] INFO  o.e.j.server.handler.ContextHandler - Started oeje8n.ContextHandler$CoreContextHandler@3375bb19{/help,/help,b=null,a=AVAILABLE,h=oeje8n.ContextHandler$CoreContextHandler$CoreToNestedHandler@9afa4bf{STARTED}}
2025-07-28 11:56:08,969 [Start Help Server] INFO  o.e.j.s.DefaultSessionIdManager - Session workerName=node0
2025-07-28 11:56:08,995 [Start Help Server] INFO  o.e.jetty.server.AbstractConnector - Started ServerConnector@6e1fe20b{HTTP/1.1, (http/1.1)}{127.0.0.1:65229}
2025-07-28 11:56:09,018 [Start Help Server] INFO  org.eclipse.jetty.server.Server - Started oejs.Server@54d8a4e7{STARTING}[12.0.15,sto=0] @1898688ms
2025-07-28 11:58:05,899 [Worker-38: Building] INFO  o.a.m.s.f.DefaultMavenResourcesFiltering - skip non existing resourceDirectory C:\Users\BETU\Desktop\coading\Spring-Core\spring-collectionDI-App7\src\main\resources
2025-07-28 11:58:05,903 [Worker-38: Building] INFO  o.a.m.s.f.DefaultMavenResourcesFiltering - skip non existing resourceDirectory C:\Users\BETU\Desktop\coading\Spring-Core\spring-collectionDI-App7\src\test\resources
2025-07-28 12:05:44,500 [Worker-40: Launching mavenrun-bd953ec0-27e0-421f-a3f5-649bc1ac702e] INFO  o.eclipse.m2e.core.internal.Bundles - getClasspathEntries(Bundle=org.eclipse.m2e.maven.runtime_3.9.900.20240824-1409 [638])
2025-07-28 12:05:44,504 [Worker-40: Launching mavenrun-bd953ec0-27e0-421f-a3f5-649bc1ac702e] INFO  o.eclipse.m2e.core.internal.Bundles - 	Entry: C:\Users\BETU\.p2\pool\plugins\org.eclipse.m2e.maven.runtime_3.9.900.20240824-1409
2025-07-28 12:05:44,505 [Worker-40: Launching mavenrun-bd953ec0-27e0-421f-a3f5-649bc1ac702e] INFO  o.eclipse.m2e.core.internal.Bundles - 	Entry: C:\Users\BETU\.p2\pool\plugins\org.eclipse.m2e.maven.runtime_3.9.900.20240824-1409\jars\aopalliance-1.0.jar
2025-07-28 12:05:44,506 [Worker-40: Launching mavenrun-bd953ec0-27e0-421f-a3f5-649bc1ac702e] INFO  o.eclipse.m2e.core.internal.Bundles - 	Entry: C:\Users\BETU\.p2\pool\plugins\org.eclipse.m2e.maven.runtime_3.9.900.20240824-1409\jars\guice-5.1.0.jar
2025-07-28 12:05:44,507 [Worker-40: Launching mavenrun-bd953ec0-27e0-421f-a3f5-649bc1ac702e] INFO  o.eclipse.m2e.core.internal.Bundles - 	Entry: C:\Users\BETU\.p2\pool\plugins\org.eclipse.m2e.maven.runtime_3.9.900.20240824-1409\jars\httpclient-4.5.14.jar
2025-07-28 12:05:44,507 [Worker-40: Launching mavenrun-bd953ec0-27e0-421f-a3f5-649bc1ac702e] INFO  o.eclipse.m2e.core.internal.Bundles - 	Entry: C:\Users\BETU\.p2\pool\plugins\org.eclipse.m2e.maven.runtime_3.9.900.20240824-1409\jars\httpcore-4.4.16.jar
2025-07-28 12:05:44,507 [Worker-40: Launching mavenrun-bd953ec0-27e0-421f-a3f5-649bc1ac702e] INFO  o.eclipse.m2e.core.internal.Bundles - 	Entry: C:\Users\BETU\.p2\pool\plugins\org.eclipse.m2e.maven.runtime_3.9.900.20240824-1409\jars\jansi-2.4.1.jar
2025-07-28 12:05:44,507 [Worker-40: Launching mavenrun-bd953ec0-27e0-421f-a3f5-649bc1ac702e] INFO  o.eclipse.m2e.core.internal.Bundles - 	Entry: C:\Users\BETU\.p2\pool\plugins\org.eclipse.m2e.maven.runtime_3.9.900.20240824-1409\jars\jcl-over-slf4j-1.7.36.jar
2025-07-28 12:05:44,507 [Worker-40: Launching mavenrun-bd953ec0-27e0-421f-a3f5-649bc1ac702e] INFO  o.eclipse.m2e.core.internal.Bundles - 	Entry: C:\Users\BETU\.p2\pool\plugins\org.eclipse.m2e.maven.runtime_3.9.900.20240824-1409\jars\maven-artifact-3.9.9.jar
2025-07-28 12:05:44,508 [Worker-40: Launching mavenrun-bd953ec0-27e0-421f-a3f5-649bc1ac702e] INFO  o.eclipse.m2e.core.internal.Bundles - 	Entry: C:\Users\BETU\.p2\pool\plugins\org.eclipse.m2e.maven.runtime_3.9.900.20240824-1409\jars\maven-builder-support-3.9.9.jar
2025-07-28 12:05:44,508 [Worker-40: Launching mavenrun-bd953ec0-27e0-421f-a3f5-649bc1ac702e] INFO  o.eclipse.m2e.core.internal.Bundles - 	Entry: C:\Users\BETU\.p2\pool\plugins\org.eclipse.m2e.maven.runtime_3.9.900.20240824-1409\jars\maven-compat-3.9.9.jar
2025-07-28 12:05:44,508 [Worker-40: Launching mavenrun-bd953ec0-27e0-421f-a3f5-649bc1ac702e] INFO  o.eclipse.m2e.core.internal.Bundles - 	Entry: C:\Users\BETU\.p2\pool\plugins\org.eclipse.m2e.maven.runtime_3.9.900.20240824-1409\jars\maven-core-3.9.9.jar
2025-07-28 12:05:44,508 [Worker-40: Launching mavenrun-bd953ec0-27e0-421f-a3f5-649bc1ac702e] INFO  o.eclipse.m2e.core.internal.Bundles - 	Entry: C:\Users\BETU\.p2\pool\plugins\org.eclipse.m2e.maven.runtime_3.9.900.20240824-1409\jars\maven-embedder-3.9.9.jar
2025-07-28 12:05:44,509 [Worker-40: Launching mavenrun-bd953ec0-27e0-421f-a3f5-649bc1ac702e] INFO  o.eclipse.m2e.core.internal.Bundles - 	Entry: C:\Users\BETU\.p2\pool\plugins\org.eclipse.m2e.maven.runtime_3.9.900.20240824-1409\jars\maven-model-3.9.9.jar
2025-07-28 12:05:44,509 [Worker-40: Launching mavenrun-bd953ec0-27e0-421f-a3f5-649bc1ac702e] INFO  o.eclipse.m2e.core.internal.Bundles - 	Entry: C:\Users\BETU\.p2\pool\plugins\org.eclipse.m2e.maven.runtime_3.9.900.20240824-1409\jars\maven-model-builder-3.9.9.jar
2025-07-28 12:05:44,509 [Worker-40: Launching mavenrun-bd953ec0-27e0-421f-a3f5-649bc1ac702e] INFO  o.eclipse.m2e.core.internal.Bundles - 	Entry: C:\Users\BETU\.p2\pool\plugins\org.eclipse.m2e.maven.runtime_3.9.900.20240824-1409\jars\maven-plugin-api-3.9.9.jar
2025-07-28 12:05:44,509 [Worker-40: Launching mavenrun-bd953ec0-27e0-421f-a3f5-649bc1ac702e] INFO  o.eclipse.m2e.core.internal.Bundles - 	Entry: C:\Users\BETU\.p2\pool\plugins\org.eclipse.m2e.maven.runtime_3.9.900.20240824-1409\jars\maven-repository-metadata-3.9.9.jar
2025-07-28 12:05:44,510 [Worker-40: Launching mavenrun-bd953ec0-27e0-421f-a3f5-649bc1ac702e] INFO  o.eclipse.m2e.core.internal.Bundles - 	Entry: C:\Users\BETU\.p2\pool\plugins\org.eclipse.m2e.maven.runtime_3.9.900.20240824-1409\jars\maven-resolver-api-1.9.22.jar
2025-07-28 12:05:44,510 [Worker-40: Launching mavenrun-bd953ec0-27e0-421f-a3f5-649bc1ac702e] INFO  o.eclipse.m2e.core.internal.Bundles - 	Entry: C:\Users\BETU\.p2\pool\plugins\org.eclipse.m2e.maven.runtime_3.9.900.20240824-1409\jars\maven-resolver-connector-basic-1.9.22.jar
2025-07-28 12:05:44,510 [Worker-40: Launching mavenrun-bd953ec0-27e0-421f-a3f5-649bc1ac702e] INFO  o.eclipse.m2e.core.internal.Bundles - 	Entry: C:\Users\BETU\.p2\pool\plugins\org.eclipse.m2e.maven.runtime_3.9.900.20240824-1409\jars\maven-resolver-impl-1.9.22.jar
2025-07-28 12:05:44,511 [Worker-40: Launching mavenrun-bd953ec0-27e0-421f-a3f5-649bc1ac702e] INFO  o.eclipse.m2e.core.internal.Bundles - 	Entry: C:\Users\BETU\.p2\pool\plugins\org.eclipse.m2e.maven.runtime_3.9.900.20240824-1409\jars\maven-resolver-named-locks-1.9.22.jar
2025-07-28 12:05:44,511 [Worker-40: Launching mavenrun-bd953ec0-27e0-421f-a3f5-649bc1ac702e] INFO  o.eclipse.m2e.core.internal.Bundles - 	Entry: C:\Users\BETU\.p2\pool\plugins\org.eclipse.m2e.maven.runtime_3.9.900.20240824-1409\jars\maven-resolver-provider-3.9.9.jar
2025-07-28 12:05:44,511 [Worker-40: Launching mavenrun-bd953ec0-27e0-421f-a3f5-649bc1ac702e] INFO  o.eclipse.m2e.core.internal.Bundles - 	Entry: C:\Users\BETU\.p2\pool\plugins\org.eclipse.m2e.maven.runtime_3.9.900.20240824-1409\jars\maven-resolver-spi-1.9.22.jar
2025-07-28 12:05:44,511 [Worker-40: Launching mavenrun-bd953ec0-27e0-421f-a3f5-649bc1ac702e] INFO  o.eclipse.m2e.core.internal.Bundles - 	Entry: C:\Users\BETU\.p2\pool\plugins\org.eclipse.m2e.maven.runtime_3.9.900.20240824-1409\jars\maven-resolver-transport-file-1.9.22.jar
2025-07-28 12:05:44,511 [Worker-40: Launching mavenrun-bd953ec0-27e0-421f-a3f5-649bc1ac702e] INFO  o.eclipse.m2e.core.internal.Bundles - 	Entry: C:\Users\BETU\.p2\pool\plugins\org.eclipse.m2e.maven.runtime_3.9.900.20240824-1409\jars\maven-resolver-transport-http-1.9.22.jar
2025-07-28 12:05:44,512 [Worker-40: Launching mavenrun-bd953ec0-27e0-421f-a3f5-649bc1ac702e] INFO  o.eclipse.m2e.core.internal.Bundles - 	Entry: C:\Users\BETU\.p2\pool\plugins\org.eclipse.m2e.maven.runtime_3.9.900.20240824-1409\jars\maven-resolver-transport-wagon-1.9.22.jar
2025-07-28 12:05:44,512 [Worker-40: Launching mavenrun-bd953ec0-27e0-421f-a3f5-649bc1ac702e] INFO  o.eclipse.m2e.core.internal.Bundles - 	Entry: C:\Users\BETU\.p2\pool\plugins\org.eclipse.m2e.maven.runtime_3.9.900.20240824-1409\jars\maven-resolver-util-1.9.22.jar
2025-07-28 12:05:44,512 [Worker-40: Launching mavenrun-bd953ec0-27e0-421f-a3f5-649bc1ac702e] INFO  o.eclipse.m2e.core.internal.Bundles - 	Entry: C:\Users\BETU\.p2\pool\plugins\org.eclipse.m2e.maven.runtime_3.9.900.20240824-1409\jars\maven-settings-3.9.9.jar
2025-07-28 12:05:44,512 [Worker-40: Launching mavenrun-bd953ec0-27e0-421f-a3f5-649bc1ac702e] INFO  o.eclipse.m2e.core.internal.Bundles - 	Entry: C:\Users\BETU\.p2\pool\plugins\org.eclipse.m2e.maven.runtime_3.9.900.20240824-1409\jars\maven-settings-builder-3.9.9.jar
2025-07-28 12:05:44,512 [Worker-40: Launching mavenrun-bd953ec0-27e0-421f-a3f5-649bc1ac702e] INFO  o.eclipse.m2e.core.internal.Bundles - 	Entry: C:\Users\BETU\.p2\pool\plugins\org.eclipse.m2e.maven.runtime_3.9.900.20240824-1409\jars\maven-shared-utils-3.4.2.jar
2025-07-28 12:05:44,513 [Worker-40: Launching mavenrun-bd953ec0-27e0-421f-a3f5-649bc1ac702e] INFO  o.eclipse.m2e.core.internal.Bundles - 	Entry: C:\Users\BETU\.p2\pool\plugins\org.eclipse.m2e.maven.runtime_3.9.900.20240824-1409\jars\org.eclipse.sisu.inject-0.9.0.M3.jar
2025-07-28 12:05:44,513 [Worker-40: Launching mavenrun-bd953ec0-27e0-421f-a3f5-649bc1ac702e] INFO  o.eclipse.m2e.core.internal.Bundles - 	Entry: C:\Users\BETU\.p2\pool\plugins\org.eclipse.m2e.maven.runtime_3.9.900.20240824-1409\jars\org.eclipse.sisu.plexus-0.9.0.M3.jar
2025-07-28 12:05:44,513 [Worker-40: Launching mavenrun-bd953ec0-27e0-421f-a3f5-649bc1ac702e] INFO  o.eclipse.m2e.core.internal.Bundles - 	Entry: C:\Users\BETU\.p2\pool\plugins\org.eclipse.m2e.maven.runtime_3.9.900.20240824-1409\jars\plexus-build-api-0.0.7.jar
2025-07-28 12:05:44,513 [Worker-40: Launching mavenrun-bd953ec0-27e0-421f-a3f5-649bc1ac702e] INFO  o.eclipse.m2e.core.internal.Bundles - 	Entry: C:\Users\BETU\.p2\pool\plugins\org.eclipse.m2e.maven.runtime_3.9.900.20240824-1409\jars\plexus-build-api-1.2.0.jar
2025-07-28 12:05:44,513 [Worker-40: Launching mavenrun-bd953ec0-27e0-421f-a3f5-649bc1ac702e] INFO  o.eclipse.m2e.core.internal.Bundles - 	Entry: C:\Users\BETU\.p2\pool\plugins\org.eclipse.m2e.maven.runtime_3.9.900.20240824-1409\jars\plexus-cipher-2.0.jar
2025-07-28 12:05:44,513 [Worker-40: Launching mavenrun-bd953ec0-27e0-421f-a3f5-649bc1ac702e] INFO  o.eclipse.m2e.core.internal.Bundles - 	Entry: C:\Users\BETU\.p2\pool\plugins\org.eclipse.m2e.maven.runtime_3.9.900.20240824-1409\jars\plexus-classworlds-2.8.0.jar
2025-07-28 12:05:44,514 [Worker-40: Launching mavenrun-bd953ec0-27e0-421f-a3f5-649bc1ac702e] INFO  o.eclipse.m2e.core.internal.Bundles - 	Entry: C:\Users\BETU\.p2\pool\plugins\org.eclipse.m2e.maven.runtime_3.9.900.20240824-1409\jars\plexus-component-annotations-2.1.0.jar
2025-07-28 12:05:44,514 [Worker-40: Launching mavenrun-bd953ec0-27e0-421f-a3f5-649bc1ac702e] INFO  o.eclipse.m2e.core.internal.Bundles - 	Entry: C:\Users\BETU\.p2\pool\plugins\org.eclipse.m2e.maven.runtime_3.9.900.20240824-1409\jars\plexus-interpolation-1.27.jar
2025-07-28 12:05:44,514 [Worker-40: Launching mavenrun-bd953ec0-27e0-421f-a3f5-649bc1ac702e] INFO  o.eclipse.m2e.core.internal.Bundles - 	Entry: C:\Users\BETU\.p2\pool\plugins\org.eclipse.m2e.maven.runtime_3.9.900.20240824-1409\jars\plexus-sec-dispatcher-2.0.jar
2025-07-28 12:05:44,514 [Worker-40: Launching mavenrun-bd953ec0-27e0-421f-a3f5-649bc1ac702e] INFO  o.eclipse.m2e.core.internal.Bundles - 	Entry: C:\Users\BETU\.p2\pool\plugins\org.eclipse.m2e.maven.runtime_3.9.900.20240824-1409\jars\plexus-utils-3.5.1.jar
2025-07-28 12:05:44,514 [Worker-40: Launching mavenrun-bd953ec0-27e0-421f-a3f5-649bc1ac702e] INFO  o.eclipse.m2e.core.internal.Bundles - 	Entry: C:\Users\BETU\.p2\pool\plugins\org.eclipse.m2e.maven.runtime_3.9.900.20240824-1409\jars\plexus-xml-3.0.1.jar
2025-07-28 12:05:44,514 [Worker-40: Launching mavenrun-bd953ec0-27e0-421f-a3f5-649bc1ac702e] INFO  o.eclipse.m2e.core.internal.Bundles - 	Entry: C:\Users\BETU\.p2\pool\plugins\org.eclipse.m2e.maven.runtime_3.9.900.20240824-1409\jars\wagon-file-3.5.3.jar
2025-07-28 12:05:44,515 [Worker-40: Launching mavenrun-bd953ec0-27e0-421f-a3f5-649bc1ac702e] INFO  o.eclipse.m2e.core.internal.Bundles - 	Entry: C:\Users\BETU\.p2\pool\plugins\org.eclipse.m2e.maven.runtime_3.9.900.20240824-1409\jars\wagon-http-3.5.3.jar
2025-07-28 12:05:44,515 [Worker-40: Launching mavenrun-bd953ec0-27e0-421f-a3f5-649bc1ac702e] INFO  o.eclipse.m2e.core.internal.Bundles - 	Entry: C:\Users\BETU\.p2\pool\plugins\org.eclipse.m2e.maven.runtime_3.9.900.20240824-1409\jars\wagon-http-shared-3.5.3.jar
2025-07-28 12:05:44,515 [Worker-40: Launching mavenrun-bd953ec0-27e0-421f-a3f5-649bc1ac702e] INFO  o.eclipse.m2e.core.internal.Bundles - 	Entry: C:\Users\BETU\.p2\pool\plugins\org.eclipse.m2e.maven.runtime_3.9.900.20240824-1409\jars\wagon-provider-api-3.5.3.jar
2025-07-28 12:05:44,516 [Worker-40: Launching mavenrun-bd953ec0-27e0-421f-a3f5-649bc1ac702e] INFO  o.eclipse.m2e.core.internal.Bundles - getClasspathEntries(Bundle=com.google.guava_33.3.1.jre [16])
2025-07-28 12:05:44,517 [Worker-40: Launching mavenrun-bd953ec0-27e0-421f-a3f5-649bc1ac702e] INFO  o.eclipse.m2e.core.internal.Bundles - 	Entry: C:\Users\BETU\.p2\pool\plugins\com.google.guava_33.3.1.jre.jar
2025-07-28 12:05:44,517 [Worker-40: Launching mavenrun-bd953ec0-27e0-421f-a3f5-649bc1ac702e] INFO  o.eclipse.m2e.core.internal.Bundles - getClasspathEntries(Bundle=slf4j.api_2.0.16 [1005])
2025-07-28 12:05:44,518 [Worker-40: Launching mavenrun-bd953ec0-27e0-421f-a3f5-649bc1ac702e] INFO  o.eclipse.m2e.core.internal.Bundles - 	Entry: C:\Users\BETU\.p2\pool\plugins\slf4j.api_2.0.16.jar
2025-07-28 12:05:44,518 [Worker-40: Launching mavenrun-bd953ec0-27e0-421f-a3f5-649bc1ac702e] INFO  o.eclipse.m2e.core.internal.Bundles - getClasspathEntries(Bundle=jakarta.inject.jakarta.inject-api_1.0.5 [34])
2025-07-28 12:05:44,519 [Worker-40: Launching mavenrun-bd953ec0-27e0-421f-a3f5-649bc1ac702e] INFO  o.eclipse.m2e.core.internal.Bundles - 	Entry: C:\Users\BETU\.p2\pool\plugins\jakarta.inject.jakarta.inject-api_1.0.5.jar
2025-07-28 12:05:44,519 [Worker-40: Launching mavenrun-bd953ec0-27e0-421f-a3f5-649bc1ac702e] INFO  o.eclipse.m2e.core.internal.Bundles - getClasspathEntries(Bundle=jakarta.annotation-api_1.3.5 [29])
2025-07-28 12:05:44,520 [Worker-40: Launching mavenrun-bd953ec0-27e0-421f-a3f5-649bc1ac702e] INFO  o.eclipse.m2e.core.internal.Bundles - 	Entry: C:\Users\BETU\.p2\pool\plugins\jakarta.annotation-api_1.3.5.jar
2025-07-28 12:05:44,520 [Worker-40: Launching mavenrun-bd953ec0-27e0-421f-a3f5-649bc1ac702e] INFO  o.eclipse.m2e.core.internal.Bundles - getClasspathEntries(Bundle=org.apache.commons.cli_1.9.0 [75])
2025-07-28 12:05:44,520 [Worker-40: Launching mavenrun-bd953ec0-27e0-421f-a3f5-649bc1ac702e] INFO  o.eclipse.m2e.core.internal.Bundles - 	Entry: C:\Users\BETU\.p2\pool\plugins\org.apache.commons.cli_1.9.0.jar
2025-07-28 12:05:44,520 [Worker-40: Launching mavenrun-bd953ec0-27e0-421f-a3f5-649bc1ac702e] INFO  o.eclipse.m2e.core.internal.Bundles - getClasspathEntries(Bundle=org.apache.commons.commons-codec_1.16.0 [78])
2025-07-28 12:05:44,521 [Worker-40: Launching mavenrun-bd953ec0-27e0-421f-a3f5-649bc1ac702e] INFO  o.eclipse.m2e.core.internal.Bundles - 	Entry: C:\Users\BETU\.p2\pool\plugins\org.apache.commons.commons-codec_1.16.0.jar
2025-07-28 12:05:44,522 [Worker-40: Launching mavenrun-bd953ec0-27e0-421f-a3f5-649bc1ac702e] INFO  o.eclipse.m2e.core.internal.Bundles - getClasspathEntries(Bundle=com.google.guava.failureaccess_1.0.2 [17])
2025-07-28 12:05:44,523 [Worker-40: Launching mavenrun-bd953ec0-27e0-421f-a3f5-649bc1ac702e] INFO  o.eclipse.m2e.core.internal.Bundles - 	Entry: C:\Users\BETU\.p2\pool\plugins\com.google.guava.failureaccess_1.0.2.jar
2025-07-28 12:05:44,527 [Worker-40: Launching mavenrun-bd953ec0-27e0-421f-a3f5-649bc1ac702e] INFO  o.e.m.i.launch.MavenLaunchDelegate - Run build in "C:\Users\BETU\AppData\Local\Temp\m2e-archetypeGenerator6678315254877026848":
2025-07-28 12:05:44,529 [Worker-40: Launching mavenrun-bd953ec0-27e0-421f-a3f5-649bc1ac702e] INFO  o.e.m.i.launch.MavenLaunchDelegate -  mvn  -DarchetypeGroupId=org.apache.maven.archetypes -DarchetypeArtifactId=maven-archetype-quickstart -DarchetypeVersion=1.1 -DgroupId=com.univ -DartifactId=Spring-SetterDI-App3 -Dversion=0.0.1-SNAPSHOT -Dpackage=com.univ -DoutputDirectory=C:\Users\BETU\Desktop\coading\Spring-Core -Dstyle.color=always -U archetype:generate
2025-07-28 12:06:08,277 [Worker-43: Creating maven-archetype-quickstart] INFO  o.e.m.c.i.p.ProjectConfigurationManager - Collecting project info '/pom.xml' C:\Users\BETU\Desktop\coading\Spring-Core\Spring-SetterDI-App3\pom.xml
2025-07-28 12:06:11,051 [Worker-43: Creating maven-archetype-quickstart] INFO  o.e.m.c.i.l.LifecycleMappingFactory - Using org.eclipse.m2e.jdt.JarLifecycleMapping lifecycle mapping for MavenProject: com.univ:Spring-SetterDI-App3:0.0.1-SNAPSHOT @ C:\Users\BETU\Desktop\coading\Spring-Core\Spring-SetterDI-App3\pom.xml.
2025-07-28 12:06:12,184 [Worker-43: Creating maven-archetype-quickstart] INFO  o.e.m.j.i.AbstractJavaProjectConfigurator - Adding source folder /Spring-SetterDI-App3/src/main/java
2025-07-28 12:06:12,186 [Worker-43: Creating maven-archetype-quickstart] INFO  o.e.m.j.i.AbstractJavaProjectConfigurator - Adding resource folder /Spring-SetterDI-App3/src/main/resources
2025-07-28 12:06:12,196 [Worker-43: Creating maven-archetype-quickstart] INFO  o.e.m.j.i.AbstractJavaProjectConfigurator - Adding source folder /Spring-SetterDI-App3/src/test/java
2025-07-28 12:06:12,198 [Worker-43: Creating maven-archetype-quickstart] INFO  o.e.m.j.i.AbstractJavaProjectConfigurator - Adding resource folder /Spring-SetterDI-App3/src/test/resources
2025-07-28 12:06:12,345 [Worker-43: Creating maven-archetype-quickstart] INFO  o.e.m.c.i.p.ProjectConfigurationManager - Imported and configured 1 project(s) in 4 sec
2025-07-28 12:06:12,570 [Worker-44: Building] INFO  o.a.m.s.f.DefaultMavenResourcesFiltering - skip non existing resourceDirectory C:\Users\BETU\Desktop\coading\Spring-Core\Spring-SetterDI-App3\src\main\resources
2025-07-28 12:06:12,574 [Worker-44: Building] INFO  o.a.m.s.f.DefaultMavenResourcesFiltering - skip non existing resourceDirectory C:\Users\BETU\Desktop\coading\Spring-Core\Spring-SetterDI-App3\src\test\resources
2025-07-28 12:10:29,932 [Worker-50: Building] INFO  o.e.m.c.i.l.LifecycleMappingFactory - Using org.eclipse.m2e.jdt.JarLifecycleMapping lifecycle mapping for MavenProject: com.univ:Spring-SetterDI-App3:0.0.1-SNAPSHOT @ C:\Users\BETU\Desktop\coading\Spring-Core\Spring-SetterDI-App3\pom.xml.
2025-07-28 12:10:30,327 [Worker-50: Building] INFO  o.a.m.s.f.DefaultMavenResourcesFiltering - skip non existing resourceDirectory C:\Users\BETU\Desktop\coading\Spring-Core\Spring-SetterDI-App3\src\main\resources
2025-07-28 12:10:30,332 [Worker-50: Building] INFO  o.a.m.s.f.DefaultMavenResourcesFiltering - skip non existing resourceDirectory C:\Users\BETU\Desktop\coading\Spring-Core\Spring-SetterDI-App3\src\test\resources
2025-07-28 12:11:33,431 [Worker-50: Building] INFO  o.a.m.s.f.DefaultMavenResourcesFiltering - skip non existing resourceDirectory C:\Users\BETU\Desktop\coading\Spring-Core\Spring-SetterDI-App3\src\main\resources
2025-07-28 12:11:33,435 [Worker-50: Building] INFO  o.a.m.s.f.DefaultMavenResourcesFiltering - skip non existing resourceDirectory C:\Users\BETU\Desktop\coading\Spring-Core\Spring-SetterDI-App3\src\test\resources
2025-07-28 12:12:00,562 [Worker-50: Building] INFO  o.a.m.s.f.DefaultMavenResourcesFiltering - skip non existing resourceDirectory C:\Users\BETU\Desktop\coading\Spring-Core\Spring-SetterDI-App3\src\main\resources
2025-07-28 12:12:00,564 [Worker-50: Building] INFO  o.a.m.s.f.DefaultMavenResourcesFiltering - skip non existing resourceDirectory C:\Users\BETU\Desktop\coading\Spring-Core\Spring-SetterDI-App3\src\test\resources
2025-07-28 12:13:23,254 [Worker-45: Building] INFO  o.a.m.s.f.DefaultMavenResourcesFiltering - skip non existing resourceDirectory C:\Users\BETU\Desktop\coading\Spring-Core\Spring-SetterDI-App3\src\main\resources
2025-07-28 12:13:23,258 [Worker-45: Building] INFO  o.a.m.s.f.DefaultMavenResourcesFiltering - skip non existing resourceDirectory C:\Users\BETU\Desktop\coading\Spring-Core\Spring-SetterDI-App3\src\test\resources
2025-07-28 12:14:10,999 [Worker-45: Building] INFO  o.a.m.s.f.DefaultMavenResourcesFiltering - skip non existing resourceDirectory C:\Users\BETU\Desktop\coading\Spring-Core\Spring-SetterDI-App3\src\main\resources
2025-07-28 12:14:11,003 [Worker-45: Building] INFO  o.a.m.s.f.DefaultMavenResourcesFiltering - skip non existing resourceDirectory C:\Users\BETU\Desktop\coading\Spring-Core\Spring-SetterDI-App3\src\test\resources
2025-07-28 12:14:35,127 [Worker-50: Building] INFO  o.a.m.s.f.DefaultMavenResourcesFiltering - skip non existing resourceDirectory C:\Users\BETU\Desktop\coading\Spring-Core\Spring-SetterDI-App3\src\main\resources
2025-07-28 12:14:35,130 [Worker-50: Building] INFO  o.a.m.s.f.DefaultMavenResourcesFiltering - skip non existing resourceDirectory C:\Users\BETU\Desktop\coading\Spring-Core\Spring-SetterDI-App3\src\test\resources
2025-07-28 12:16:05,202 [Worker-53: Building] INFO  o.a.m.s.f.DefaultMavenResourcesFiltering - skip non existing resourceDirectory C:\Users\BETU\Desktop\coading\Spring-Core\Spring-SetterDI-App3\src\main\resources
2025-07-28 12:16:05,205 [Worker-53: Building] INFO  o.a.m.s.f.DefaultMavenResourcesFiltering - skip non existing resourceDirectory C:\Users\BETU\Desktop\coading\Spring-Core\Spring-SetterDI-App3\src\test\resources
2025-07-28 12:17:16,627 [Worker-50: Building] INFO  o.a.m.s.f.DefaultMavenResourcesFiltering - skip non existing resourceDirectory C:\Users\BETU\Desktop\coading\Spring-Core\Spring-SetterDI-App3\src\main\resources
2025-07-28 12:17:16,633 [Worker-50: Building] INFO  o.a.m.s.f.DefaultMavenResourcesFiltering - skip non existing resourceDirectory C:\Users\BETU\Desktop\coading\Spring-Core\Spring-SetterDI-App3\src\test\resources
2025-07-28 12:19:36,864 [Worker-46: Launching App (5)] INFO  o.a.m.s.f.DefaultMavenResourcesFiltering - skip non existing resourceDirectory C:\Users\BETU\Desktop\coading\Spring-Core\Spring-SetterDI-App3\src\main\resources
2025-07-28 12:19:36,870 [Worker-46: Launching App (5)] INFO  o.a.m.s.f.DefaultMavenResourcesFiltering - skip non existing resourceDirectory C:\Users\BETU\Desktop\coading\Spring-Core\Spring-SetterDI-App3\src\test\resources
2025-07-28 12:21:34,713 [Worker-45: Building] INFO  o.a.m.s.f.DefaultMavenResourcesFiltering - skip non existing resourceDirectory C:\Users\BETU\Desktop\coading\Spring-Core\Spring-SetterDI-App3\src\main\resources
2025-07-28 12:21:34,716 [Worker-45: Building] INFO  o.a.m.s.f.DefaultMavenResourcesFiltering - skip non existing resourceDirectory C:\Users\BETU\Desktop\coading\Spring-Core\Spring-SetterDI-App3\src\test\resources
2025-07-28 12:27:39,590 [Worker-56: Building] INFO  o.a.m.s.f.DefaultMavenResourcesFiltering - skip non existing resourceDirectory C:\Users\BETU\Desktop\coading\Spring-Core\Spring-SetterDI-App3\src\main\resources
2025-07-28 12:27:39,592 [Worker-56: Building] INFO  o.a.m.s.f.DefaultMavenResourcesFiltering - skip non existing resourceDirectory C:\Users\BETU\Desktop\coading\Spring-Core\Spring-SetterDI-App3\src\test\resources
2025-07-28 12:31:09,333 [Worker-50: Building] INFO  o.a.m.s.f.DefaultMavenResourcesFiltering - skip non existing resourceDirectory C:\Users\BETU\Desktop\coading\Spring-Core\Spring-SetterDI-App3\src\main\resources
2025-07-28 12:31:09,336 [Worker-50: Building] INFO  o.a.m.s.f.DefaultMavenResourcesFiltering - skip non existing resourceDirectory C:\Users\BETU\Desktop\coading\Spring-Core\Spring-SetterDI-App3\src\test\resources
2025-07-28 12:31:26,875 [Worker-59: Building] INFO  o.a.m.s.f.DefaultMavenResourcesFiltering - skip non existing resourceDirectory C:\Users\BETU\Desktop\coading\Spring-Core\Spring-SetterDI-App3\src\main\resources
2025-07-28 12:31:26,877 [Worker-59: Building] INFO  o.a.m.s.f.DefaultMavenResourcesFiltering - skip non existing resourceDirectory C:\Users\BETU\Desktop\coading\Spring-Core\Spring-SetterDI-App3\src\test\resources
2025-07-28 12:32:13,423 [Worker-50: Building] INFO  o.a.m.s.f.DefaultMavenResourcesFiltering - skip non existing resourceDirectory C:\Users\BETU\Desktop\coading\Spring-Core\Spring-SetterDI-App3\src\main\resources
2025-07-28 12:32:13,426 [Worker-50: Building] INFO  o.a.m.s.f.DefaultMavenResourcesFiltering - skip non existing resourceDirectory C:\Users\BETU\Desktop\coading\Spring-Core\Spring-SetterDI-App3\src\test\resources
2025-07-28 12:32:40,709 [Worker-57: Building] INFO  o.a.m.s.f.DefaultMavenResourcesFiltering - skip non existing resourceDirectory C:\Users\BETU\Desktop\coading\Spring-Core\Spring-SetterDI-App3\src\main\resources
2025-07-28 12:32:40,712 [Worker-57: Building] INFO  o.a.m.s.f.DefaultMavenResourcesFiltering - skip non existing resourceDirectory C:\Users\BETU\Desktop\coading\Spring-Core\Spring-SetterDI-App3\src\test\resources
2025-07-28 12:33:55,482 [Worker-50: Building] INFO  o.a.m.s.f.DefaultMavenResourcesFiltering - skip non existing resourceDirectory C:\Users\BETU\Desktop\coading\Spring-Core\Spring-SetterDI-App3\src\main\resources
2025-07-28 12:33:55,485 [Worker-50: Building] INFO  o.a.m.s.f.DefaultMavenResourcesFiltering - skip non existing resourceDirectory C:\Users\BETU\Desktop\coading\Spring-Core\Spring-SetterDI-App3\src\test\resources
2025-07-28 12:35:51,571 [Worker-61: Building] INFO  o.a.m.s.f.DefaultMavenResourcesFiltering - skip non existing resourceDirectory C:\Users\BETU\Desktop\coading\Spring-Core\Spring-SetterDI-App3\src\main\resources
2025-07-28 12:35:51,573 [Worker-61: Building] INFO  o.a.m.s.f.DefaultMavenResourcesFiltering - skip non existing resourceDirectory C:\Users\BETU\Desktop\coading\Spring-Core\Spring-SetterDI-App3\src\test\resources
2025-07-28 12:36:08,699 [Worker-62: Building] INFO  o.a.m.s.f.DefaultMavenResourcesFiltering - skip non existing resourceDirectory C:\Users\BETU\Desktop\coading\Spring-Core\Spring-SetterDI-App3\src\main\resources
2025-07-28 12:36:08,700 [Worker-62: Building] INFO  o.a.m.s.f.DefaultMavenResourcesFiltering - skip non existing resourceDirectory C:\Users\BETU\Desktop\coading\Spring-Core\Spring-SetterDI-App3\src\test\resources
2025-07-28 12:37:09,545 [Worker-63: Building] INFO  o.a.m.s.f.DefaultMavenResourcesFiltering - skip non existing resourceDirectory C:\Users\BETU\Desktop\coading\Spring-Core\Spring-SetterDI-App3\src\main\resources
2025-07-28 12:37:09,548 [Worker-63: Building] INFO  o.a.m.s.f.DefaultMavenResourcesFiltering - skip non existing resourceDirectory C:\Users\BETU\Desktop\coading\Spring-Core\Spring-SetterDI-App3\src\test\resources
2025-07-28 12:39:30,805 [Worker-60: Launching mavenrun-d3bbc4bc-f194-4fed-b65b-bfd2c4aaeba7] INFO  o.eclipse.m2e.core.internal.Bundles - getClasspathEntries(Bundle=org.eclipse.m2e.maven.runtime_3.9.900.20240824-1409 [638])
2025-07-28 12:39:30,806 [Worker-60: Launching mavenrun-d3bbc4bc-f194-4fed-b65b-bfd2c4aaeba7] INFO  o.eclipse.m2e.core.internal.Bundles - 	Entry: C:\Users\BETU\.p2\pool\plugins\org.eclipse.m2e.maven.runtime_3.9.900.20240824-1409
2025-07-28 12:39:30,806 [Worker-60: Launching mavenrun-d3bbc4bc-f194-4fed-b65b-bfd2c4aaeba7] INFO  o.eclipse.m2e.core.internal.Bundles - 	Entry: C:\Users\BETU\.p2\pool\plugins\org.eclipse.m2e.maven.runtime_3.9.900.20240824-1409\jars\aopalliance-1.0.jar
2025-07-28 12:39:30,807 [Worker-60: Launching mavenrun-d3bbc4bc-f194-4fed-b65b-bfd2c4aaeba7] INFO  o.eclipse.m2e.core.internal.Bundles - 	Entry: C:\Users\BETU\.p2\pool\plugins\org.eclipse.m2e.maven.runtime_3.9.900.20240824-1409\jars\guice-5.1.0.jar
2025-07-28 12:39:30,807 [Worker-60: Launching mavenrun-d3bbc4bc-f194-4fed-b65b-bfd2c4aaeba7] INFO  o.eclipse.m2e.core.internal.Bundles - 	Entry: C:\Users\BETU\.p2\pool\plugins\org.eclipse.m2e.maven.runtime_3.9.900.20240824-1409\jars\httpclient-4.5.14.jar
2025-07-28 12:39:30,807 [Worker-60: Launching mavenrun-d3bbc4bc-f194-4fed-b65b-bfd2c4aaeba7] INFO  o.eclipse.m2e.core.internal.Bundles - 	Entry: C:\Users\BETU\.p2\pool\plugins\org.eclipse.m2e.maven.runtime_3.9.900.20240824-1409\jars\httpcore-4.4.16.jar
2025-07-28 12:39:30,807 [Worker-60: Launching mavenrun-d3bbc4bc-f194-4fed-b65b-bfd2c4aaeba7] INFO  o.eclipse.m2e.core.internal.Bundles - 	Entry: C:\Users\BETU\.p2\pool\plugins\org.eclipse.m2e.maven.runtime_3.9.900.20240824-1409\jars\jansi-2.4.1.jar
2025-07-28 12:39:30,807 [Worker-60: Launching mavenrun-d3bbc4bc-f194-4fed-b65b-bfd2c4aaeba7] INFO  o.eclipse.m2e.core.internal.Bundles - 	Entry: C:\Users\BETU\.p2\pool\plugins\org.eclipse.m2e.maven.runtime_3.9.900.20240824-1409\jars\jcl-over-slf4j-1.7.36.jar
2025-07-28 12:39:30,808 [Worker-60: Launching mavenrun-d3bbc4bc-f194-4fed-b65b-bfd2c4aaeba7] INFO  o.eclipse.m2e.core.internal.Bundles - 	Entry: C:\Users\BETU\.p2\pool\plugins\org.eclipse.m2e.maven.runtime_3.9.900.20240824-1409\jars\maven-artifact-3.9.9.jar
2025-07-28 12:39:30,808 [Worker-60: Launching mavenrun-d3bbc4bc-f194-4fed-b65b-bfd2c4aaeba7] INFO  o.eclipse.m2e.core.internal.Bundles - 	Entry: C:\Users\BETU\.p2\pool\plugins\org.eclipse.m2e.maven.runtime_3.9.900.20240824-1409\jars\maven-builder-support-3.9.9.jar
2025-07-28 12:39:30,808 [Worker-60: Launching mavenrun-d3bbc4bc-f194-4fed-b65b-bfd2c4aaeba7] INFO  o.eclipse.m2e.core.internal.Bundles - 	Entry: C:\Users\BETU\.p2\pool\plugins\org.eclipse.m2e.maven.runtime_3.9.900.20240824-1409\jars\maven-compat-3.9.9.jar
2025-07-28 12:39:30,808 [Worker-60: Launching mavenrun-d3bbc4bc-f194-4fed-b65b-bfd2c4aaeba7] INFO  o.eclipse.m2e.core.internal.Bundles - 	Entry: C:\Users\BETU\.p2\pool\plugins\org.eclipse.m2e.maven.runtime_3.9.900.20240824-1409\jars\maven-core-3.9.9.jar
2025-07-28 12:39:30,808 [Worker-60: Launching mavenrun-d3bbc4bc-f194-4fed-b65b-bfd2c4aaeba7] INFO  o.eclipse.m2e.core.internal.Bundles - 	Entry: C:\Users\BETU\.p2\pool\plugins\org.eclipse.m2e.maven.runtime_3.9.900.20240824-1409\jars\maven-embedder-3.9.9.jar
2025-07-28 12:39:30,808 [Worker-60: Launching mavenrun-d3bbc4bc-f194-4fed-b65b-bfd2c4aaeba7] INFO  o.eclipse.m2e.core.internal.Bundles - 	Entry: C:\Users\BETU\.p2\pool\plugins\org.eclipse.m2e.maven.runtime_3.9.900.20240824-1409\jars\maven-model-3.9.9.jar
2025-07-28 12:39:30,808 [Worker-60: Launching mavenrun-d3bbc4bc-f194-4fed-b65b-bfd2c4aaeba7] INFO  o.eclipse.m2e.core.internal.Bundles - 	Entry: C:\Users\BETU\.p2\pool\plugins\org.eclipse.m2e.maven.runtime_3.9.900.20240824-1409\jars\maven-model-builder-3.9.9.jar
2025-07-28 12:39:30,808 [Worker-60: Launching mavenrun-d3bbc4bc-f194-4fed-b65b-bfd2c4aaeba7] INFO  o.eclipse.m2e.core.internal.Bundles - 	Entry: C:\Users\BETU\.p2\pool\plugins\org.eclipse.m2e.maven.runtime_3.9.900.20240824-1409\jars\maven-plugin-api-3.9.9.jar
2025-07-28 12:39:30,808 [Worker-60: Launching mavenrun-d3bbc4bc-f194-4fed-b65b-bfd2c4aaeba7] INFO  o.eclipse.m2e.core.internal.Bundles - 	Entry: C:\Users\BETU\.p2\pool\plugins\org.eclipse.m2e.maven.runtime_3.9.900.20240824-1409\jars\maven-repository-metadata-3.9.9.jar
2025-07-28 12:39:30,808 [Worker-60: Launching mavenrun-d3bbc4bc-f194-4fed-b65b-bfd2c4aaeba7] INFO  o.eclipse.m2e.core.internal.Bundles - 	Entry: C:\Users\BETU\.p2\pool\plugins\org.eclipse.m2e.maven.runtime_3.9.900.20240824-1409\jars\maven-resolver-api-1.9.22.jar
2025-07-28 12:39:30,808 [Worker-60: Launching mavenrun-d3bbc4bc-f194-4fed-b65b-bfd2c4aaeba7] INFO  o.eclipse.m2e.core.internal.Bundles - 	Entry: C:\Users\BETU\.p2\pool\plugins\org.eclipse.m2e.maven.runtime_3.9.900.20240824-1409\jars\maven-resolver-connector-basic-1.9.22.jar
2025-07-28 12:39:30,808 [Worker-60: Launching mavenrun-d3bbc4bc-f194-4fed-b65b-bfd2c4aaeba7] INFO  o.eclipse.m2e.core.internal.Bundles - 	Entry: C:\Users\BETU\.p2\pool\plugins\org.eclipse.m2e.maven.runtime_3.9.900.20240824-1409\jars\maven-resolver-impl-1.9.22.jar
2025-07-28 12:39:30,808 [Worker-60: Launching mavenrun-d3bbc4bc-f194-4fed-b65b-bfd2c4aaeba7] INFO  o.eclipse.m2e.core.internal.Bundles - 	Entry: C:\Users\BETU\.p2\pool\plugins\org.eclipse.m2e.maven.runtime_3.9.900.20240824-1409\jars\maven-resolver-named-locks-1.9.22.jar
2025-07-28 12:39:30,808 [Worker-60: Launching mavenrun-d3bbc4bc-f194-4fed-b65b-bfd2c4aaeba7] INFO  o.eclipse.m2e.core.internal.Bundles - 	Entry: C:\Users\BETU\.p2\pool\plugins\org.eclipse.m2e.maven.runtime_3.9.900.20240824-1409\jars\maven-resolver-provider-3.9.9.jar
2025-07-28 12:39:30,809 [Worker-60: Launching mavenrun-d3bbc4bc-f194-4fed-b65b-bfd2c4aaeba7] INFO  o.eclipse.m2e.core.internal.Bundles - 	Entry: C:\Users\BETU\.p2\pool\plugins\org.eclipse.m2e.maven.runtime_3.9.900.20240824-1409\jars\maven-resolver-spi-1.9.22.jar
2025-07-28 12:39:30,809 [Worker-60: Launching mavenrun-d3bbc4bc-f194-4fed-b65b-bfd2c4aaeba7] INFO  o.eclipse.m2e.core.internal.Bundles - 	Entry: C:\Users\BETU\.p2\pool\plugins\org.eclipse.m2e.maven.runtime_3.9.900.20240824-1409\jars\maven-resolver-transport-file-1.9.22.jar
2025-07-28 12:39:30,809 [Worker-60: Launching mavenrun-d3bbc4bc-f194-4fed-b65b-bfd2c4aaeba7] INFO  o.eclipse.m2e.core.internal.Bundles - 	Entry: C:\Users\BETU\.p2\pool\plugins\org.eclipse.m2e.maven.runtime_3.9.900.20240824-1409\jars\maven-resolver-transport-http-1.9.22.jar
2025-07-28 12:39:30,809 [Worker-60: Launching mavenrun-d3bbc4bc-f194-4fed-b65b-bfd2c4aaeba7] INFO  o.eclipse.m2e.core.internal.Bundles - 	Entry: C:\Users\BETU\.p2\pool\plugins\org.eclipse.m2e.maven.runtime_3.9.900.20240824-1409\jars\maven-resolver-transport-wagon-1.9.22.jar
2025-07-28 12:39:30,809 [Worker-60: Launching mavenrun-d3bbc4bc-f194-4fed-b65b-bfd2c4aaeba7] INFO  o.eclipse.m2e.core.internal.Bundles - 	Entry: C:\Users\BETU\.p2\pool\plugins\org.eclipse.m2e.maven.runtime_3.9.900.20240824-1409\jars\maven-resolver-util-1.9.22.jar
2025-07-28 12:39:30,809 [Worker-60: Launching mavenrun-d3bbc4bc-f194-4fed-b65b-bfd2c4aaeba7] INFO  o.eclipse.m2e.core.internal.Bundles - 	Entry: C:\Users\BETU\.p2\pool\plugins\org.eclipse.m2e.maven.runtime_3.9.900.20240824-1409\jars\maven-settings-3.9.9.jar
2025-07-28 12:39:30,809 [Worker-60: Launching mavenrun-d3bbc4bc-f194-4fed-b65b-bfd2c4aaeba7] INFO  o.eclipse.m2e.core.internal.Bundles - 	Entry: C:\Users\BETU\.p2\pool\plugins\org.eclipse.m2e.maven.runtime_3.9.900.20240824-1409\jars\maven-settings-builder-3.9.9.jar
2025-07-28 12:39:30,809 [Worker-60: Launching mavenrun-d3bbc4bc-f194-4fed-b65b-bfd2c4aaeba7] INFO  o.eclipse.m2e.core.internal.Bundles - 	Entry: C:\Users\BETU\.p2\pool\plugins\org.eclipse.m2e.maven.runtime_3.9.900.20240824-1409\jars\maven-shared-utils-3.4.2.jar
2025-07-28 12:39:30,809 [Worker-60: Launching mavenrun-d3bbc4bc-f194-4fed-b65b-bfd2c4aaeba7] INFO  o.eclipse.m2e.core.internal.Bundles - 	Entry: C:\Users\BETU\.p2\pool\plugins\org.eclipse.m2e.maven.runtime_3.9.900.20240824-1409\jars\org.eclipse.sisu.inject-0.9.0.M3.jar
2025-07-28 12:39:30,809 [Worker-60: Launching mavenrun-d3bbc4bc-f194-4fed-b65b-bfd2c4aaeba7] INFO  o.eclipse.m2e.core.internal.Bundles - 	Entry: C:\Users\BETU\.p2\pool\plugins\org.eclipse.m2e.maven.runtime_3.9.900.20240824-1409\jars\org.eclipse.sisu.plexus-0.9.0.M3.jar
2025-07-28 12:39:30,809 [Worker-60: Launching mavenrun-d3bbc4bc-f194-4fed-b65b-bfd2c4aaeba7] INFO  o.eclipse.m2e.core.internal.Bundles - 	Entry: C:\Users\BETU\.p2\pool\plugins\org.eclipse.m2e.maven.runtime_3.9.900.20240824-1409\jars\plexus-build-api-0.0.7.jar
2025-07-28 12:39:30,809 [Worker-60: Launching mavenrun-d3bbc4bc-f194-4fed-b65b-bfd2c4aaeba7] INFO  o.eclipse.m2e.core.internal.Bundles - 	Entry: C:\Users\BETU\.p2\pool\plugins\org.eclipse.m2e.maven.runtime_3.9.900.20240824-1409\jars\plexus-build-api-1.2.0.jar
2025-07-28 12:39:30,809 [Worker-60: Launching mavenrun-d3bbc4bc-f194-4fed-b65b-bfd2c4aaeba7] INFO  o.eclipse.m2e.core.internal.Bundles - 	Entry: C:\Users\BETU\.p2\pool\plugins\org.eclipse.m2e.maven.runtime_3.9.900.20240824-1409\jars\plexus-cipher-2.0.jar
2025-07-28 12:39:30,809 [Worker-60: Launching mavenrun-d3bbc4bc-f194-4fed-b65b-bfd2c4aaeba7] INFO  o.eclipse.m2e.core.internal.Bundles - 	Entry: C:\Users\BETU\.p2\pool\plugins\org.eclipse.m2e.maven.runtime_3.9.900.20240824-1409\jars\plexus-classworlds-2.8.0.jar
2025-07-28 12:39:30,809 [Worker-60: Launching mavenrun-d3bbc4bc-f194-4fed-b65b-bfd2c4aaeba7] INFO  o.eclipse.m2e.core.internal.Bundles - 	Entry: C:\Users\BETU\.p2\pool\plugins\org.eclipse.m2e.maven.runtime_3.9.900.20240824-1409\jars\plexus-component-annotations-2.1.0.jar
2025-07-28 12:39:30,809 [Worker-60: Launching mavenrun-d3bbc4bc-f194-4fed-b65b-bfd2c4aaeba7] INFO  o.eclipse.m2e.core.internal.Bundles - 	Entry: C:\Users\BETU\.p2\pool\plugins\org.eclipse.m2e.maven.runtime_3.9.900.20240824-1409\jars\plexus-interpolation-1.27.jar
2025-07-28 12:39:30,809 [Worker-60: Launching mavenrun-d3bbc4bc-f194-4fed-b65b-bfd2c4aaeba7] INFO  o.eclipse.m2e.core.internal.Bundles - 	Entry: C:\Users\BETU\.p2\pool\plugins\org.eclipse.m2e.maven.runtime_3.9.900.20240824-1409\jars\plexus-sec-dispatcher-2.0.jar
2025-07-28 12:39:30,809 [Worker-60: Launching mavenrun-d3bbc4bc-f194-4fed-b65b-bfd2c4aaeba7] INFO  o.eclipse.m2e.core.internal.Bundles - 	Entry: C:\Users\BETU\.p2\pool\plugins\org.eclipse.m2e.maven.runtime_3.9.900.20240824-1409\jars\plexus-utils-3.5.1.jar
2025-07-28 12:39:30,810 [Worker-60: Launching mavenrun-d3bbc4bc-f194-4fed-b65b-bfd2c4aaeba7] INFO  o.eclipse.m2e.core.internal.Bundles - 	Entry: C:\Users\BETU\.p2\pool\plugins\org.eclipse.m2e.maven.runtime_3.9.900.20240824-1409\jars\plexus-xml-3.0.1.jar
2025-07-28 12:39:30,810 [Worker-60: Launching mavenrun-d3bbc4bc-f194-4fed-b65b-bfd2c4aaeba7] INFO  o.eclipse.m2e.core.internal.Bundles - 	Entry: C:\Users\BETU\.p2\pool\plugins\org.eclipse.m2e.maven.runtime_3.9.900.20240824-1409\jars\wagon-file-3.5.3.jar
2025-07-28 12:39:30,810 [Worker-60: Launching mavenrun-d3bbc4bc-f194-4fed-b65b-bfd2c4aaeba7] INFO  o.eclipse.m2e.core.internal.Bundles - 	Entry: C:\Users\BETU\.p2\pool\plugins\org.eclipse.m2e.maven.runtime_3.9.900.20240824-1409\jars\wagon-http-3.5.3.jar
2025-07-28 12:39:30,810 [Worker-60: Launching mavenrun-d3bbc4bc-f194-4fed-b65b-bfd2c4aaeba7] INFO  o.eclipse.m2e.core.internal.Bundles - 	Entry: C:\Users\BETU\.p2\pool\plugins\org.eclipse.m2e.maven.runtime_3.9.900.20240824-1409\jars\wagon-http-shared-3.5.3.jar
2025-07-28 12:39:30,810 [Worker-60: Launching mavenrun-d3bbc4bc-f194-4fed-b65b-bfd2c4aaeba7] INFO  o.eclipse.m2e.core.internal.Bundles - 	Entry: C:\Users\BETU\.p2\pool\plugins\org.eclipse.m2e.maven.runtime_3.9.900.20240824-1409\jars\wagon-provider-api-3.5.3.jar
2025-07-28 12:39:30,810 [Worker-60: Launching mavenrun-d3bbc4bc-f194-4fed-b65b-bfd2c4aaeba7] INFO  o.eclipse.m2e.core.internal.Bundles - getClasspathEntries(Bundle=com.google.guava_33.3.1.jre [16])
2025-07-28 12:39:30,810 [Worker-60: Launching mavenrun-d3bbc4bc-f194-4fed-b65b-bfd2c4aaeba7] INFO  o.eclipse.m2e.core.internal.Bundles - 	Entry: C:\Users\BETU\.p2\pool\plugins\com.google.guava_33.3.1.jre.jar
2025-07-28 12:39:30,810 [Worker-60: Launching mavenrun-d3bbc4bc-f194-4fed-b65b-bfd2c4aaeba7] INFO  o.eclipse.m2e.core.internal.Bundles - getClasspathEntries(Bundle=slf4j.api_2.0.16 [1005])
2025-07-28 12:39:30,810 [Worker-60: Launching mavenrun-d3bbc4bc-f194-4fed-b65b-bfd2c4aaeba7] INFO  o.eclipse.m2e.core.internal.Bundles - 	Entry: C:\Users\BETU\.p2\pool\plugins\slf4j.api_2.0.16.jar
2025-07-28 12:39:30,810 [Worker-60: Launching mavenrun-d3bbc4bc-f194-4fed-b65b-bfd2c4aaeba7] INFO  o.eclipse.m2e.core.internal.Bundles - getClasspathEntries(Bundle=jakarta.inject.jakarta.inject-api_1.0.5 [34])
2025-07-28 12:39:30,811 [Worker-60: Launching mavenrun-d3bbc4bc-f194-4fed-b65b-bfd2c4aaeba7] INFO  o.eclipse.m2e.core.internal.Bundles - 	Entry: C:\Users\BETU\.p2\pool\plugins\jakarta.inject.jakarta.inject-api_1.0.5.jar
2025-07-28 12:39:30,811 [Worker-60: Launching mavenrun-d3bbc4bc-f194-4fed-b65b-bfd2c4aaeba7] INFO  o.eclipse.m2e.core.internal.Bundles - getClasspathEntries(Bundle=jakarta.annotation-api_1.3.5 [29])
2025-07-28 12:39:30,811 [Worker-60: Launching mavenrun-d3bbc4bc-f194-4fed-b65b-bfd2c4aaeba7] INFO  o.eclipse.m2e.core.internal.Bundles - 	Entry: C:\Users\BETU\.p2\pool\plugins\jakarta.annotation-api_1.3.5.jar
2025-07-28 12:39:30,811 [Worker-60: Launching mavenrun-d3bbc4bc-f194-4fed-b65b-bfd2c4aaeba7] INFO  o.eclipse.m2e.core.internal.Bundles - getClasspathEntries(Bundle=org.apache.commons.cli_1.9.0 [75])
2025-07-28 12:39:30,811 [Worker-60: Launching mavenrun-d3bbc4bc-f194-4fed-b65b-bfd2c4aaeba7] INFO  o.eclipse.m2e.core.internal.Bundles - 	Entry: C:\Users\BETU\.p2\pool\plugins\org.apache.commons.cli_1.9.0.jar
2025-07-28 12:39:30,811 [Worker-60: Launching mavenrun-d3bbc4bc-f194-4fed-b65b-bfd2c4aaeba7] INFO  o.eclipse.m2e.core.internal.Bundles - getClasspathEntries(Bundle=org.apache.commons.commons-codec_1.16.0 [78])
2025-07-28 12:39:30,811 [Worker-60: Launching mavenrun-d3bbc4bc-f194-4fed-b65b-bfd2c4aaeba7] INFO  o.eclipse.m2e.core.internal.Bundles - 	Entry: C:\Users\BETU\.p2\pool\plugins\org.apache.commons.commons-codec_1.16.0.jar
2025-07-28 12:39:30,811 [Worker-60: Launching mavenrun-d3bbc4bc-f194-4fed-b65b-bfd2c4aaeba7] INFO  o.eclipse.m2e.core.internal.Bundles - getClasspathEntries(Bundle=com.google.guava.failureaccess_1.0.2 [17])
2025-07-28 12:39:30,811 [Worker-60: Launching mavenrun-d3bbc4bc-f194-4fed-b65b-bfd2c4aaeba7] INFO  o.eclipse.m2e.core.internal.Bundles - 	Entry: C:\Users\BETU\.p2\pool\plugins\com.google.guava.failureaccess_1.0.2.jar
2025-07-28 12:39:30,812 [Worker-60: Launching mavenrun-d3bbc4bc-f194-4fed-b65b-bfd2c4aaeba7] INFO  o.e.m.i.launch.MavenLaunchDelegate - Run build in "C:\Users\BETU\AppData\Local\Temp\m2e-archetypeGenerator4243637768963442886":
2025-07-28 12:39:30,813 [Worker-60: Launching mavenrun-d3bbc4bc-f194-4fed-b65b-bfd2c4aaeba7] INFO  o.e.m.i.launch.MavenLaunchDelegate -  mvn  -DarchetypeGroupId=org.apache.maven.archetypes -DarchetypeArtifactId=maven-archetype-quickstart -DarchetypeVersion=1.1 -DgroupId=com.univ -DartifactId=spring-SetterDI-App1 -Dversion=0.0.1-SNAPSHOT -Dpackage=com.univ -DoutputDirectory=C:\Users\BETU\Desktop\coading\Spring-Core -Dstyle.color=always -U archetype:generate
2025-07-28 12:40:04,377 [Worker-63: Creating maven-archetype-quickstart] INFO  o.e.m.c.i.p.ProjectConfigurationManager - Collecting project info '/pom.xml' C:\Users\BETU\Desktop\coading\Spring-Core\spring-SetterDI-App1\pom.xml
2025-07-28 12:40:04,448 [Worker-63: Creating maven-archetype-quickstart] INFO  o.e.m.c.i.l.LifecycleMappingFactory - Using org.eclipse.m2e.jdt.JarLifecycleMapping lifecycle mapping for MavenProject: com.univ:spring-SetterDI-App1:0.0.1-SNAPSHOT @ C:\Users\BETU\Desktop\coading\Spring-Core\spring-SetterDI-App1\pom.xml.
2025-07-28 12:40:04,679 [Worker-63: Creating maven-archetype-quickstart] INFO  o.e.m.j.i.AbstractJavaProjectConfigurator - Adding source folder /spring-SetterDI-App1/src/main/java
2025-07-28 12:40:04,680 [Worker-63: Creating maven-archetype-quickstart] INFO  o.e.m.j.i.AbstractJavaProjectConfigurator - Adding resource folder /spring-SetterDI-App1/src/main/resources
2025-07-28 12:40:04,684 [Worker-63: Creating maven-archetype-quickstart] INFO  o.e.m.j.i.AbstractJavaProjectConfigurator - Adding source folder /spring-SetterDI-App1/src/test/java
2025-07-28 12:40:04,684 [Worker-63: Creating maven-archetype-quickstart] INFO  o.e.m.j.i.AbstractJavaProjectConfigurator - Adding resource folder /spring-SetterDI-App1/src/test/resources
2025-07-28 12:40:04,716 [Worker-63: Creating maven-archetype-quickstart] INFO  o.e.m.c.i.p.ProjectConfigurationManager - Imported and configured 1 project(s) in 0 sec
2025-07-28 12:40:04,954 [Worker-68: Building] INFO  o.a.m.s.f.DefaultMavenResourcesFiltering - skip non existing resourceDirectory C:\Users\BETU\Desktop\coading\Spring-Core\spring-SetterDI-App1\src\main\resources
2025-07-28 12:40:04,956 [Worker-68: Building] INFO  o.a.m.s.f.DefaultMavenResourcesFiltering - skip non existing resourceDirectory C:\Users\BETU\Desktop\coading\Spring-Core\spring-SetterDI-App1\src\test\resources
2025-07-28 12:46:19,704 [Worker-70: Building] ERROR o.e.m.c.i.p.r.ProjectRegistryManager - Could not read pom.xml
org.eclipse.core.runtime.CoreException: Could not read pom.xml
	at org.eclipse.m2e.core.internal.IMavenToolbox.readModel(IMavenToolbox.java:245)
	at org.eclipse.m2e.core.internal.project.registry.ProjectRegistryManager.refreshPhase2(ProjectRegistryManager.java:591)
	at org.eclipse.m2e.core.internal.project.registry.ProjectRegistryManager.refresh(ProjectRegistryManager.java:491)
	at org.eclipse.m2e.core.internal.project.registry.ProjectRegistryManager.refresh(ProjectRegistryManager.java:370)
	at org.eclipse.m2e.core.internal.project.registry.ProjectRegistryManager.refresh(ProjectRegistryManager.java:322)
	at org.eclipse.m2e.core.internal.builder.MavenBuilder$BuildMethod.getProjectFacade(MavenBuilder.java:146)
	at org.eclipse.m2e.core.internal.builder.MavenBuilder$BuildMethod.lambda$0(MavenBuilder.java:84)
	at org.eclipse.m2e.core.internal.embedder.MavenExecutionContext.executeBare(MavenExecutionContext.java:458)
	at org.eclipse.m2e.core.internal.embedder.MavenExecutionContext.execute(MavenExecutionContext.java:339)
	at org.eclipse.m2e.core.internal.embedder.MavenExecutionContext.execute(MavenExecutionContext.java:278)
	at org.eclipse.m2e.core.internal.builder.MavenBuilder$BuildMethod.execute(MavenBuilder.java:83)
	at org.eclipse.m2e.core.internal.builder.MavenBuilder.build(MavenBuilder.java:192)
	at org.eclipse.core.internal.events.BuildManager$2.run(BuildManager.java:1077)
	at org.eclipse.core.runtime.SafeRunner.run(SafeRunner.java:47)
	at org.eclipse.core.internal.events.BuildManager.basicBuild(BuildManager.java:296)
	at org.eclipse.core.internal.events.BuildManager.basicBuild(BuildManager.java:352)
	at org.eclipse.core.internal.events.BuildManager$1.run(BuildManager.java:441)
	at org.eclipse.core.runtime.SafeRunner.run(SafeRunner.java:47)
	at org.eclipse.core.internal.events.BuildManager.basicBuild(BuildManager.java:444)
	at org.eclipse.core.internal.events.BuildManager.basicBuildLoop(BuildManager.java:555)
	at org.eclipse.core.internal.events.BuildManager.basicBuildLoop(BuildManager.java:503)
	at org.eclipse.core.internal.events.BuildManager.build(BuildManager.java:585)
	at org.eclipse.core.internal.events.AutoBuildJob.doBuild(AutoBuildJob.java:207)
	at org.eclipse.core.internal.events.AutoBuildJob.run(AutoBuildJob.java:300)
	at org.eclipse.core.internal.jobs.Worker.run(Worker.java:63)
Caused by: org.apache.maven.model.io.ModelParseException: end tag name </dependency> must match start tag name <project> from line 1 (position: TEXT seen ...</properties>\r\n\r\n\t</dependency>... @17:15) 
	at org.apache.maven.model.io.DefaultModelReader.read(DefaultModelReader.java:96)
	at org.apache.maven.model.io.DefaultModelReader.read(DefaultModelReader.java:74)
	at org.eclipse.m2e.core.internal.IMavenToolbox.readModel(IMavenToolbox.java:243)
	... 24 common frames omitted
Caused by: org.codehaus.plexus.util.xml.pull.XmlPullParserException: end tag name </dependency> must match start tag name <project> from line 1 (position: TEXT seen ...</properties>\r\n\r\n\t</dependency>... @17:15) 
	at org.codehaus.plexus.util.xml.pull.MXParser.parseEndTag(MXParser.java:2151)
	at org.codehaus.plexus.util.xml.pull.MXParser.nextImpl(MXParser.java:1418)
	at org.codehaus.plexus.util.xml.pull.MXParser.next(MXParser.java:1375)
	at org.codehaus.plexus.util.xml.pull.MXParser.nextTag(MXParser.java:1360)
	at org.apache.maven.model.io.xpp3.MavenXpp3Reader.parseModel(MavenXpp3Reader.java:2155)
	at org.apache.maven.model.io.xpp3.MavenXpp3Reader.read(MavenXpp3Reader.java:623)
	at org.apache.maven.model.io.xpp3.MavenXpp3Reader.read(MavenXpp3Reader.java:654)
	at org.apache.maven.model.io.DefaultModelReader.read(DefaultModelReader.java:93)
	... 26 common frames omitted
2025-07-28 12:46:20,896 [Worker-71: Building] ERROR o.e.m.c.i.p.r.ProjectRegistryManager - Could not read pom.xml
org.eclipse.core.runtime.CoreException: Could not read pom.xml
	at org.eclipse.m2e.core.internal.IMavenToolbox.readModel(IMavenToolbox.java:245)
	at org.eclipse.m2e.core.internal.project.registry.ProjectRegistryManager.refreshPhase2(ProjectRegistryManager.java:591)
	at org.eclipse.m2e.core.internal.project.registry.ProjectRegistryManager.refresh(ProjectRegistryManager.java:491)
	at org.eclipse.m2e.core.internal.project.registry.ProjectRegistryManager.refresh(ProjectRegistryManager.java:370)
	at org.eclipse.m2e.core.internal.project.registry.ProjectRegistryManager.refresh(ProjectRegistryManager.java:322)
	at org.eclipse.m2e.core.internal.builder.MavenBuilder$BuildMethod.getProjectFacade(MavenBuilder.java:146)
	at org.eclipse.m2e.core.internal.builder.MavenBuilder$BuildMethod.lambda$0(MavenBuilder.java:84)
	at org.eclipse.m2e.core.internal.embedder.MavenExecutionContext.executeBare(MavenExecutionContext.java:458)
	at org.eclipse.m2e.core.internal.embedder.MavenExecutionContext.execute(MavenExecutionContext.java:339)
	at org.eclipse.m2e.core.internal.embedder.MavenExecutionContext.execute(MavenExecutionContext.java:278)
	at org.eclipse.m2e.core.internal.builder.MavenBuilder$BuildMethod.execute(MavenBuilder.java:83)
	at org.eclipse.m2e.core.internal.builder.MavenBuilder.build(MavenBuilder.java:192)
	at org.eclipse.core.internal.events.BuildManager$2.run(BuildManager.java:1077)
	at org.eclipse.core.runtime.SafeRunner.run(SafeRunner.java:47)
	at org.eclipse.core.internal.events.BuildManager.basicBuild(BuildManager.java:296)
	at org.eclipse.core.internal.events.BuildManager.basicBuild(BuildManager.java:352)
	at org.eclipse.core.internal.events.BuildManager$1.run(BuildManager.java:441)
	at org.eclipse.core.runtime.SafeRunner.run(SafeRunner.java:47)
	at org.eclipse.core.internal.events.BuildManager.basicBuild(BuildManager.java:444)
	at org.eclipse.core.internal.events.BuildManager.basicBuildLoop(BuildManager.java:555)
	at org.eclipse.core.internal.events.BuildManager.basicBuildLoop(BuildManager.java:503)
	at org.eclipse.core.internal.events.BuildManager.build(BuildManager.java:585)
	at org.eclipse.core.internal.events.AutoBuildJob.doBuild(AutoBuildJob.java:207)
	at org.eclipse.core.internal.events.AutoBuildJob.run(AutoBuildJob.java:300)
	at org.eclipse.core.internal.jobs.Worker.run(Worker.java:63)
Caused by: org.apache.maven.model.io.ModelParseException: end tag name </dependency> must match start tag name <project> from line 1 (position: TEXT seen ...</properties>\r\n\r\n\t</dependency>... @17:15) 
	at org.apache.maven.model.io.DefaultModelReader.read(DefaultModelReader.java:96)
	at org.apache.maven.model.io.DefaultModelReader.read(DefaultModelReader.java:74)
	at org.eclipse.m2e.core.internal.IMavenToolbox.readModel(IMavenToolbox.java:243)
	... 24 common frames omitted
Caused by: org.codehaus.plexus.util.xml.pull.XmlPullParserException: end tag name </dependency> must match start tag name <project> from line 1 (position: TEXT seen ...</properties>\r\n\r\n\t</dependency>... @17:15) 
	at org.codehaus.plexus.util.xml.pull.MXParser.parseEndTag(MXParser.java:2151)
	at org.codehaus.plexus.util.xml.pull.MXParser.nextImpl(MXParser.java:1418)
	at org.codehaus.plexus.util.xml.pull.MXParser.next(MXParser.java:1375)
	at org.codehaus.plexus.util.xml.pull.MXParser.nextTag(MXParser.java:1360)
	at org.apache.maven.model.io.xpp3.MavenXpp3Reader.parseModel(MavenXpp3Reader.java:2155)
	at org.apache.maven.model.io.xpp3.MavenXpp3Reader.read(MavenXpp3Reader.java:623)
	at org.apache.maven.model.io.xpp3.MavenXpp3Reader.read(MavenXpp3Reader.java:654)
	at org.apache.maven.model.io.DefaultModelReader.read(DefaultModelReader.java:93)
	... 26 common frames omitted
2025-07-28 12:46:41,958 [Worker-70: Building] INFO  o.e.m.c.i.l.LifecycleMappingFactory - Using org.eclipse.m2e.jdt.JarLifecycleMapping lifecycle mapping for MavenProject: com.univ:spring-SetterDI-App1:0.0.1-SNAPSHOT @ C:\Users\BETU\Desktop\coading\Spring-Core\spring-SetterDI-App1\pom.xml.
2025-07-28 12:46:41,983 [Worker-70: Building] INFO  o.a.m.s.f.DefaultMavenResourcesFiltering - skip non existing resourceDirectory C:\Users\BETU\Desktop\coading\Spring-Core\spring-SetterDI-App1\src\main\resources
2025-07-28 12:46:41,984 [Worker-70: Building] INFO  o.a.m.s.f.DefaultMavenResourcesFiltering - skip non existing resourceDirectory C:\Users\BETU\Desktop\coading\Spring-Core\spring-SetterDI-App1\src\test\resources
2025-07-28 12:46:43,171 [Worker-70: Building] INFO  o.a.m.s.f.DefaultMavenResourcesFiltering - skip non existing resourceDirectory C:\Users\BETU\Desktop\coading\Spring-Core\spring-SetterDI-App1\src\main\resources
2025-07-28 12:46:43,175 [Worker-70: Building] INFO  o.a.m.s.f.DefaultMavenResourcesFiltering - skip non existing resourceDirectory C:\Users\BETU\Desktop\coading\Spring-Core\spring-SetterDI-App1\src\test\resources
2025-07-28 12:48:24,668 [Worker-70: Building] INFO  o.a.m.s.f.DefaultMavenResourcesFiltering - skip non existing resourceDirectory C:\Users\BETU\Desktop\coading\Spring-Core\spring-SetterDI-App1\src\main\resources
2025-07-28 12:48:24,670 [Worker-70: Building] INFO  o.a.m.s.f.DefaultMavenResourcesFiltering - skip non existing resourceDirectory C:\Users\BETU\Desktop\coading\Spring-Core\spring-SetterDI-App1\src\test\resources
2025-07-28 12:48:38,347 [Worker-70: Building] INFO  o.a.m.s.f.DefaultMavenResourcesFiltering - skip non existing resourceDirectory C:\Users\BETU\Desktop\coading\Spring-Core\spring-SetterDI-App1\src\main\resources
2025-07-28 12:48:38,353 [Worker-70: Building] INFO  o.a.m.s.f.DefaultMavenResourcesFiltering - skip non existing resourceDirectory C:\Users\BETU\Desktop\coading\Spring-Core\spring-SetterDI-App1\src\test\resources
2025-07-28 12:51:05,996 [Worker-74: Building] INFO  o.a.m.s.f.DefaultMavenResourcesFiltering - skip non existing resourceDirectory C:\Users\BETU\Desktop\coading\Spring-Core\spring-SetterDI-App1\src\main\resources
2025-07-28 12:51:06,001 [Worker-74: Building] INFO  o.a.m.s.f.DefaultMavenResourcesFiltering - skip non existing resourceDirectory C:\Users\BETU\Desktop\coading\Spring-Core\spring-SetterDI-App1\src\test\resources
2025-07-28 12:51:42,553 [Worker-72: Building] INFO  o.a.m.s.f.DefaultMavenResourcesFiltering - skip non existing resourceDirectory C:\Users\BETU\Desktop\coading\Spring-Core\spring-SetterDI-App1\src\main\resources
2025-07-28 12:51:42,557 [Worker-72: Building] INFO  o.a.m.s.f.DefaultMavenResourcesFiltering - skip non existing resourceDirectory C:\Users\BETU\Desktop\coading\Spring-Core\spring-SetterDI-App1\src\test\resources
2025-07-28 12:53:52,671 [Worker-65: Building] INFO  o.a.m.s.f.DefaultMavenResourcesFiltering - skip non existing resourceDirectory C:\Users\BETU\Desktop\coading\Spring-Core\spring-SetterDI-App1\src\main\resources
2025-07-28 12:53:52,673 [Worker-65: Building] INFO  o.a.m.s.f.DefaultMavenResourcesFiltering - skip non existing resourceDirectory C:\Users\BETU\Desktop\coading\Spring-Core\spring-SetterDI-App1\src\test\resources
2025-07-28 12:55:33,828 [Worker-70: Building] INFO  o.a.m.s.f.DefaultMavenResourcesFiltering - skip non existing resourceDirectory C:\Users\BETU\Desktop\coading\Spring-Core\spring-SetterDI-App1\src\main\resources
2025-07-28 12:55:33,832 [Worker-70: Building] INFO  o.a.m.s.f.DefaultMavenResourcesFiltering - skip non existing resourceDirectory C:\Users\BETU\Desktop\coading\Spring-Core\spring-SetterDI-App1\src\test\resources
2025-07-28 13:00:03,516 [Worker-65: Building] INFO  o.e.m.c.i.l.LifecycleMappingFactory - Using org.eclipse.m2e.jdt.JarLifecycleMapping lifecycle mapping for MavenProject: com.univ:spring-SetterDI-App1:0.0.1-SNAPSHOT @ C:\Users\BETU\Desktop\coading\Spring-Core\spring-SetterDI-App1\pom.xml.
2025-07-28 13:00:03,558 [Worker-65: Building] INFO  o.a.m.s.f.DefaultMavenResourcesFiltering - skip non existing resourceDirectory C:\Users\BETU\Desktop\coading\Spring-Core\spring-SetterDI-App1\src\main\resources
2025-07-28 13:00:03,559 [Worker-65: Building] INFO  o.a.m.s.f.DefaultMavenResourcesFiltering - skip non existing resourceDirectory C:\Users\BETU\Desktop\coading\Spring-Core\spring-SetterDI-App1\src\test\resources
2025-07-28 13:00:04,734 [Worker-75: Building] INFO  o.a.m.s.f.DefaultMavenResourcesFiltering - skip non existing resourceDirectory C:\Users\BETU\Desktop\coading\Spring-Core\spring-SetterDI-App1\src\main\resources
2025-07-28 13:00:04,736 [Worker-75: Building] INFO  o.a.m.s.f.DefaultMavenResourcesFiltering - skip non existing resourceDirectory C:\Users\BETU\Desktop\coading\Spring-Core\spring-SetterDI-App1\src\test\resources
2025-07-28 13:01:06,537 [Worker-75: Building] INFO  o.a.m.s.f.DefaultMavenResourcesFiltering - skip non existing resourceDirectory C:\Users\BETU\Desktop\coading\Spring-Core\spring-SetterDI-App1\src\main\resources
2025-07-28 13:01:06,540 [Worker-75: Building] INFO  o.a.m.s.f.DefaultMavenResourcesFiltering - skip non existing resourceDirectory C:\Users\BETU\Desktop\coading\Spring-Core\spring-SetterDI-App1\src\test\resources
2025-07-28 13:01:19,021 [Worker-65: Building] INFO  o.a.m.s.f.DefaultMavenResourcesFiltering - skip non existing resourceDirectory C:\Users\BETU\Desktop\coading\Spring-Core\spring-SetterDI-App1\src\main\resources
2025-07-28 13:01:19,023 [Worker-65: Building] INFO  o.a.m.s.f.DefaultMavenResourcesFiltering - skip non existing resourceDirectory C:\Users\BETU\Desktop\coading\Spring-Core\spring-SetterDI-App1\src\test\resources
2025-07-28 13:01:32,280 [Worker-65: Building] INFO  o.a.m.s.f.DefaultMavenResourcesFiltering - skip non existing resourceDirectory C:\Users\BETU\Desktop\coading\Spring-Core\spring-SetterDI-App1\src\main\resources
2025-07-28 13:01:32,282 [Worker-65: Building] INFO  o.a.m.s.f.DefaultMavenResourcesFiltering - skip non existing resourceDirectory C:\Users\BETU\Desktop\coading\Spring-Core\spring-SetterDI-App1\src\test\resources
2025-07-28 13:02:47,788 [Worker-65: Building] INFO  o.a.m.s.f.DefaultMavenResourcesFiltering - skip non existing resourceDirectory C:\Users\BETU\Desktop\coading\Spring-Core\spring-SetterDI-App1\src\main\resources
2025-07-28 13:02:47,790 [Worker-65: Building] INFO  o.a.m.s.f.DefaultMavenResourcesFiltering - skip non existing resourceDirectory C:\Users\BETU\Desktop\coading\Spring-Core\spring-SetterDI-App1\src\test\resources
2025-07-28 13:08:51,288 [Worker-76: Building] INFO  o.a.m.s.f.DefaultMavenResourcesFiltering - skip non existing resourceDirectory C:\Users\BETU\Desktop\coading\Spring-Core\spring-SetterDI-App1\src\main\resources
2025-07-28 13:08:51,290 [Worker-76: Building] INFO  o.a.m.s.f.DefaultMavenResourcesFiltering - skip non existing resourceDirectory C:\Users\BETU\Desktop\coading\Spring-Core\spring-SetterDI-App1\src\test\resources
2025-07-28 13:13:02,751 [Worker-77: Building] INFO  o.a.m.s.f.DefaultMavenResourcesFiltering - skip non existing resourceDirectory C:\Users\BETU\Desktop\coading\Spring-Core\spring-SetterDI-App1\src\main\resources
2025-07-28 13:13:02,753 [Worker-77: Building] INFO  o.a.m.s.f.DefaultMavenResourcesFiltering - skip non existing resourceDirectory C:\Users\BETU\Desktop\coading\Spring-Core\spring-SetterDI-App1\src\test\resources
2025-07-28 13:13:07,256 [Worker-79: Building] INFO  o.a.m.s.f.DefaultMavenResourcesFiltering - skip non existing resourceDirectory C:\Users\BETU\Desktop\coading\Spring-Core\spring-SetterDI-App1\src\main\resources
2025-07-28 13:13:07,258 [Worker-79: Building] INFO  o.a.m.s.f.DefaultMavenResourcesFiltering - skip non existing resourceDirectory C:\Users\BETU\Desktop\coading\Spring-Core\spring-SetterDI-App1\src\test\resources
2025-07-28 13:13:29,429 [Worker-80: Building] INFO  o.a.m.s.f.DefaultMavenResourcesFiltering - skip non existing resourceDirectory C:\Users\BETU\Desktop\coading\Spring-Core\spring-SetterDI-App1\src\main\resources
2025-07-28 13:13:29,430 [Worker-80: Building] INFO  o.a.m.s.f.DefaultMavenResourcesFiltering - skip non existing resourceDirectory C:\Users\BETU\Desktop\coading\Spring-Core\spring-SetterDI-App1\src\test\resources
2025-07-28 13:14:07,361 [Worker-80: Building] INFO  o.a.m.s.f.DefaultMavenResourcesFiltering - skip non existing resourceDirectory C:\Users\BETU\Desktop\coading\Spring-Core\spring-SetterDI-App1\src\main\resources
2025-07-28 13:14:07,363 [Worker-80: Building] INFO  o.a.m.s.f.DefaultMavenResourcesFiltering - skip non existing resourceDirectory C:\Users\BETU\Desktop\coading\Spring-Core\spring-SetterDI-App1\src\test\resources
2025-07-28 13:15:11,697 [Worker-79: Building] INFO  o.a.m.s.f.DefaultMavenResourcesFiltering - skip non existing resourceDirectory C:\Users\BETU\Desktop\coading\Spring-Core\spring-SetterDI-App1\src\main\resources
2025-07-28 13:15:11,699 [Worker-79: Building] INFO  o.a.m.s.f.DefaultMavenResourcesFiltering - skip non existing resourceDirectory C:\Users\BETU\Desktop\coading\Spring-Core\spring-SetterDI-App1\src\test\resources
2025-07-28 13:15:26,325 [Worker-79: Building] INFO  o.a.m.s.f.DefaultMavenResourcesFiltering - skip non existing resourceDirectory C:\Users\BETU\Desktop\coading\Spring-Core\spring-SetterDI-App1\src\main\resources
2025-07-28 13:15:26,327 [Worker-79: Building] INFO  o.a.m.s.f.DefaultMavenResourcesFiltering - skip non existing resourceDirectory C:\Users\BETU\Desktop\coading\Spring-Core\spring-SetterDI-App1\src\test\resources
2025-07-28 13:19:26,394 [Worker-81: Launching mavenrun-1e6643c1-26d9-4f47-96c7-540046ce4bf2] INFO  o.eclipse.m2e.core.internal.Bundles - getClasspathEntries(Bundle=org.eclipse.m2e.maven.runtime_3.9.900.20240824-1409 [638])
2025-07-28 13:19:26,398 [Worker-81: Launching mavenrun-1e6643c1-26d9-4f47-96c7-540046ce4bf2] INFO  o.eclipse.m2e.core.internal.Bundles - 	Entry: C:\Users\BETU\.p2\pool\plugins\org.eclipse.m2e.maven.runtime_3.9.900.20240824-1409
2025-07-28 13:19:26,399 [Worker-81: Launching mavenrun-1e6643c1-26d9-4f47-96c7-540046ce4bf2] INFO  o.eclipse.m2e.core.internal.Bundles - 	Entry: C:\Users\BETU\.p2\pool\plugins\org.eclipse.m2e.maven.runtime_3.9.900.20240824-1409\jars\aopalliance-1.0.jar
2025-07-28 13:19:26,400 [Worker-81: Launching mavenrun-1e6643c1-26d9-4f47-96c7-540046ce4bf2] INFO  o.eclipse.m2e.core.internal.Bundles - 	Entry: C:\Users\BETU\.p2\pool\plugins\org.eclipse.m2e.maven.runtime_3.9.900.20240824-1409\jars\guice-5.1.0.jar
2025-07-28 13:19:26,400 [Worker-81: Launching mavenrun-1e6643c1-26d9-4f47-96c7-540046ce4bf2] INFO  o.eclipse.m2e.core.internal.Bundles - 	Entry: C:\Users\BETU\.p2\pool\plugins\org.eclipse.m2e.maven.runtime_3.9.900.20240824-1409\jars\httpclient-4.5.14.jar
2025-07-28 13:19:26,401 [Worker-81: Launching mavenrun-1e6643c1-26d9-4f47-96c7-540046ce4bf2] INFO  o.eclipse.m2e.core.internal.Bundles - 	Entry: C:\Users\BETU\.p2\pool\plugins\org.eclipse.m2e.maven.runtime_3.9.900.20240824-1409\jars\httpcore-4.4.16.jar
2025-07-28 13:19:26,402 [Worker-81: Launching mavenrun-1e6643c1-26d9-4f47-96c7-540046ce4bf2] INFO  o.eclipse.m2e.core.internal.Bundles - 	Entry: C:\Users\BETU\.p2\pool\plugins\org.eclipse.m2e.maven.runtime_3.9.900.20240824-1409\jars\jansi-2.4.1.jar
2025-07-28 13:19:26,402 [Worker-81: Launching mavenrun-1e6643c1-26d9-4f47-96c7-540046ce4bf2] INFO  o.eclipse.m2e.core.internal.Bundles - 	Entry: C:\Users\BETU\.p2\pool\plugins\org.eclipse.m2e.maven.runtime_3.9.900.20240824-1409\jars\jcl-over-slf4j-1.7.36.jar
2025-07-28 13:19:26,403 [Worker-81: Launching mavenrun-1e6643c1-26d9-4f47-96c7-540046ce4bf2] INFO  o.eclipse.m2e.core.internal.Bundles - 	Entry: C:\Users\BETU\.p2\pool\plugins\org.eclipse.m2e.maven.runtime_3.9.900.20240824-1409\jars\maven-artifact-3.9.9.jar
2025-07-28 13:19:26,403 [Worker-81: Launching mavenrun-1e6643c1-26d9-4f47-96c7-540046ce4bf2] INFO  o.eclipse.m2e.core.internal.Bundles - 	Entry: C:\Users\BETU\.p2\pool\plugins\org.eclipse.m2e.maven.runtime_3.9.900.20240824-1409\jars\maven-builder-support-3.9.9.jar
2025-07-28 13:19:26,404 [Worker-81: Launching mavenrun-1e6643c1-26d9-4f47-96c7-540046ce4bf2] INFO  o.eclipse.m2e.core.internal.Bundles - 	Entry: C:\Users\BETU\.p2\pool\plugins\org.eclipse.m2e.maven.runtime_3.9.900.20240824-1409\jars\maven-compat-3.9.9.jar
2025-07-28 13:19:26,405 [Worker-81: Launching mavenrun-1e6643c1-26d9-4f47-96c7-540046ce4bf2] INFO  o.eclipse.m2e.core.internal.Bundles - 	Entry: C:\Users\BETU\.p2\pool\plugins\org.eclipse.m2e.maven.runtime_3.9.900.20240824-1409\jars\maven-core-3.9.9.jar
2025-07-28 13:19:26,405 [Worker-81: Launching mavenrun-1e6643c1-26d9-4f47-96c7-540046ce4bf2] INFO  o.eclipse.m2e.core.internal.Bundles - 	Entry: C:\Users\BETU\.p2\pool\plugins\org.eclipse.m2e.maven.runtime_3.9.900.20240824-1409\jars\maven-embedder-3.9.9.jar
2025-07-28 13:19:26,406 [Worker-81: Launching mavenrun-1e6643c1-26d9-4f47-96c7-540046ce4bf2] INFO  o.eclipse.m2e.core.internal.Bundles - 	Entry: C:\Users\BETU\.p2\pool\plugins\org.eclipse.m2e.maven.runtime_3.9.900.20240824-1409\jars\maven-model-3.9.9.jar
2025-07-28 13:19:26,406 [Worker-81: Launching mavenrun-1e6643c1-26d9-4f47-96c7-540046ce4bf2] INFO  o.eclipse.m2e.core.internal.Bundles - 	Entry: C:\Users\BETU\.p2\pool\plugins\org.eclipse.m2e.maven.runtime_3.9.900.20240824-1409\jars\maven-model-builder-3.9.9.jar
2025-07-28 13:19:26,407 [Worker-81: Launching mavenrun-1e6643c1-26d9-4f47-96c7-540046ce4bf2] INFO  o.eclipse.m2e.core.internal.Bundles - 	Entry: C:\Users\BETU\.p2\pool\plugins\org.eclipse.m2e.maven.runtime_3.9.900.20240824-1409\jars\maven-plugin-api-3.9.9.jar
2025-07-28 13:19:26,408 [Worker-81: Launching mavenrun-1e6643c1-26d9-4f47-96c7-540046ce4bf2] INFO  o.eclipse.m2e.core.internal.Bundles - 	Entry: C:\Users\BETU\.p2\pool\plugins\org.eclipse.m2e.maven.runtime_3.9.900.20240824-1409\jars\maven-repository-metadata-3.9.9.jar
2025-07-28 13:19:26,409 [Worker-81: Launching mavenrun-1e6643c1-26d9-4f47-96c7-540046ce4bf2] INFO  o.eclipse.m2e.core.internal.Bundles - 	Entry: C:\Users\BETU\.p2\pool\plugins\org.eclipse.m2e.maven.runtime_3.9.900.20240824-1409\jars\maven-resolver-api-1.9.22.jar
2025-07-28 13:19:26,410 [Worker-81: Launching mavenrun-1e6643c1-26d9-4f47-96c7-540046ce4bf2] INFO  o.eclipse.m2e.core.internal.Bundles - 	Entry: C:\Users\BETU\.p2\pool\plugins\org.eclipse.m2e.maven.runtime_3.9.900.20240824-1409\jars\maven-resolver-connector-basic-1.9.22.jar
2025-07-28 13:19:26,411 [Worker-81: Launching mavenrun-1e6643c1-26d9-4f47-96c7-540046ce4bf2] INFO  o.eclipse.m2e.core.internal.Bundles - 	Entry: C:\Users\BETU\.p2\pool\plugins\org.eclipse.m2e.maven.runtime_3.9.900.20240824-1409\jars\maven-resolver-impl-1.9.22.jar
2025-07-28 13:19:26,411 [Worker-81: Launching mavenrun-1e6643c1-26d9-4f47-96c7-540046ce4bf2] INFO  o.eclipse.m2e.core.internal.Bundles - 	Entry: C:\Users\BETU\.p2\pool\plugins\org.eclipse.m2e.maven.runtime_3.9.900.20240824-1409\jars\maven-resolver-named-locks-1.9.22.jar
2025-07-28 13:19:26,412 [Worker-81: Launching mavenrun-1e6643c1-26d9-4f47-96c7-540046ce4bf2] INFO  o.eclipse.m2e.core.internal.Bundles - 	Entry: C:\Users\BETU\.p2\pool\plugins\org.eclipse.m2e.maven.runtime_3.9.900.20240824-1409\jars\maven-resolver-provider-3.9.9.jar
2025-07-28 13:19:26,412 [Worker-81: Launching mavenrun-1e6643c1-26d9-4f47-96c7-540046ce4bf2] INFO  o.eclipse.m2e.core.internal.Bundles - 	Entry: C:\Users\BETU\.p2\pool\plugins\org.eclipse.m2e.maven.runtime_3.9.900.20240824-1409\jars\maven-resolver-spi-1.9.22.jar
2025-07-28 13:19:26,413 [Worker-81: Launching mavenrun-1e6643c1-26d9-4f47-96c7-540046ce4bf2] INFO  o.eclipse.m2e.core.internal.Bundles - 	Entry: C:\Users\BETU\.p2\pool\plugins\org.eclipse.m2e.maven.runtime_3.9.900.20240824-1409\jars\maven-resolver-transport-file-1.9.22.jar
2025-07-28 13:19:26,413 [Worker-81: Launching mavenrun-1e6643c1-26d9-4f47-96c7-540046ce4bf2] INFO  o.eclipse.m2e.core.internal.Bundles - 	Entry: C:\Users\BETU\.p2\pool\plugins\org.eclipse.m2e.maven.runtime_3.9.900.20240824-1409\jars\maven-resolver-transport-http-1.9.22.jar
2025-07-28 13:19:26,414 [Worker-81: Launching mavenrun-1e6643c1-26d9-4f47-96c7-540046ce4bf2] INFO  o.eclipse.m2e.core.internal.Bundles - 	Entry: C:\Users\BETU\.p2\pool\plugins\org.eclipse.m2e.maven.runtime_3.9.900.20240824-1409\jars\maven-resolver-transport-wagon-1.9.22.jar
2025-07-28 13:19:26,414 [Worker-81: Launching mavenrun-1e6643c1-26d9-4f47-96c7-540046ce4bf2] INFO  o.eclipse.m2e.core.internal.Bundles - 	Entry: C:\Users\BETU\.p2\pool\plugins\org.eclipse.m2e.maven.runtime_3.9.900.20240824-1409\jars\maven-resolver-util-1.9.22.jar
2025-07-28 13:19:26,415 [Worker-81: Launching mavenrun-1e6643c1-26d9-4f47-96c7-540046ce4bf2] INFO  o.eclipse.m2e.core.internal.Bundles - 	Entry: C:\Users\BETU\.p2\pool\plugins\org.eclipse.m2e.maven.runtime_3.9.900.20240824-1409\jars\maven-settings-3.9.9.jar
2025-07-28 13:19:26,415 [Worker-81: Launching mavenrun-1e6643c1-26d9-4f47-96c7-540046ce4bf2] INFO  o.eclipse.m2e.core.internal.Bundles - 	Entry: C:\Users\BETU\.p2\pool\plugins\org.eclipse.m2e.maven.runtime_3.9.900.20240824-1409\jars\maven-settings-builder-3.9.9.jar
2025-07-28 13:19:26,416 [Worker-81: Launching mavenrun-1e6643c1-26d9-4f47-96c7-540046ce4bf2] INFO  o.eclipse.m2e.core.internal.Bundles - 	Entry: C:\Users\BETU\.p2\pool\plugins\org.eclipse.m2e.maven.runtime_3.9.900.20240824-1409\jars\maven-shared-utils-3.4.2.jar
2025-07-28 13:19:26,416 [Worker-81: Launching mavenrun-1e6643c1-26d9-4f47-96c7-540046ce4bf2] INFO  o.eclipse.m2e.core.internal.Bundles - 	Entry: C:\Users\BETU\.p2\pool\plugins\org.eclipse.m2e.maven.runtime_3.9.900.20240824-1409\jars\org.eclipse.sisu.inject-0.9.0.M3.jar
2025-07-28 13:19:26,417 [Worker-81: Launching mavenrun-1e6643c1-26d9-4f47-96c7-540046ce4bf2] INFO  o.eclipse.m2e.core.internal.Bundles - 	Entry: C:\Users\BETU\.p2\pool\plugins\org.eclipse.m2e.maven.runtime_3.9.900.20240824-1409\jars\org.eclipse.sisu.plexus-0.9.0.M3.jar
2025-07-28 13:19:26,417 [Worker-81: Launching mavenrun-1e6643c1-26d9-4f47-96c7-540046ce4bf2] INFO  o.eclipse.m2e.core.internal.Bundles - 	Entry: C:\Users\BETU\.p2\pool\plugins\org.eclipse.m2e.maven.runtime_3.9.900.20240824-1409\jars\plexus-build-api-0.0.7.jar
2025-07-28 13:19:26,418 [Worker-81: Launching mavenrun-1e6643c1-26d9-4f47-96c7-540046ce4bf2] INFO  o.eclipse.m2e.core.internal.Bundles - 	Entry: C:\Users\BETU\.p2\pool\plugins\org.eclipse.m2e.maven.runtime_3.9.900.20240824-1409\jars\plexus-build-api-1.2.0.jar
2025-07-28 13:19:26,418 [Worker-81: Launching mavenrun-1e6643c1-26d9-4f47-96c7-540046ce4bf2] INFO  o.eclipse.m2e.core.internal.Bundles - 	Entry: C:\Users\BETU\.p2\pool\plugins\org.eclipse.m2e.maven.runtime_3.9.900.20240824-1409\jars\plexus-cipher-2.0.jar
2025-07-28 13:19:26,419 [Worker-81: Launching mavenrun-1e6643c1-26d9-4f47-96c7-540046ce4bf2] INFO  o.eclipse.m2e.core.internal.Bundles - 	Entry: C:\Users\BETU\.p2\pool\plugins\org.eclipse.m2e.maven.runtime_3.9.900.20240824-1409\jars\plexus-classworlds-2.8.0.jar
2025-07-28 13:19:26,419 [Worker-81: Launching mavenrun-1e6643c1-26d9-4f47-96c7-540046ce4bf2] INFO  o.eclipse.m2e.core.internal.Bundles - 	Entry: C:\Users\BETU\.p2\pool\plugins\org.eclipse.m2e.maven.runtime_3.9.900.20240824-1409\jars\plexus-component-annotations-2.1.0.jar
2025-07-28 13:19:26,419 [Worker-81: Launching mavenrun-1e6643c1-26d9-4f47-96c7-540046ce4bf2] INFO  o.eclipse.m2e.core.internal.Bundles - 	Entry: C:\Users\BETU\.p2\pool\plugins\org.eclipse.m2e.maven.runtime_3.9.900.20240824-1409\jars\plexus-interpolation-1.27.jar
2025-07-28 13:19:26,420 [Worker-81: Launching mavenrun-1e6643c1-26d9-4f47-96c7-540046ce4bf2] INFO  o.eclipse.m2e.core.internal.Bundles - 	Entry: C:\Users\BETU\.p2\pool\plugins\org.eclipse.m2e.maven.runtime_3.9.900.20240824-1409\jars\plexus-sec-dispatcher-2.0.jar
2025-07-28 13:19:26,420 [Worker-81: Launching mavenrun-1e6643c1-26d9-4f47-96c7-540046ce4bf2] INFO  o.eclipse.m2e.core.internal.Bundles - 	Entry: C:\Users\BETU\.p2\pool\plugins\org.eclipse.m2e.maven.runtime_3.9.900.20240824-1409\jars\plexus-utils-3.5.1.jar
2025-07-28 13:19:26,421 [Worker-81: Launching mavenrun-1e6643c1-26d9-4f47-96c7-540046ce4bf2] INFO  o.eclipse.m2e.core.internal.Bundles - 	Entry: C:\Users\BETU\.p2\pool\plugins\org.eclipse.m2e.maven.runtime_3.9.900.20240824-1409\jars\plexus-xml-3.0.1.jar
2025-07-28 13:19:26,421 [Worker-81: Launching mavenrun-1e6643c1-26d9-4f47-96c7-540046ce4bf2] INFO  o.eclipse.m2e.core.internal.Bundles - 	Entry: C:\Users\BETU\.p2\pool\plugins\org.eclipse.m2e.maven.runtime_3.9.900.20240824-1409\jars\wagon-file-3.5.3.jar
2025-07-28 13:19:26,422 [Worker-81: Launching mavenrun-1e6643c1-26d9-4f47-96c7-540046ce4bf2] INFO  o.eclipse.m2e.core.internal.Bundles - 	Entry: C:\Users\BETU\.p2\pool\plugins\org.eclipse.m2e.maven.runtime_3.9.900.20240824-1409\jars\wagon-http-3.5.3.jar
2025-07-28 13:19:26,422 [Worker-81: Launching mavenrun-1e6643c1-26d9-4f47-96c7-540046ce4bf2] INFO  o.eclipse.m2e.core.internal.Bundles - 	Entry: C:\Users\BETU\.p2\pool\plugins\org.eclipse.m2e.maven.runtime_3.9.900.20240824-1409\jars\wagon-http-shared-3.5.3.jar
2025-07-28 13:19:26,423 [Worker-81: Launching mavenrun-1e6643c1-26d9-4f47-96c7-540046ce4bf2] INFO  o.eclipse.m2e.core.internal.Bundles - 	Entry: C:\Users\BETU\.p2\pool\plugins\org.eclipse.m2e.maven.runtime_3.9.900.20240824-1409\jars\wagon-provider-api-3.5.3.jar
2025-07-28 13:19:26,423 [Worker-81: Launching mavenrun-1e6643c1-26d9-4f47-96c7-540046ce4bf2] INFO  o.eclipse.m2e.core.internal.Bundles - getClasspathEntries(Bundle=com.google.guava_33.3.1.jre [16])
2025-07-28 13:19:26,425 [Worker-81: Launching mavenrun-1e6643c1-26d9-4f47-96c7-540046ce4bf2] INFO  o.eclipse.m2e.core.internal.Bundles - 	Entry: C:\Users\BETU\.p2\pool\plugins\com.google.guava_33.3.1.jre.jar
2025-07-28 13:19:26,426 [Worker-81: Launching mavenrun-1e6643c1-26d9-4f47-96c7-540046ce4bf2] INFO  o.eclipse.m2e.core.internal.Bundles - getClasspathEntries(Bundle=slf4j.api_2.0.16 [1005])
2025-07-28 13:19:26,427 [Worker-81: Launching mavenrun-1e6643c1-26d9-4f47-96c7-540046ce4bf2] INFO  o.eclipse.m2e.core.internal.Bundles - 	Entry: C:\Users\BETU\.p2\pool\plugins\slf4j.api_2.0.16.jar
2025-07-28 13:19:26,427 [Worker-81: Launching mavenrun-1e6643c1-26d9-4f47-96c7-540046ce4bf2] INFO  o.eclipse.m2e.core.internal.Bundles - getClasspathEntries(Bundle=jakarta.inject.jakarta.inject-api_1.0.5 [34])
2025-07-28 13:19:26,429 [Worker-81: Launching mavenrun-1e6643c1-26d9-4f47-96c7-540046ce4bf2] INFO  o.eclipse.m2e.core.internal.Bundles - 	Entry: C:\Users\BETU\.p2\pool\plugins\jakarta.inject.jakarta.inject-api_1.0.5.jar
2025-07-28 13:19:26,429 [Worker-81: Launching mavenrun-1e6643c1-26d9-4f47-96c7-540046ce4bf2] INFO  o.eclipse.m2e.core.internal.Bundles - getClasspathEntries(Bundle=jakarta.annotation-api_1.3.5 [29])
2025-07-28 13:19:26,430 [Worker-81: Launching mavenrun-1e6643c1-26d9-4f47-96c7-540046ce4bf2] INFO  o.eclipse.m2e.core.internal.Bundles - 	Entry: C:\Users\BETU\.p2\pool\plugins\jakarta.annotation-api_1.3.5.jar
2025-07-28 13:19:26,430 [Worker-81: Launching mavenrun-1e6643c1-26d9-4f47-96c7-540046ce4bf2] INFO  o.eclipse.m2e.core.internal.Bundles - getClasspathEntries(Bundle=org.apache.commons.cli_1.9.0 [75])
2025-07-28 13:19:26,431 [Worker-81: Launching mavenrun-1e6643c1-26d9-4f47-96c7-540046ce4bf2] INFO  o.eclipse.m2e.core.internal.Bundles - 	Entry: C:\Users\BETU\.p2\pool\plugins\org.apache.commons.cli_1.9.0.jar
2025-07-28 13:19:26,431 [Worker-81: Launching mavenrun-1e6643c1-26d9-4f47-96c7-540046ce4bf2] INFO  o.eclipse.m2e.core.internal.Bundles - getClasspathEntries(Bundle=org.apache.commons.commons-codec_1.16.0 [78])
2025-07-28 13:19:26,432 [Worker-81: Launching mavenrun-1e6643c1-26d9-4f47-96c7-540046ce4bf2] INFO  o.eclipse.m2e.core.internal.Bundles - 	Entry: C:\Users\BETU\.p2\pool\plugins\org.apache.commons.commons-codec_1.16.0.jar
2025-07-28 13:19:26,432 [Worker-81: Launching mavenrun-1e6643c1-26d9-4f47-96c7-540046ce4bf2] INFO  o.eclipse.m2e.core.internal.Bundles - getClasspathEntries(Bundle=com.google.guava.failureaccess_1.0.2 [17])
2025-07-28 13:19:26,433 [Worker-81: Launching mavenrun-1e6643c1-26d9-4f47-96c7-540046ce4bf2] INFO  o.eclipse.m2e.core.internal.Bundles - 	Entry: C:\Users\BETU\.p2\pool\plugins\com.google.guava.failureaccess_1.0.2.jar
2025-07-28 13:19:26,436 [Worker-81: Launching mavenrun-1e6643c1-26d9-4f47-96c7-540046ce4bf2] INFO  o.e.m.i.launch.MavenLaunchDelegate - Run build in "C:\Users\BETU\AppData\Local\Temp\m2e-archetypeGenerator1150371578766116160":
2025-07-28 13:19:26,437 [Worker-81: Launching mavenrun-1e6643c1-26d9-4f47-96c7-540046ce4bf2] INFO  o.e.m.i.launch.MavenLaunchDelegate -  mvn  -DarchetypeGroupId=org.apache.maven.archetypes -DarchetypeArtifactId=maven-archetype-quickstart -DarchetypeVersion=1.1 -DgroupId=com.univ -DartifactId=spring-ConstructerDI-App2 -Dversion=0.0.1-SNAPSHOT -Dpackage=com.univ -DoutputDirectory=C:\Users\BETU\Desktop\coading\Spring-Core -Dstyle.color=always -U archetype:generate
2025-07-28 13:19:33,692 [Worker-79: Creating maven-archetype-quickstart] INFO  o.e.m.c.i.p.ProjectConfigurationManager - Collecting project info '/pom.xml' C:\Users\BETU\Desktop\coading\Spring-Core\spring-ConstructerDI-App2\pom.xml
2025-07-28 13:19:33,750 [Worker-79: Creating maven-archetype-quickstart] INFO  o.e.m.c.i.l.LifecycleMappingFactory - Using org.eclipse.m2e.jdt.JarLifecycleMapping lifecycle mapping for MavenProject: com.univ:spring-ConstructerDI-App2:0.0.1-SNAPSHOT @ C:\Users\BETU\Desktop\coading\Spring-Core\spring-ConstructerDI-App2\pom.xml.
2025-07-28 13:19:33,978 [Worker-79: Creating maven-archetype-quickstart] INFO  o.e.m.j.i.AbstractJavaProjectConfigurator - Adding source folder /spring-ConstructerDI-App2/src/main/java
2025-07-28 13:19:33,978 [Worker-79: Creating maven-archetype-quickstart] INFO  o.e.m.j.i.AbstractJavaProjectConfigurator - Adding resource folder /spring-ConstructerDI-App2/src/main/resources
2025-07-28 13:19:33,981 [Worker-79: Creating maven-archetype-quickstart] INFO  o.e.m.j.i.AbstractJavaProjectConfigurator - Adding source folder /spring-ConstructerDI-App2/src/test/java
2025-07-28 13:19:33,981 [Worker-79: Creating maven-archetype-quickstart] INFO  o.e.m.j.i.AbstractJavaProjectConfigurator - Adding resource folder /spring-ConstructerDI-App2/src/test/resources
2025-07-28 13:19:34,012 [Worker-79: Creating maven-archetype-quickstart] INFO  o.e.m.c.i.p.ProjectConfigurationManager - Imported and configured 1 project(s) in 0 sec
2025-07-28 13:19:34,181 [Worker-85: Building] INFO  o.a.m.s.f.DefaultMavenResourcesFiltering - skip non existing resourceDirectory C:\Users\BETU\Desktop\coading\Spring-Core\spring-ConstructerDI-App2\src\main\resources
2025-07-28 13:19:34,182 [Worker-85: Building] INFO  o.a.m.s.f.DefaultMavenResourcesFiltering - skip non existing resourceDirectory C:\Users\BETU\Desktop\coading\Spring-Core\spring-ConstructerDI-App2\src\test\resources
2025-07-28 13:22:37,381 [Worker-86: Building] INFO  o.e.m.c.i.l.LifecycleMappingFactory - Using org.eclipse.m2e.jdt.JarLifecycleMapping lifecycle mapping for MavenProject: com.univ:spring-ConstructerDI-App2:0.0.1-SNAPSHOT @ C:\Users\BETU\Desktop\coading\Spring-Core\spring-ConstructerDI-App2\pom.xml.
2025-07-28 13:22:37,419 [Worker-86: Building] INFO  o.a.m.s.f.DefaultMavenResourcesFiltering - skip non existing resourceDirectory C:\Users\BETU\Desktop\coading\Spring-Core\spring-ConstructerDI-App2\src\main\resources
2025-07-28 13:22:37,420 [Worker-86: Building] INFO  o.a.m.s.f.DefaultMavenResourcesFiltering - skip non existing resourceDirectory C:\Users\BETU\Desktop\coading\Spring-Core\spring-ConstructerDI-App2\src\test\resources
2025-07-28 13:22:38,627 [Worker-83: Building] INFO  o.a.m.s.f.DefaultMavenResourcesFiltering - skip non existing resourceDirectory C:\Users\BETU\Desktop\coading\Spring-Core\spring-ConstructerDI-App2\src\main\resources
2025-07-28 13:22:38,630 [Worker-83: Building] INFO  o.a.m.s.f.DefaultMavenResourcesFiltering - skip non existing resourceDirectory C:\Users\BETU\Desktop\coading\Spring-Core\spring-ConstructerDI-App2\src\test\resources
2025-07-28 13:23:10,111 [Worker-83: Building] INFO  o.a.m.s.f.DefaultMavenResourcesFiltering - skip non existing resourceDirectory C:\Users\BETU\Desktop\coading\Spring-Core\spring-ConstructerDI-App2\src\main\resources
2025-07-28 13:23:10,114 [Worker-83: Building] INFO  o.a.m.s.f.DefaultMavenResourcesFiltering - skip non existing resourceDirectory C:\Users\BETU\Desktop\coading\Spring-Core\spring-ConstructerDI-App2\src\test\resources
2025-07-28 13:25:18,236 [Worker-86: Building] INFO  o.a.m.s.f.DefaultMavenResourcesFiltering - skip non existing resourceDirectory C:\Users\BETU\Desktop\coading\Spring-Core\spring-ConstructerDI-App2\src\main\resources
2025-07-28 13:25:18,241 [Worker-86: Building] INFO  o.a.m.s.f.DefaultMavenResourcesFiltering - skip non existing resourceDirectory C:\Users\BETU\Desktop\coading\Spring-Core\spring-ConstructerDI-App2\src\test\resources
2025-07-28 13:26:34,803 [Worker-83: Building] INFO  o.a.m.s.f.DefaultMavenResourcesFiltering - skip non existing resourceDirectory C:\Users\BETU\Desktop\coading\Spring-Core\spring-ConstructerDI-App2\src\main\resources
2025-07-28 13:26:34,804 [Worker-83: Building] INFO  o.a.m.s.f.DefaultMavenResourcesFiltering - skip non existing resourceDirectory C:\Users\BETU\Desktop\coading\Spring-Core\spring-ConstructerDI-App2\src\test\resources
2025-07-28 13:27:54,671 [Worker-83: Building] INFO  o.a.m.s.f.DefaultMavenResourcesFiltering - skip non existing resourceDirectory C:\Users\BETU\Desktop\coading\Spring-Core\spring-ConstructerDI-App2\src\main\resources
2025-07-28 13:27:54,673 [Worker-83: Building] INFO  o.a.m.s.f.DefaultMavenResourcesFiltering - skip non existing resourceDirectory C:\Users\BETU\Desktop\coading\Spring-Core\spring-ConstructerDI-App2\src\test\resources
2025-07-28 13:29:30,763 [Worker-83: Building] INFO  o.a.m.s.f.DefaultMavenResourcesFiltering - skip non existing resourceDirectory C:\Users\BETU\Desktop\coading\Spring-Core\spring-ConstructerDI-App2\src\main\resources
2025-07-28 13:29:30,764 [Worker-83: Building] INFO  o.a.m.s.f.DefaultMavenResourcesFiltering - skip non existing resourceDirectory C:\Users\BETU\Desktop\coading\Spring-Core\spring-ConstructerDI-App2\src\test\resources
2025-07-28 13:29:52,467 [Worker-86: Building] INFO  o.a.m.s.f.DefaultMavenResourcesFiltering - skip non existing resourceDirectory C:\Users\BETU\Desktop\coading\Spring-Core\spring-ConstructerDI-App2\src\main\resources
2025-07-28 13:29:52,469 [Worker-86: Building] INFO  o.a.m.s.f.DefaultMavenResourcesFiltering - skip non existing resourceDirectory C:\Users\BETU\Desktop\coading\Spring-Core\spring-ConstructerDI-App2\src\test\resources
2025-07-28 13:30:20,366 [Worker-90: Building] INFO  o.a.m.s.f.DefaultMavenResourcesFiltering - skip non existing resourceDirectory C:\Users\BETU\Desktop\coading\Spring-Core\spring-ConstructerDI-App2\src\main\resources
2025-07-28 13:30:20,367 [Worker-90: Building] INFO  o.a.m.s.f.DefaultMavenResourcesFiltering - skip non existing resourceDirectory C:\Users\BETU\Desktop\coading\Spring-Core\spring-ConstructerDI-App2\src\test\resources
2025-07-28 13:49:57,691 [Worker-92: Building] INFO  o.a.m.s.f.DefaultMavenResourcesFiltering - skip non existing resourceDirectory C:\Users\BETU\Desktop\coading\Spring-Core\spring-collectionDI-App7\src\main\resources
2025-07-28 13:49:57,693 [Worker-92: Building] INFO  o.a.m.s.f.DefaultMavenResourcesFiltering - skip non existing resourceDirectory C:\Users\BETU\Desktop\coading\Spring-Core\spring-collectionDI-App7\src\test\resources
2025-07-28 13:50:51,265 [Worker-91: Building] INFO  o.a.m.s.f.DefaultMavenResourcesFiltering - skip non existing resourceDirectory C:\Users\BETU\Desktop\coading\Spring-Core\spring-collectionDI-App7\src\main\resources
2025-07-28 13:50:51,267 [Worker-91: Building] INFO  o.a.m.s.f.DefaultMavenResourcesFiltering - skip non existing resourceDirectory C:\Users\BETU\Desktop\coading\Spring-Core\spring-collectionDI-App7\src\test\resources
2025-07-28 13:51:04,770 [Worker-79: Building] INFO  o.a.m.s.f.DefaultMavenResourcesFiltering - skip non existing resourceDirectory C:\Users\BETU\Desktop\coading\Spring-Core\spring-collectionDI-App7\src\main\resources
2025-07-28 13:51:04,774 [Worker-79: Building] INFO  o.a.m.s.f.DefaultMavenResourcesFiltering - skip non existing resourceDirectory C:\Users\BETU\Desktop\coading\Spring-Core\spring-collectionDI-App7\src\test\resources
2025-07-28 13:52:06,484 [Worker-93: Building] INFO  o.a.m.s.f.DefaultMavenResourcesFiltering - skip non existing resourceDirectory C:\Users\BETU\Desktop\coading\Spring-Core\spring-collectionDI-App7\src\main\resources
2025-07-28 13:52:06,486 [Worker-93: Building] INFO  o.a.m.s.f.DefaultMavenResourcesFiltering - skip non existing resourceDirectory C:\Users\BETU\Desktop\coading\Spring-Core\spring-collectionDI-App7\src\test\resources
2025-07-28 13:53:40,935 [Worker-94: Building] INFO  o.a.m.s.f.DefaultMavenResourcesFiltering - skip non existing resourceDirectory C:\Users\BETU\Desktop\coading\Spring-Core\spring-collectionDI-App7\src\main\resources
2025-07-28 13:53:40,937 [Worker-94: Building] INFO  o.a.m.s.f.DefaultMavenResourcesFiltering - skip non existing resourceDirectory C:\Users\BETU\Desktop\coading\Spring-Core\spring-collectionDI-App7\src\test\resources
2025-07-28 13:55:23,519 [Worker-91: Building] INFO  o.a.m.s.f.DefaultMavenResourcesFiltering - skip non existing resourceDirectory C:\Users\BETU\Desktop\coading\Spring-Core\spring-collectionDI-App7\src\main\resources
2025-07-28 13:55:23,520 [Worker-91: Building] INFO  o.a.m.s.f.DefaultMavenResourcesFiltering - skip non existing resourceDirectory C:\Users\BETU\Desktop\coading\Spring-Core\spring-collectionDI-App7\src\test\resources
2025-07-28 13:55:59,349 [Worker-94: Building] INFO  o.a.m.s.f.DefaultMavenResourcesFiltering - skip non existing resourceDirectory C:\Users\BETU\Desktop\coading\Spring-Core\spring-collectionDI-App7\src\main\resources
2025-07-28 13:55:59,352 [Worker-94: Building] INFO  o.a.m.s.f.DefaultMavenResourcesFiltering - skip non existing resourceDirectory C:\Users\BETU\Desktop\coading\Spring-Core\spring-collectionDI-App7\src\test\resources
2025-07-28 13:56:46,608 [Worker-92: Building] INFO  o.a.m.s.f.DefaultMavenResourcesFiltering - skip non existing resourceDirectory C:\Users\BETU\Desktop\coading\Spring-Core\spring-collectionDI-App7\src\main\resources
2025-07-28 13:56:46,612 [Worker-92: Building] INFO  o.a.m.s.f.DefaultMavenResourcesFiltering - skip non existing resourceDirectory C:\Users\BETU\Desktop\coading\Spring-Core\spring-collectionDI-App7\src\test\resources
2025-07-28 13:57:15,041 [Worker-79: Building] INFO  o.a.m.s.f.DefaultMavenResourcesFiltering - skip non existing resourceDirectory C:\Users\BETU\Desktop\coading\Spring-Core\spring-collectionDI-App7\src\main\resources
2025-07-28 13:57:15,044 [Worker-79: Building] INFO  o.a.m.s.f.DefaultMavenResourcesFiltering - skip non existing resourceDirectory C:\Users\BETU\Desktop\coading\Spring-Core\spring-collectionDI-App7\src\test\resources
2025-07-28 13:57:51,501 [Worker-94: Building] INFO  o.a.m.s.f.DefaultMavenResourcesFiltering - skip non existing resourceDirectory C:\Users\BETU\Desktop\coading\Spring-Core\spring-collectionDI-App7\src\main\resources
2025-07-28 13:57:51,504 [Worker-94: Building] INFO  o.a.m.s.f.DefaultMavenResourcesFiltering - skip non existing resourceDirectory C:\Users\BETU\Desktop\coading\Spring-Core\spring-collectionDI-App7\src\test\resources
2025-07-28 13:59:21,187 [Worker-91: Building] INFO  o.e.m.c.i.l.LifecycleMappingFactory - Using org.eclipse.m2e.jdt.JarLifecycleMapping lifecycle mapping for MavenProject: com.univ:Spring-AutowireByType:0.0.1-SNAPSHOT @ C:\Users\BETU\Desktop\coading\Spring-Core\Spring-AutowireByName\pom.xml.
2025-07-28 13:59:21,271 [Worker-91: Building] INFO  o.a.m.s.f.DefaultMavenResourcesFiltering - skip non existing resourceDirectory C:\Users\BETU\Desktop\coading\Spring-Core\Spring-AutowireByName\src\main\resources
2025-07-28 13:59:21,273 [Worker-91: Building] INFO  o.a.m.s.f.DefaultMavenResourcesFiltering - skip non existing resourceDirectory C:\Users\BETU\Desktop\coading\Spring-Core\Spring-AutowireByName\src\test\resources
2025-07-28 13:59:21,494 [Worker-93: Building] INFO  o.a.m.s.f.DefaultMavenResourcesFiltering - skip non existing resourceDirectory C:\Users\BETU\Desktop\coading\Spring-Core\Spring-AutowireByName\src\main\resources
2025-07-28 13:59:21,497 [Worker-93: Building] INFO  o.a.m.s.f.DefaultMavenResourcesFiltering - skip non existing resourceDirectory C:\Users\BETU\Desktop\coading\Spring-Core\Spring-AutowireByName\src\test\resources
2025-07-28 14:00:45,159 [Worker-95: Building] INFO  o.a.m.s.f.DefaultMavenResourcesFiltering - skip non existing resourceDirectory C:\Users\BETU\Desktop\coading\Spring-Core\Spring-AutowireByType\src\main\resources
2025-07-28 14:00:45,161 [Worker-95: Building] INFO  o.a.m.s.f.DefaultMavenResourcesFiltering - skip non existing resourceDirectory C:\Users\BETU\Desktop\coading\Spring-Core\Spring-AutowireByType\src\test\resources
2025-07-28 14:00:53,722 [Worker-92: Building] INFO  o.a.m.s.f.DefaultMavenResourcesFiltering - skip non existing resourceDirectory C:\Users\BETU\Desktop\coading\Spring-Core\Spring-AutowireByType\src\main\resources
2025-07-28 14:00:53,725 [Worker-92: Building] INFO  o.a.m.s.f.DefaultMavenResourcesFiltering - skip non existing resourceDirectory C:\Users\BETU\Desktop\coading\Spring-Core\Spring-AutowireByType\src\test\resources
2025-07-28 14:01:12,405 [Worker-97: Building] INFO  o.a.m.s.f.DefaultMavenResourcesFiltering - skip non existing resourceDirectory C:\Users\BETU\Desktop\coading\Spring-Core\Spring-AutowireByType\src\main\resources
2025-07-28 14:01:12,406 [Worker-97: Building] INFO  o.a.m.s.f.DefaultMavenResourcesFiltering - skip non existing resourceDirectory C:\Users\BETU\Desktop\coading\Spring-Core\Spring-AutowireByType\src\test\resources
2025-07-28 14:03:14,988 [Worker-98: Building] INFO  o.e.m.c.i.l.LifecycleMappingFactory - Using org.eclipse.m2e.jdt.JarLifecycleMapping lifecycle mapping for MavenProject: com.univ:Spring-AutowireByType:0.0.1-SNAPSHOT @ C:\Users\BETU\Desktop\coading\Spring-Core\Spring-AutowireByConst\pom.xml.
2025-07-28 14:03:15,031 [Worker-98: Building] INFO  o.a.m.s.f.DefaultMavenResourcesFiltering - skip non existing resourceDirectory C:\Users\BETU\Desktop\coading\Spring-Core\Spring-AutowireByConst\src\main\resources
2025-07-28 14:03:15,033 [Worker-98: Building] INFO  o.a.m.s.f.DefaultMavenResourcesFiltering - skip non existing resourceDirectory C:\Users\BETU\Desktop\coading\Spring-Core\Spring-AutowireByConst\src\test\resources
2025-07-28 14:03:16,231 [Worker-92: Building] INFO  o.a.m.s.f.DefaultMavenResourcesFiltering - skip non existing resourceDirectory C:\Users\BETU\Desktop\coading\Spring-Core\Spring-AutowireByConst\src\main\resources
2025-07-28 14:03:16,233 [Worker-92: Building] INFO  o.a.m.s.f.DefaultMavenResourcesFiltering - skip non existing resourceDirectory C:\Users\BETU\Desktop\coading\Spring-Core\Spring-AutowireByConst\src\test\resources
2025-07-28 14:03:34,867 [Worker-98: Building] INFO  o.a.m.s.f.DefaultMavenResourcesFiltering - skip non existing resourceDirectory C:\Users\BETU\Desktop\coading\Spring-Core\Spring-AutowireByConst\src\main\resources
2025-07-28 14:03:34,870 [Worker-98: Building] INFO  o.a.m.s.f.DefaultMavenResourcesFiltering - skip non existing resourceDirectory C:\Users\BETU\Desktop\coading\Spring-Core\Spring-AutowireByConst\src\test\resources
2025-07-28 16:09:16,344 [Worker-106: Building] INFO  o.e.m.c.i.l.LifecycleMappingFactory - Using org.eclipse.m2e.jdt.JarLifecycleMapping lifecycle mapping for MavenProject: com.univ:Spring-AutowireByType:0.0.1-SNAPSHOT @ C:\Users\BETU\Desktop\coading\Spring-Core\Spring-DIWithOutXML8\pom.xml.
2025-07-28 16:09:16,596 [Worker-106: Building] INFO  o.a.m.s.f.DefaultMavenResourcesFiltering - skip non existing resourceDirectory C:\Users\BETU\Desktop\coading\Spring-Core\Spring-DIWithOutXML8\src\main\resources
2025-07-28 16:09:16,603 [Worker-106: Building] INFO  o.a.m.s.f.DefaultMavenResourcesFiltering - skip non existing resourceDirectory C:\Users\BETU\Desktop\coading\Spring-Core\Spring-DIWithOutXML8\src\test\resources
2025-07-28 16:09:17,921 [Worker-106: Building] INFO  o.a.m.s.f.DefaultMavenResourcesFiltering - skip non existing resourceDirectory C:\Users\BETU\Desktop\coading\Spring-Core\Spring-DIWithOutXML8\src\main\resources
2025-07-28 16:09:17,929 [Worker-106: Building] INFO  o.a.m.s.f.DefaultMavenResourcesFiltering - skip non existing resourceDirectory C:\Users\BETU\Desktop\coading\Spring-Core\Spring-DIWithOutXML8\src\test\resources
2025-07-28 16:10:02,735 [Worker-106: Building] INFO  o.a.m.s.f.DefaultMavenResourcesFiltering - skip non existing resourceDirectory C:\Users\BETU\Desktop\coading\Spring-Core\Spring-DIWithOutXML8\src\main\resources
2025-07-28 16:10:02,739 [Worker-106: Building] INFO  o.a.m.s.f.DefaultMavenResourcesFiltering - skip non existing resourceDirectory C:\Users\BETU\Desktop\coading\Spring-Core\Spring-DIWithOutXML8\src\test\resources
2025-07-28 16:21:03,859 [Worker-105: Building] INFO  o.a.m.s.f.DefaultMavenResourcesFiltering - skip non existing resourceDirectory C:\Users\BETU\Desktop\coading\Spring-Core\Spring-DIWithOutXML8\src\main\resources
2025-07-28 16:21:03,863 [Worker-105: Building] INFO  o.a.m.s.f.DefaultMavenResourcesFiltering - skip non existing resourceDirectory C:\Users\BETU\Desktop\coading\Spring-Core\Spring-DIWithOutXML8\src\test\resources
2025-07-28 16:21:06,518 [Worker-110: Building] INFO  o.a.m.s.f.DefaultMavenResourcesFiltering - skip non existing resourceDirectory C:\Users\BETU\Desktop\coading\Spring-Core\Spring-DIWithOutXML8\src\main\resources
2025-07-28 16:21:06,523 [Worker-110: Building] INFO  o.a.m.s.f.DefaultMavenResourcesFiltering - skip non existing resourceDirectory C:\Users\BETU\Desktop\coading\Spring-Core\Spring-DIWithOutXML8\src\test\resources
2025-07-28 16:28:08,754 [Worker-112: Building] INFO  o.a.m.s.f.DefaultMavenResourcesFiltering - skip non existing resourceDirectory C:\Users\BETU\Desktop\coading\Spring-Core\Spring-DIWithOutXML8\src\main\resources
2025-07-28 16:28:08,755 [Worker-112: Building] INFO  o.a.m.s.f.DefaultMavenResourcesFiltering - skip non existing resourceDirectory C:\Users\BETU\Desktop\coading\Spring-Core\Spring-DIWithOutXML8\src\test\resources
2025-07-28 16:29:06,603 [Worker-112: Building] INFO  o.a.m.s.f.DefaultMavenResourcesFiltering - skip non existing resourceDirectory C:\Users\BETU\Desktop\coading\Spring-Core\Spring-DIWithOutXML8\src\main\resources
2025-07-28 16:29:06,607 [Worker-112: Building] INFO  o.a.m.s.f.DefaultMavenResourcesFiltering - skip non existing resourceDirectory C:\Users\BETU\Desktop\coading\Spring-Core\Spring-DIWithOutXML8\src\test\resources
2025-07-28 16:30:05,630 [Worker-112: Building] INFO  o.e.m.c.i.l.LifecycleMappingFactory - Using org.eclipse.m2e.jdt.JarLifecycleMapping lifecycle mapping for MavenProject: com.univ:Spring-AutowireByType:0.0.1-SNAPSHOT @ C:\Users\BETU\Desktop\coading\Spring-Core\Spring-DIWithxml-App9\pom.xml.
2025-07-28 16:30:05,678 [Worker-112: Building] INFO  o.a.m.s.f.DefaultMavenResourcesFiltering - skip non existing resourceDirectory C:\Users\BETU\Desktop\coading\Spring-Core\Spring-DIWithxml-App9\src\main\resources
2025-07-28 16:30:05,680 [Worker-112: Building] INFO  o.a.m.s.f.DefaultMavenResourcesFiltering - skip non existing resourceDirectory C:\Users\BETU\Desktop\coading\Spring-Core\Spring-DIWithxml-App9\src\test\resources
2025-07-28 16:30:06,959 [Worker-106: Building] INFO  o.a.m.s.f.DefaultMavenResourcesFiltering - skip non existing resourceDirectory C:\Users\BETU\Desktop\coading\Spring-Core\Spring-DIWithxml-App9\src\main\resources
2025-07-28 16:30:06,962 [Worker-106: Building] INFO  o.a.m.s.f.DefaultMavenResourcesFiltering - skip non existing resourceDirectory C:\Users\BETU\Desktop\coading\Spring-Core\Spring-DIWithxml-App9\src\test\resources
2025-07-28 16:32:21,834 [Worker-114: Building] INFO  o.a.m.s.f.DefaultMavenResourcesFiltering - skip non existing resourceDirectory C:\Users\BETU\Desktop\coading\Spring-Core\Spring-DIWithxml-App9\src\main\resources
2025-07-28 16:32:21,835 [Worker-114: Building] INFO  o.a.m.s.f.DefaultMavenResourcesFiltering - skip non existing resourceDirectory C:\Users\BETU\Desktop\coading\Spring-Core\Spring-DIWithxml-App9\src\test\resources
2025-07-28 16:32:31,458 [Worker-113: Building] INFO  o.a.m.s.f.DefaultMavenResourcesFiltering - skip non existing resourceDirectory C:\Users\BETU\Desktop\coading\Spring-Core\Spring-DIWithxml-App9\src\main\resources
2025-07-28 16:32:31,459 [Worker-113: Building] INFO  o.a.m.s.f.DefaultMavenResourcesFiltering - skip non existing resourceDirectory C:\Users\BETU\Desktop\coading\Spring-Core\Spring-DIWithxml-App9\src\test\resources
2025-07-28 16:32:34,121 [Worker-113: Building] INFO  o.a.m.s.f.DefaultMavenResourcesFiltering - skip non existing resourceDirectory C:\Users\BETU\Desktop\coading\Spring-Core\Spring-DIWithxml-App9\src\main\resources
2025-07-28 16:32:34,123 [Worker-113: Building] INFO  o.a.m.s.f.DefaultMavenResourcesFiltering - skip non existing resourceDirectory C:\Users\BETU\Desktop\coading\Spring-Core\Spring-DIWithxml-App9\src\test\resources
2025-07-28 16:34:35,542 [Worker-112: Building] INFO  o.a.m.s.f.DefaultMavenResourcesFiltering - skip non existing resourceDirectory C:\Users\BETU\Desktop\coading\Spring-Core\Spring-DIWithxml-App9\src\main\resources
2025-07-28 16:34:35,544 [Worker-112: Building] INFO  o.a.m.s.f.DefaultMavenResourcesFiltering - skip non existing resourceDirectory C:\Users\BETU\Desktop\coading\Spring-Core\Spring-DIWithxml-App9\src\test\resources
2025-07-28 16:35:43,931 [Worker-112: Building] INFO  o.a.m.s.f.DefaultMavenResourcesFiltering - skip non existing resourceDirectory C:\Users\BETU\Desktop\coading\Spring-Core\Spring-DIWithxml-App9\src\main\resources
2025-07-28 16:35:43,937 [Worker-112: Building] INFO  o.a.m.s.f.DefaultMavenResourcesFiltering - skip non existing resourceDirectory C:\Users\BETU\Desktop\coading\Spring-Core\Spring-DIWithxml-App9\src\test\resources
2025-07-28 16:35:50,770 [Worker-112: Launching App (10)] INFO  o.a.m.s.f.DefaultMavenResourcesFiltering - skip non existing resourceDirectory C:\Users\BETU\Desktop\coading\Spring-Core\Spring-DIWithxml-App9\src\main\resources
2025-07-28 16:35:50,772 [Worker-112: Launching App (10)] INFO  o.a.m.s.f.DefaultMavenResourcesFiltering - skip non existing resourceDirectory C:\Users\BETU\Desktop\coading\Spring-Core\Spring-DIWithxml-App9\src\test\resources
2025-07-28 16:36:36,658 [Worker-114: Building] INFO  o.a.m.s.f.DefaultMavenResourcesFiltering - skip non existing resourceDirectory C:\Users\BETU\Desktop\coading\Spring-Core\Spring-DIWithxml-App9\src\main\resources
2025-07-28 16:36:36,660 [Worker-114: Building] INFO  o.a.m.s.f.DefaultMavenResourcesFiltering - skip non existing resourceDirectory C:\Users\BETU\Desktop\coading\Spring-Core\Spring-DIWithxml-App9\src\test\resources
2025-07-28 16:37:12,818 [Worker-115: Building] INFO  o.a.m.s.f.DefaultMavenResourcesFiltering - skip non existing resourceDirectory C:\Users\BETU\Desktop\coading\Spring-Core\Spring-DIWithxml-App9\src\main\resources
2025-07-28 16:37:12,820 [Worker-115: Building] INFO  o.a.m.s.f.DefaultMavenResourcesFiltering - skip non existing resourceDirectory C:\Users\BETU\Desktop\coading\Spring-Core\Spring-DIWithxml-App9\src\test\resources
2025-07-28 16:37:16,102 [Worker-115: Building] INFO  o.a.m.s.f.DefaultMavenResourcesFiltering - skip non existing resourceDirectory C:\Users\BETU\Desktop\coading\Spring-Core\Spring-DIWithxml-App9\src\main\resources
2025-07-28 16:37:16,103 [Worker-115: Building] INFO  o.a.m.s.f.DefaultMavenResourcesFiltering - skip non existing resourceDirectory C:\Users\BETU\Desktop\coading\Spring-Core\Spring-DIWithxml-App9\src\test\resources
2025-07-28 16:39:10,072 [Worker-111: Building] INFO  o.a.m.s.f.DefaultMavenResourcesFiltering - skip non existing resourceDirectory C:\Users\BETU\Desktop\coading\Spring-Core\Spring-DIWithxml-App9\src\main\resources
2025-07-28 16:39:10,074 [Worker-111: Building] INFO  o.a.m.s.f.DefaultMavenResourcesFiltering - skip non existing resourceDirectory C:\Users\BETU\Desktop\coading\Spring-Core\Spring-DIWithxml-App9\src\test\resources
2025-07-28 20:53:36,539 [Stop Help Server] INFO  org.eclipse.jetty.server.Server - Stopped oejs.Server@54d8a4e7{STOPPING}[12.0.15,sto=0]
2025-07-28 20:53:36,557 [Stop Help Server] INFO  o.e.jetty.server.AbstractConnector - Stopped ServerConnector@6e1fe20b{HTTP/1.1, (http/1.1)}{127.0.0.1:0}
2025-07-29 13:14:51,928 [Worker-6: Loading available Gradle versions] INFO  o.e.b.c.i.u.g.PublishedGradleVersions - Gradle version information cache is out-of-date. Trying to update.
2025-07-29 13:27:02,608 [Worker-30: Building] INFO  o.a.m.s.f.DefaultMavenResourcesFiltering - skip non existing resourceDirectory C:\Users\BETU\Desktop\coading\Spring-Core\Spring-DIWithxml-App9\src\main\resources
2025-07-29 13:27:02,615 [Worker-30: Building] INFO  o.a.m.s.f.DefaultMavenResourcesFiltering - skip non existing resourceDirectory C:\Users\BETU\Desktop\coading\Spring-Core\Spring-DIWithxml-App9\src\test\resources
2025-07-29 13:32:07,350 [Worker-31: Launching mavenrun-6e06410b-e702-4c1f-bc0b-5121d4bca647] INFO  o.eclipse.m2e.core.internal.Bundles - getClasspathEntries(Bundle=org.eclipse.m2e.maven.runtime_3.9.900.20240824-1409 [638])
2025-07-29 13:32:07,354 [Worker-31: Launching mavenrun-6e06410b-e702-4c1f-bc0b-5121d4bca647] INFO  o.eclipse.m2e.core.internal.Bundles - 	Entry: C:\Users\BETU\.p2\pool\plugins\org.eclipse.m2e.maven.runtime_3.9.900.20240824-1409
2025-07-29 13:32:07,356 [Worker-31: Launching mavenrun-6e06410b-e702-4c1f-bc0b-5121d4bca647] INFO  o.eclipse.m2e.core.internal.Bundles - 	Entry: C:\Users\BETU\.p2\pool\plugins\org.eclipse.m2e.maven.runtime_3.9.900.20240824-1409\jars\aopalliance-1.0.jar
2025-07-29 13:32:07,357 [Worker-31: Launching mavenrun-6e06410b-e702-4c1f-bc0b-5121d4bca647] INFO  o.eclipse.m2e.core.internal.Bundles - 	Entry: C:\Users\BETU\.p2\pool\plugins\org.eclipse.m2e.maven.runtime_3.9.900.20240824-1409\jars\guice-5.1.0.jar
2025-07-29 13:32:07,357 [Worker-31: Launching mavenrun-6e06410b-e702-4c1f-bc0b-5121d4bca647] INFO  o.eclipse.m2e.core.internal.Bundles - 	Entry: C:\Users\BETU\.p2\pool\plugins\org.eclipse.m2e.maven.runtime_3.9.900.20240824-1409\jars\httpclient-4.5.14.jar
2025-07-29 13:32:07,358 [Worker-31: Launching mavenrun-6e06410b-e702-4c1f-bc0b-5121d4bca647] INFO  o.eclipse.m2e.core.internal.Bundles - 	Entry: C:\Users\BETU\.p2\pool\plugins\org.eclipse.m2e.maven.runtime_3.9.900.20240824-1409\jars\httpcore-4.4.16.jar
2025-07-29 13:32:07,358 [Worker-31: Launching mavenrun-6e06410b-e702-4c1f-bc0b-5121d4bca647] INFO  o.eclipse.m2e.core.internal.Bundles - 	Entry: C:\Users\BETU\.p2\pool\plugins\org.eclipse.m2e.maven.runtime_3.9.900.20240824-1409\jars\jansi-2.4.1.jar
2025-07-29 13:32:07,358 [Worker-31: Launching mavenrun-6e06410b-e702-4c1f-bc0b-5121d4bca647] INFO  o.eclipse.m2e.core.internal.Bundles - 	Entry: C:\Users\BETU\.p2\pool\plugins\org.eclipse.m2e.maven.runtime_3.9.900.20240824-1409\jars\jcl-over-slf4j-1.7.36.jar
2025-07-29 13:32:07,358 [Worker-31: Launching mavenrun-6e06410b-e702-4c1f-bc0b-5121d4bca647] INFO  o.eclipse.m2e.core.internal.Bundles - 	Entry: C:\Users\BETU\.p2\pool\plugins\org.eclipse.m2e.maven.runtime_3.9.900.20240824-1409\jars\maven-artifact-3.9.9.jar
2025-07-29 13:32:07,358 [Worker-31: Launching mavenrun-6e06410b-e702-4c1f-bc0b-5121d4bca647] INFO  o.eclipse.m2e.core.internal.Bundles - 	Entry: C:\Users\BETU\.p2\pool\plugins\org.eclipse.m2e.maven.runtime_3.9.900.20240824-1409\jars\maven-builder-support-3.9.9.jar
2025-07-29 13:32:07,358 [Worker-31: Launching mavenrun-6e06410b-e702-4c1f-bc0b-5121d4bca647] INFO  o.eclipse.m2e.core.internal.Bundles - 	Entry: C:\Users\BETU\.p2\pool\plugins\org.eclipse.m2e.maven.runtime_3.9.900.20240824-1409\jars\maven-compat-3.9.9.jar
2025-07-29 13:32:07,358 [Worker-31: Launching mavenrun-6e06410b-e702-4c1f-bc0b-5121d4bca647] INFO  o.eclipse.m2e.core.internal.Bundles - 	Entry: C:\Users\BETU\.p2\pool\plugins\org.eclipse.m2e.maven.runtime_3.9.900.20240824-1409\jars\maven-core-3.9.9.jar
2025-07-29 13:32:07,359 [Worker-31: Launching mavenrun-6e06410b-e702-4c1f-bc0b-5121d4bca647] INFO  o.eclipse.m2e.core.internal.Bundles - 	Entry: C:\Users\BETU\.p2\pool\plugins\org.eclipse.m2e.maven.runtime_3.9.900.20240824-1409\jars\maven-embedder-3.9.9.jar
2025-07-29 13:32:07,359 [Worker-31: Launching mavenrun-6e06410b-e702-4c1f-bc0b-5121d4bca647] INFO  o.eclipse.m2e.core.internal.Bundles - 	Entry: C:\Users\BETU\.p2\pool\plugins\org.eclipse.m2e.maven.runtime_3.9.900.20240824-1409\jars\maven-model-3.9.9.jar
2025-07-29 13:32:07,359 [Worker-31: Launching mavenrun-6e06410b-e702-4c1f-bc0b-5121d4bca647] INFO  o.eclipse.m2e.core.internal.Bundles - 	Entry: C:\Users\BETU\.p2\pool\plugins\org.eclipse.m2e.maven.runtime_3.9.900.20240824-1409\jars\maven-model-builder-3.9.9.jar
2025-07-29 13:32:07,359 [Worker-31: Launching mavenrun-6e06410b-e702-4c1f-bc0b-5121d4bca647] INFO  o.eclipse.m2e.core.internal.Bundles - 	Entry: C:\Users\BETU\.p2\pool\plugins\org.eclipse.m2e.maven.runtime_3.9.900.20240824-1409\jars\maven-plugin-api-3.9.9.jar
2025-07-29 13:32:07,359 [Worker-31: Launching mavenrun-6e06410b-e702-4c1f-bc0b-5121d4bca647] INFO  o.eclipse.m2e.core.internal.Bundles - 	Entry: C:\Users\BETU\.p2\pool\plugins\org.eclipse.m2e.maven.runtime_3.9.900.20240824-1409\jars\maven-repository-metadata-3.9.9.jar
2025-07-29 13:32:07,359 [Worker-31: Launching mavenrun-6e06410b-e702-4c1f-bc0b-5121d4bca647] INFO  o.eclipse.m2e.core.internal.Bundles - 	Entry: C:\Users\BETU\.p2\pool\plugins\org.eclipse.m2e.maven.runtime_3.9.900.20240824-1409\jars\maven-resolver-api-1.9.22.jar
2025-07-29 13:32:07,359 [Worker-31: Launching mavenrun-6e06410b-e702-4c1f-bc0b-5121d4bca647] INFO  o.eclipse.m2e.core.internal.Bundles - 	Entry: C:\Users\BETU\.p2\pool\plugins\org.eclipse.m2e.maven.runtime_3.9.900.20240824-1409\jars\maven-resolver-connector-basic-1.9.22.jar
2025-07-29 13:32:07,359 [Worker-31: Launching mavenrun-6e06410b-e702-4c1f-bc0b-5121d4bca647] INFO  o.eclipse.m2e.core.internal.Bundles - 	Entry: C:\Users\BETU\.p2\pool\plugins\org.eclipse.m2e.maven.runtime_3.9.900.20240824-1409\jars\maven-resolver-impl-1.9.22.jar
2025-07-29 13:32:07,359 [Worker-31: Launching mavenrun-6e06410b-e702-4c1f-bc0b-5121d4bca647] INFO  o.eclipse.m2e.core.internal.Bundles - 	Entry: C:\Users\BETU\.p2\pool\plugins\org.eclipse.m2e.maven.runtime_3.9.900.20240824-1409\jars\maven-resolver-named-locks-1.9.22.jar
2025-07-29 13:32:07,359 [Worker-31: Launching mavenrun-6e06410b-e702-4c1f-bc0b-5121d4bca647] INFO  o.eclipse.m2e.core.internal.Bundles - 	Entry: C:\Users\BETU\.p2\pool\plugins\org.eclipse.m2e.maven.runtime_3.9.900.20240824-1409\jars\maven-resolver-provider-3.9.9.jar
2025-07-29 13:32:07,360 [Worker-31: Launching mavenrun-6e06410b-e702-4c1f-bc0b-5121d4bca647] INFO  o.eclipse.m2e.core.internal.Bundles - 	Entry: C:\Users\BETU\.p2\pool\plugins\org.eclipse.m2e.maven.runtime_3.9.900.20240824-1409\jars\maven-resolver-spi-1.9.22.jar
2025-07-29 13:32:07,360 [Worker-31: Launching mavenrun-6e06410b-e702-4c1f-bc0b-5121d4bca647] INFO  o.eclipse.m2e.core.internal.Bundles - 	Entry: C:\Users\BETU\.p2\pool\plugins\org.eclipse.m2e.maven.runtime_3.9.900.20240824-1409\jars\maven-resolver-transport-file-1.9.22.jar
2025-07-29 13:32:07,360 [Worker-31: Launching mavenrun-6e06410b-e702-4c1f-bc0b-5121d4bca647] INFO  o.eclipse.m2e.core.internal.Bundles - 	Entry: C:\Users\BETU\.p2\pool\plugins\org.eclipse.m2e.maven.runtime_3.9.900.20240824-1409\jars\maven-resolver-transport-http-1.9.22.jar
2025-07-29 13:32:07,360 [Worker-31: Launching mavenrun-6e06410b-e702-4c1f-bc0b-5121d4bca647] INFO  o.eclipse.m2e.core.internal.Bundles - 	Entry: C:\Users\BETU\.p2\pool\plugins\org.eclipse.m2e.maven.runtime_3.9.900.20240824-1409\jars\maven-resolver-transport-wagon-1.9.22.jar
2025-07-29 13:32:07,360 [Worker-31: Launching mavenrun-6e06410b-e702-4c1f-bc0b-5121d4bca647] INFO  o.eclipse.m2e.core.internal.Bundles - 	Entry: C:\Users\BETU\.p2\pool\plugins\org.eclipse.m2e.maven.runtime_3.9.900.20240824-1409\jars\maven-resolver-util-1.9.22.jar
2025-07-29 13:32:07,360 [Worker-31: Launching mavenrun-6e06410b-e702-4c1f-bc0b-5121d4bca647] INFO  o.eclipse.m2e.core.internal.Bundles - 	Entry: C:\Users\BETU\.p2\pool\plugins\org.eclipse.m2e.maven.runtime_3.9.900.20240824-1409\jars\maven-settings-3.9.9.jar
2025-07-29 13:32:07,360 [Worker-31: Launching mavenrun-6e06410b-e702-4c1f-bc0b-5121d4bca647] INFO  o.eclipse.m2e.core.internal.Bundles - 	Entry: C:\Users\BETU\.p2\pool\plugins\org.eclipse.m2e.maven.runtime_3.9.900.20240824-1409\jars\maven-settings-builder-3.9.9.jar
2025-07-29 13:32:07,360 [Worker-31: Launching mavenrun-6e06410b-e702-4c1f-bc0b-5121d4bca647] INFO  o.eclipse.m2e.core.internal.Bundles - 	Entry: C:\Users\BETU\.p2\pool\plugins\org.eclipse.m2e.maven.runtime_3.9.900.20240824-1409\jars\maven-shared-utils-3.4.2.jar
2025-07-29 13:32:07,360 [Worker-31: Launching mavenrun-6e06410b-e702-4c1f-bc0b-5121d4bca647] INFO  o.eclipse.m2e.core.internal.Bundles - 	Entry: C:\Users\BETU\.p2\pool\plugins\org.eclipse.m2e.maven.runtime_3.9.900.20240824-1409\jars\org.eclipse.sisu.inject-0.9.0.M3.jar
2025-07-29 13:32:07,360 [Worker-31: Launching mavenrun-6e06410b-e702-4c1f-bc0b-5121d4bca647] INFO  o.eclipse.m2e.core.internal.Bundles - 	Entry: C:\Users\BETU\.p2\pool\plugins\org.eclipse.m2e.maven.runtime_3.9.900.20240824-1409\jars\org.eclipse.sisu.plexus-0.9.0.M3.jar
2025-07-29 13:32:07,361 [Worker-31: Launching mavenrun-6e06410b-e702-4c1f-bc0b-5121d4bca647] INFO  o.eclipse.m2e.core.internal.Bundles - 	Entry: C:\Users\BETU\.p2\pool\plugins\org.eclipse.m2e.maven.runtime_3.9.900.20240824-1409\jars\plexus-build-api-0.0.7.jar
2025-07-29 13:32:07,361 [Worker-31: Launching mavenrun-6e06410b-e702-4c1f-bc0b-5121d4bca647] INFO  o.eclipse.m2e.core.internal.Bundles - 	Entry: C:\Users\BETU\.p2\pool\plugins\org.eclipse.m2e.maven.runtime_3.9.900.20240824-1409\jars\plexus-build-api-1.2.0.jar
2025-07-29 13:32:07,361 [Worker-31: Launching mavenrun-6e06410b-e702-4c1f-bc0b-5121d4bca647] INFO  o.eclipse.m2e.core.internal.Bundles - 	Entry: C:\Users\BETU\.p2\pool\plugins\org.eclipse.m2e.maven.runtime_3.9.900.20240824-1409\jars\plexus-cipher-2.0.jar
2025-07-29 13:32:07,361 [Worker-31: Launching mavenrun-6e06410b-e702-4c1f-bc0b-5121d4bca647] INFO  o.eclipse.m2e.core.internal.Bundles - 	Entry: C:\Users\BETU\.p2\pool\plugins\org.eclipse.m2e.maven.runtime_3.9.900.20240824-1409\jars\plexus-classworlds-2.8.0.jar
2025-07-29 13:32:07,361 [Worker-31: Launching mavenrun-6e06410b-e702-4c1f-bc0b-5121d4bca647] INFO  o.eclipse.m2e.core.internal.Bundles - 	Entry: C:\Users\BETU\.p2\pool\plugins\org.eclipse.m2e.maven.runtime_3.9.900.20240824-1409\jars\plexus-component-annotations-2.1.0.jar
2025-07-29 13:32:07,361 [Worker-31: Launching mavenrun-6e06410b-e702-4c1f-bc0b-5121d4bca647] INFO  o.eclipse.m2e.core.internal.Bundles - 	Entry: C:\Users\BETU\.p2\pool\plugins\org.eclipse.m2e.maven.runtime_3.9.900.20240824-1409\jars\plexus-interpolation-1.27.jar
2025-07-29 13:32:07,361 [Worker-31: Launching mavenrun-6e06410b-e702-4c1f-bc0b-5121d4bca647] INFO  o.eclipse.m2e.core.internal.Bundles - 	Entry: C:\Users\BETU\.p2\pool\plugins\org.eclipse.m2e.maven.runtime_3.9.900.20240824-1409\jars\plexus-sec-dispatcher-2.0.jar
2025-07-29 13:32:07,361 [Worker-31: Launching mavenrun-6e06410b-e702-4c1f-bc0b-5121d4bca647] INFO  o.eclipse.m2e.core.internal.Bundles - 	Entry: C:\Users\BETU\.p2\pool\plugins\org.eclipse.m2e.maven.runtime_3.9.900.20240824-1409\jars\plexus-utils-3.5.1.jar
2025-07-29 13:32:07,361 [Worker-31: Launching mavenrun-6e06410b-e702-4c1f-bc0b-5121d4bca647] INFO  o.eclipse.m2e.core.internal.Bundles - 	Entry: C:\Users\BETU\.p2\pool\plugins\org.eclipse.m2e.maven.runtime_3.9.900.20240824-1409\jars\plexus-xml-3.0.1.jar
2025-07-29 13:32:07,361 [Worker-31: Launching mavenrun-6e06410b-e702-4c1f-bc0b-5121d4bca647] INFO  o.eclipse.m2e.core.internal.Bundles - 	Entry: C:\Users\BETU\.p2\pool\plugins\org.eclipse.m2e.maven.runtime_3.9.900.20240824-1409\jars\wagon-file-3.5.3.jar
2025-07-29 13:32:07,362 [Worker-31: Launching mavenrun-6e06410b-e702-4c1f-bc0b-5121d4bca647] INFO  o.eclipse.m2e.core.internal.Bundles - 	Entry: C:\Users\BETU\.p2\pool\plugins\org.eclipse.m2e.maven.runtime_3.9.900.20240824-1409\jars\wagon-http-3.5.3.jar
2025-07-29 13:32:07,362 [Worker-31: Launching mavenrun-6e06410b-e702-4c1f-bc0b-5121d4bca647] INFO  o.eclipse.m2e.core.internal.Bundles - 	Entry: C:\Users\BETU\.p2\pool\plugins\org.eclipse.m2e.maven.runtime_3.9.900.20240824-1409\jars\wagon-http-shared-3.5.3.jar
2025-07-29 13:32:07,362 [Worker-31: Launching mavenrun-6e06410b-e702-4c1f-bc0b-5121d4bca647] INFO  o.eclipse.m2e.core.internal.Bundles - 	Entry: C:\Users\BETU\.p2\pool\plugins\org.eclipse.m2e.maven.runtime_3.9.900.20240824-1409\jars\wagon-provider-api-3.5.3.jar
2025-07-29 13:32:07,364 [Worker-31: Launching mavenrun-6e06410b-e702-4c1f-bc0b-5121d4bca647] INFO  o.eclipse.m2e.core.internal.Bundles - getClasspathEntries(Bundle=com.google.guava_33.3.1.jre [16])
2025-07-29 13:32:07,364 [Worker-31: Launching mavenrun-6e06410b-e702-4c1f-bc0b-5121d4bca647] INFO  o.eclipse.m2e.core.internal.Bundles - 	Entry: C:\Users\BETU\.p2\pool\plugins\com.google.guava_33.3.1.jre.jar
2025-07-29 13:32:07,364 [Worker-31: Launching mavenrun-6e06410b-e702-4c1f-bc0b-5121d4bca647] INFO  o.eclipse.m2e.core.internal.Bundles - getClasspathEntries(Bundle=slf4j.api_2.0.16 [1005])
2025-07-29 13:32:07,365 [Worker-31: Launching mavenrun-6e06410b-e702-4c1f-bc0b-5121d4bca647] INFO  o.eclipse.m2e.core.internal.Bundles - 	Entry: C:\Users\BETU\.p2\pool\plugins\slf4j.api_2.0.16.jar
2025-07-29 13:32:07,365 [Worker-31: Launching mavenrun-6e06410b-e702-4c1f-bc0b-5121d4bca647] INFO  o.eclipse.m2e.core.internal.Bundles - getClasspathEntries(Bundle=jakarta.inject.jakarta.inject-api_1.0.5 [34])
2025-07-29 13:32:07,365 [Worker-31: Launching mavenrun-6e06410b-e702-4c1f-bc0b-5121d4bca647] INFO  o.eclipse.m2e.core.internal.Bundles - 	Entry: C:\Users\BETU\.p2\pool\plugins\jakarta.inject.jakarta.inject-api_1.0.5.jar
2025-07-29 13:32:07,365 [Worker-31: Launching mavenrun-6e06410b-e702-4c1f-bc0b-5121d4bca647] INFO  o.eclipse.m2e.core.internal.Bundles - getClasspathEntries(Bundle=jakarta.annotation-api_1.3.5 [29])
2025-07-29 13:32:07,365 [Worker-31: Launching mavenrun-6e06410b-e702-4c1f-bc0b-5121d4bca647] INFO  o.eclipse.m2e.core.internal.Bundles - 	Entry: C:\Users\BETU\.p2\pool\plugins\jakarta.annotation-api_1.3.5.jar
2025-07-29 13:32:07,365 [Worker-31: Launching mavenrun-6e06410b-e702-4c1f-bc0b-5121d4bca647] INFO  o.eclipse.m2e.core.internal.Bundles - getClasspathEntries(Bundle=org.apache.commons.cli_1.9.0 [75])
2025-07-29 13:32:07,365 [Worker-31: Launching mavenrun-6e06410b-e702-4c1f-bc0b-5121d4bca647] INFO  o.eclipse.m2e.core.internal.Bundles - 	Entry: C:\Users\BETU\.p2\pool\plugins\org.apache.commons.cli_1.9.0.jar
2025-07-29 13:32:07,365 [Worker-31: Launching mavenrun-6e06410b-e702-4c1f-bc0b-5121d4bca647] INFO  o.eclipse.m2e.core.internal.Bundles - getClasspathEntries(Bundle=org.apache.commons.commons-codec_1.16.0 [78])
2025-07-29 13:32:07,366 [Worker-31: Launching mavenrun-6e06410b-e702-4c1f-bc0b-5121d4bca647] INFO  o.eclipse.m2e.core.internal.Bundles - 	Entry: C:\Users\BETU\.p2\pool\plugins\org.apache.commons.commons-codec_1.16.0.jar
2025-07-29 13:32:07,366 [Worker-31: Launching mavenrun-6e06410b-e702-4c1f-bc0b-5121d4bca647] INFO  o.eclipse.m2e.core.internal.Bundles - getClasspathEntries(Bundle=com.google.guava.failureaccess_1.0.2 [17])
2025-07-29 13:32:07,366 [Worker-31: Launching mavenrun-6e06410b-e702-4c1f-bc0b-5121d4bca647] INFO  o.eclipse.m2e.core.internal.Bundles - 	Entry: C:\Users\BETU\.p2\pool\plugins\com.google.guava.failureaccess_1.0.2.jar
2025-07-29 13:32:07,375 [Worker-31: Launching mavenrun-6e06410b-e702-4c1f-bc0b-5121d4bca647] INFO  o.e.m.i.launch.MavenLaunchDelegate - Run build in "C:\Users\BETU\AppData\Local\Temp\m2e-archetypeGenerator3254458085490048826":
2025-07-29 13:32:07,382 [Worker-31: Launching mavenrun-6e06410b-e702-4c1f-bc0b-5121d4bca647] INFO  o.e.m.i.launch.MavenLaunchDelegate -  mvn  -DarchetypeGroupId=org.apache.maven.archetypes -DarchetypeArtifactId=maven-archetype-quickstart -DarchetypeVersion=1.1 -DgroupId=com.univ -DartifactId=DIWithXml -Dversion=0.0.1-SNAPSHOT -Dpackage=com.univ -DoutputDirectory=C:\Users\BETU\Desktop\coading\Spring-Core -Dstyle.color=always -U archetype:generate
2025-07-29 13:34:15,975 [Worker-33: Creating maven-archetype-quickstart] INFO  o.e.m.c.i.p.ProjectConfigurationManager - Collecting project info '/pom.xml' C:\Users\BETU\Desktop\coading\Spring-Core\DIWithXml\pom.xml
2025-07-29 13:34:16,303 [Worker-33: Creating maven-archetype-quickstart] INFO  o.e.m.c.i.l.LifecycleMappingFactory - Using org.eclipse.m2e.jdt.JarLifecycleMapping lifecycle mapping for MavenProject: com.univ:DIWithXml:0.0.1-SNAPSHOT @ C:\Users\BETU\Desktop\coading\Spring-Core\DIWithXml\pom.xml.
2025-07-29 13:34:16,711 [Worker-33: Creating maven-archetype-quickstart] INFO  o.e.m.j.i.AbstractJavaProjectConfigurator - Adding source folder /DIWithXml/src/main/java
2025-07-29 13:34:16,714 [Worker-33: Creating maven-archetype-quickstart] INFO  o.e.m.j.i.AbstractJavaProjectConfigurator - Adding resource folder /DIWithXml/src/main/resources
2025-07-29 13:34:16,718 [Worker-33: Creating maven-archetype-quickstart] INFO  o.e.m.j.i.AbstractJavaProjectConfigurator - Adding source folder /DIWithXml/src/test/java
2025-07-29 13:34:16,721 [Worker-33: Creating maven-archetype-quickstart] INFO  o.e.m.j.i.AbstractJavaProjectConfigurator - Adding resource folder /DIWithXml/src/test/resources
2025-07-29 13:34:16,809 [Worker-33: Creating maven-archetype-quickstart] INFO  o.e.m.c.i.p.ProjectConfigurationManager - Imported and configured 1 project(s) in 0 sec
2025-07-29 13:34:17,240 [Worker-31: Building] INFO  o.a.m.s.f.DefaultMavenResourcesFiltering - skip non existing resourceDirectory C:\Users\BETU\Desktop\coading\Spring-Core\DIWithXml\src\main\resources
2025-07-29 13:34:17,245 [Worker-31: Building] INFO  o.a.m.s.f.DefaultMavenResourcesFiltering - skip non existing resourceDirectory C:\Users\BETU\Desktop\coading\Spring-Core\DIWithXml\src\test\resources
2025-07-29 13:35:56,105 [Worker-31: Building] INFO  o.a.m.s.f.DefaultMavenResourcesFiltering - skip non existing resourceDirectory C:\Users\BETU\Desktop\coading\Spring-Core\DIWithXml\src\main\resources
2025-07-29 13:35:56,112 [Worker-31: Building] INFO  o.a.m.s.f.DefaultMavenResourcesFiltering - skip non existing resourceDirectory C:\Users\BETU\Desktop\coading\Spring-Core\DIWithXml\src\test\resources
2025-07-29 13:36:20,176 [Worker-36: Building] INFO  o.a.m.s.f.DefaultMavenResourcesFiltering - skip non existing resourceDirectory C:\Users\BETU\Desktop\coading\Spring-Core\DIWithXml\src\main\resources
2025-07-29 13:36:20,183 [Worker-36: Building] INFO  o.a.m.s.f.DefaultMavenResourcesFiltering - skip non existing resourceDirectory C:\Users\BETU\Desktop\coading\Spring-Core\DIWithXml\src\test\resources
2025-07-29 13:36:29,846 [Worker-36: Building] INFO  o.a.m.s.f.DefaultMavenResourcesFiltering - skip non existing resourceDirectory C:\Users\BETU\Desktop\coading\Spring-Core\DIWithXml\src\main\resources
2025-07-29 13:36:29,849 [Worker-36: Building] INFO  o.a.m.s.f.DefaultMavenResourcesFiltering - skip non existing resourceDirectory C:\Users\BETU\Desktop\coading\Spring-Core\DIWithXml\src\test\resources
2025-07-29 13:37:32,111 [Worker-36: Building] INFO  o.a.m.s.f.DefaultMavenResourcesFiltering - skip non existing resourceDirectory C:\Users\BETU\Desktop\coading\Spring-Core\DIWithXml\src\main\resources
2025-07-29 13:37:32,115 [Worker-36: Building] INFO  o.a.m.s.f.DefaultMavenResourcesFiltering - skip non existing resourceDirectory C:\Users\BETU\Desktop\coading\Spring-Core\DIWithXml\src\test\resources
2025-07-29 13:39:11,840 [Worker-31: Building] INFO  o.a.m.s.f.DefaultMavenResourcesFiltering - skip non existing resourceDirectory C:\Users\BETU\Desktop\coading\Spring-Core\DIWithXml\src\main\resources
2025-07-29 13:39:11,842 [Worker-31: Building] INFO  o.a.m.s.f.DefaultMavenResourcesFiltering - skip non existing resourceDirectory C:\Users\BETU\Desktop\coading\Spring-Core\DIWithXml\src\test\resources
2025-07-29 13:41:24,505 [Worker-41: Building] INFO  o.a.m.s.f.DefaultMavenResourcesFiltering - skip non existing resourceDirectory C:\Users\BETU\Desktop\coading\Spring-Core\DIWithXml\src\main\resources
2025-07-29 13:41:24,509 [Worker-41: Building] INFO  o.a.m.s.f.DefaultMavenResourcesFiltering - skip non existing resourceDirectory C:\Users\BETU\Desktop\coading\Spring-Core\DIWithXml\src\test\resources
2025-07-29 13:41:57,489 [Worker-35: Building] INFO  o.e.m.c.i.l.LifecycleMappingFactory - Using org.eclipse.m2e.jdt.JarLifecycleMapping lifecycle mapping for MavenProject: com.univ:DIWithXml:0.0.1-SNAPSHOT @ C:\Users\BETU\Desktop\coading\Spring-Core\DIWithXml\pom.xml.
2025-07-29 13:41:57,574 [Worker-35: Building] INFO  o.a.m.s.f.DefaultMavenResourcesFiltering - skip non existing resourceDirectory C:\Users\BETU\Desktop\coading\Spring-Core\DIWithXml\src\main\resources
2025-07-29 13:41:57,577 [Worker-35: Building] INFO  o.a.m.s.f.DefaultMavenResourcesFiltering - skip non existing resourceDirectory C:\Users\BETU\Desktop\coading\Spring-Core\DIWithXml\src\test\resources
2025-07-29 13:41:58,771 [Worker-37: Building] INFO  o.a.m.s.f.DefaultMavenResourcesFiltering - skip non existing resourceDirectory C:\Users\BETU\Desktop\coading\Spring-Core\DIWithXml\src\main\resources
2025-07-29 13:41:58,772 [Worker-37: Building] INFO  o.a.m.s.f.DefaultMavenResourcesFiltering - skip non existing resourceDirectory C:\Users\BETU\Desktop\coading\Spring-Core\DIWithXml\src\test\resources
2025-07-29 13:43:34,610 [Worker-41: Building] INFO  o.a.m.s.f.DefaultMavenResourcesFiltering - skip non existing resourceDirectory C:\Users\BETU\Desktop\coading\Spring-Core\DIWithXml\src\main\resources
2025-07-29 13:43:34,614 [Worker-41: Building] INFO  o.a.m.s.f.DefaultMavenResourcesFiltering - skip non existing resourceDirectory C:\Users\BETU\Desktop\coading\Spring-Core\DIWithXml\src\test\resources
2025-07-29 13:45:29,523 [Worker-31: Building] INFO  o.a.m.s.f.DefaultMavenResourcesFiltering - skip non existing resourceDirectory C:\Users\BETU\Desktop\coading\Spring-Core\DIWithXml\src\main\resources
2025-07-29 13:45:29,526 [Worker-31: Building] INFO  o.a.m.s.f.DefaultMavenResourcesFiltering - skip non existing resourceDirectory C:\Users\BETU\Desktop\coading\Spring-Core\DIWithXml\src\test\resources
2025-07-29 13:47:09,018 [Worker-35: Building] INFO  o.a.m.s.f.DefaultMavenResourcesFiltering - skip non existing resourceDirectory C:\Users\BETU\Desktop\coading\Spring-Core\DIWithXml\src\main\resources
2025-07-29 13:47:09,021 [Worker-35: Building] INFO  o.a.m.s.f.DefaultMavenResourcesFiltering - skip non existing resourceDirectory C:\Users\BETU\Desktop\coading\Spring-Core\DIWithXml\src\test\resources
2025-07-29 13:49:52,316 [Worker-41: Building] INFO  o.a.m.s.f.DefaultMavenResourcesFiltering - skip non existing resourceDirectory C:\Users\BETU\Desktop\coading\Spring-Core\DIWithXml\src\main\resources
2025-07-29 13:49:52,318 [Worker-41: Building] INFO  o.a.m.s.f.DefaultMavenResourcesFiltering - skip non existing resourceDirectory C:\Users\BETU\Desktop\coading\Spring-Core\DIWithXml\src\test\resources
2025-07-29 13:51:11,548 [Worker-34: Building] INFO  o.a.m.s.f.DefaultMavenResourcesFiltering - skip non existing resourceDirectory C:\Users\BETU\Desktop\coading\Spring-Core\DIWithXml\src\main\resources
2025-07-29 13:51:11,554 [Worker-34: Building] INFO  o.a.m.s.f.DefaultMavenResourcesFiltering - skip non existing resourceDirectory C:\Users\BETU\Desktop\coading\Spring-Core\DIWithXml\src\test\resources
2025-07-29 13:53:15,423 [Worker-28: Building] INFO  o.a.m.s.f.DefaultMavenResourcesFiltering - skip non existing resourceDirectory C:\Users\BETU\Desktop\coading\Spring-Core\DIWithXml\src\main\resources
2025-07-29 13:53:15,424 [Worker-28: Building] INFO  o.a.m.s.f.DefaultMavenResourcesFiltering - skip non existing resourceDirectory C:\Users\BETU\Desktop\coading\Spring-Core\DIWithXml\src\test\resources
2025-07-29 13:58:29,840 [Start Help Server] INFO  org.eclipse.jetty.server.Server - jetty-12.0.15; built: 2024-11-05T19:44:57.623Z; git: 8281ae9740d4b4225e8166cc476bad237c70213a; jvm 23.0.2+7-58
2025-07-29 13:58:30,070 [Start Help Server] INFO  o.e.j.server.handler.ContextHandler - Started oeje8n.ContextHandler$CoreContextHandler@614363b9{/help,/help,b=null,a=AVAILABLE,h=oeje8n.ContextHandler$CoreContextHandler$CoreToNestedHandler@5c57c6ea{STARTED}}
2025-07-29 13:58:30,072 [Start Help Server] INFO  o.e.j.s.DefaultSessionIdManager - Session workerName=node0
2025-07-29 13:58:30,111 [Start Help Server] INFO  o.e.jetty.server.AbstractConnector - Started ServerConnector@7cd3497a{HTTP/1.1, (http/1.1)}{127.0.0.1:56689}
2025-07-29 13:58:30,134 [Start Help Server] INFO  org.eclipse.jetty.server.Server - Started oejs.Server@76410cd0{STARTING}[12.0.15,sto=0] @2632231ms
2025-07-29 13:59:51,611 [Worker-37: Building] INFO  o.a.m.s.f.DefaultMavenResourcesFiltering - skip non existing resourceDirectory C:\Users\BETU\Desktop\coading\Spring-Core\DIWithXml\src\main\resources
2025-07-29 13:59:51,615 [Worker-37: Building] INFO  o.a.m.s.f.DefaultMavenResourcesFiltering - skip non existing resourceDirectory C:\Users\BETU\Desktop\coading\Spring-Core\DIWithXml\src\test\resources
2025-07-29 14:00:02,975 [Worker-28: Building] INFO  o.a.m.s.f.DefaultMavenResourcesFiltering - skip non existing resourceDirectory C:\Users\BETU\Desktop\coading\Spring-Core\DIWithXml\src\main\resources
2025-07-29 14:00:02,977 [Worker-28: Building] INFO  o.a.m.s.f.DefaultMavenResourcesFiltering - skip non existing resourceDirectory C:\Users\BETU\Desktop\coading\Spring-Core\DIWithXml\src\test\resources
2025-07-29 14:00:05,061 [Worker-45: Building] INFO  o.a.m.s.f.DefaultMavenResourcesFiltering - skip non existing resourceDirectory C:\Users\BETU\Desktop\coading\Spring-Core\DIWithXml\src\main\resources
2025-07-29 14:00:05,063 [Worker-45: Building] INFO  o.a.m.s.f.DefaultMavenResourcesFiltering - skip non existing resourceDirectory C:\Users\BETU\Desktop\coading\Spring-Core\DIWithXml\src\test\resources
2025-07-29 15:05:00,604 [Worker-44: Building] INFO  o.a.m.s.f.DefaultMavenResourcesFiltering - skip non existing resourceDirectory C:\Users\BETU\Desktop\coading\Spring-Core\DIWithXml\src\main\resources
2025-07-29 15:05:00,607 [Worker-44: Building] INFO  o.a.m.s.f.DefaultMavenResourcesFiltering - skip non existing resourceDirectory C:\Users\BETU\Desktop\coading\Spring-Core\DIWithXml\src\test\resources
2025-07-29 15:07:59,457 [Worker-53: Building] INFO  o.a.m.s.f.DefaultMavenResourcesFiltering - skip non existing resourceDirectory C:\Users\BETU\Desktop\coading\Spring-Core\DIWithXml\src\main\resources
2025-07-29 15:07:59,460 [Worker-53: Building] INFO  o.a.m.s.f.DefaultMavenResourcesFiltering - skip non existing resourceDirectory C:\Users\BETU\Desktop\coading\Spring-Core\DIWithXml\src\test\resources
2025-07-29 15:27:08,134 [Worker-62: Building] INFO  o.a.m.s.f.DefaultMavenResourcesFiltering - skip non existing resourceDirectory C:\Users\BETU\Desktop\coading\Spring-Core\Spring-core-cons-App3\src\main\resources
2025-07-29 15:27:08,139 [Worker-62: Building] INFO  o.a.m.s.f.DefaultMavenResourcesFiltering - skip non existing resourceDirectory C:\Users\BETU\Desktop\coading\Spring-Core\Spring-core-cons-App3\src\test\resources
2025-07-29 15:27:19,223 [Worker-62: Building] INFO  o.a.m.s.f.DefaultMavenResourcesFiltering - skip non existing resourceDirectory C:\Users\BETU\Desktop\coading\Spring-Core\Spring-core-cons-App3\src\main\resources
2025-07-29 15:27:19,227 [Worker-62: Building] INFO  o.a.m.s.f.DefaultMavenResourcesFiltering - skip non existing resourceDirectory C:\Users\BETU\Desktop\coading\Spring-Core\Spring-core-cons-App3\src\test\resources
2025-07-29 15:27:33,160 [Worker-60: Building] INFO  o.a.m.s.f.DefaultMavenResourcesFiltering - skip non existing resourceDirectory C:\Users\BETU\Desktop\coading\Spring-Core\Spring-DIWithxml-App9\src\main\resources
2025-07-29 15:27:33,164 [Worker-60: Building] INFO  o.a.m.s.f.DefaultMavenResourcesFiltering - skip non existing resourceDirectory C:\Users\BETU\Desktop\coading\Spring-Core\Spring-DIWithxml-App9\src\test\resources
2025-07-29 15:28:05,962 [Worker-61: Building] INFO  o.a.m.s.f.DefaultMavenResourcesFiltering - skip non existing resourceDirectory C:\Users\BETU\Desktop\coading\Spring-Core\DIWithXml\src\main\resources
2025-07-29 15:28:05,965 [Worker-61: Building] INFO  o.a.m.s.f.DefaultMavenResourcesFiltering - skip non existing resourceDirectory C:\Users\BETU\Desktop\coading\Spring-Core\DIWithXml\src\test\resources
2025-07-29 15:31:38,531 [Worker-61: Building] INFO  o.a.m.s.f.DefaultMavenResourcesFiltering - skip non existing resourceDirectory C:\Users\BETU\Desktop\coading\Spring-Core\DIWithXml\src\main\resources
2025-07-29 15:31:38,534 [Worker-61: Building] INFO  o.a.m.s.f.DefaultMavenResourcesFiltering - skip non existing resourceDirectory C:\Users\BETU\Desktop\coading\Spring-Core\DIWithXml\src\test\resources
2025-07-29 15:33:55,233 [Worker-64: Building] INFO  o.a.m.s.f.DefaultMavenResourcesFiltering - skip non existing resourceDirectory C:\Users\BETU\Desktop\coading\Spring-Core\DIWithXml\src\main\resources
2025-07-29 15:33:55,235 [Worker-64: Building] INFO  o.a.m.s.f.DefaultMavenResourcesFiltering - skip non existing resourceDirectory C:\Users\BETU\Desktop\coading\Spring-Core\DIWithXml\src\test\resources
2025-07-29 15:35:29,139 [Worker-66: Building] INFO  o.a.m.s.f.DefaultMavenResourcesFiltering - skip non existing resourceDirectory C:\Users\BETU\Desktop\coading\Spring-Core\DIWithXml\src\main\resources
2025-07-29 15:35:29,142 [Worker-66: Building] INFO  o.a.m.s.f.DefaultMavenResourcesFiltering - skip non existing resourceDirectory C:\Users\BETU\Desktop\coading\Spring-Core\DIWithXml\src\test\resources
2025-07-29 15:36:01,417 [Worker-64: Building] INFO  o.a.m.s.f.DefaultMavenResourcesFiltering - skip non existing resourceDirectory C:\Users\BETU\Desktop\coading\Spring-Core\DIWithXml\src\main\resources
2025-07-29 15:36:01,419 [Worker-64: Building] INFO  o.a.m.s.f.DefaultMavenResourcesFiltering - skip non existing resourceDirectory C:\Users\BETU\Desktop\coading\Spring-Core\DIWithXml\src\test\resources
2025-07-29 15:36:24,736 [Worker-69: Building] INFO  o.a.m.s.f.DefaultMavenResourcesFiltering - skip non existing resourceDirectory C:\Users\BETU\Desktop\coading\Spring-Core\DIWithXml\src\main\resources
2025-07-29 15:36:24,739 [Worker-69: Building] INFO  o.a.m.s.f.DefaultMavenResourcesFiltering - skip non existing resourceDirectory C:\Users\BETU\Desktop\coading\Spring-Core\DIWithXml\src\test\resources
2025-07-29 15:48:03,271 [Worker-77: Building] INFO  o.a.m.s.f.DefaultMavenResourcesFiltering - skip non existing resourceDirectory C:\Users\BETU\Desktop\coading\Spring-Core\Spring-DIWithxml-App9\src\main\resources
2025-07-29 15:48:03,274 [Worker-77: Building] INFO  o.a.m.s.f.DefaultMavenResourcesFiltering - skip non existing resourceDirectory C:\Users\BETU\Desktop\coading\Spring-Core\Spring-DIWithxml-App9\src\test\resources
2025-07-29 16:17:33,214 [Worker-6: Loading available Gradle versions] INFO  o.e.b.c.i.u.g.PublishedGradleVersions - Gradle version information cache is up-to-date. Trying to read.
2025-07-30 13:28:52,551 [Worker-6: Loading available Gradle versions] INFO  o.e.b.c.i.u.g.PublishedGradleVersions - Gradle version information cache is out-of-date. Trying to update.
2025-07-30 15:43:06,854 [Worker-7: Loading available Gradle versions] INFO  o.e.b.c.i.u.g.PublishedGradleVersions - Gradle version information cache is up-to-date. Trying to read.
2025-07-30 15:52:32,993 [Worker-7: Loading available Gradle versions] INFO  o.e.b.c.i.u.g.PublishedGradleVersions - Gradle version information cache is up-to-date. Trying to read.
2025-07-30 16:08:54,778 [Worker-9: Launching mavenrun-3e3e06e6-9c08-48a3-8ae1-dcac9ffb2922] INFO  o.eclipse.m2e.core.internal.Bundles - getClasspathEntries(Bundle=org.eclipse.m2e.maven.runtime_3.9.900.20240824-1409 [638])
2025-07-30 16:08:54,782 [Worker-9: Launching mavenrun-3e3e06e6-9c08-48a3-8ae1-dcac9ffb2922] INFO  o.eclipse.m2e.core.internal.Bundles - 	Entry: C:\Users\BETU\.p2\pool\plugins\org.eclipse.m2e.maven.runtime_3.9.900.20240824-1409
2025-07-30 16:08:54,782 [Worker-9: Launching mavenrun-3e3e06e6-9c08-48a3-8ae1-dcac9ffb2922] INFO  o.eclipse.m2e.core.internal.Bundles - 	Entry: C:\Users\BETU\.p2\pool\plugins\org.eclipse.m2e.maven.runtime_3.9.900.20240824-1409\jars\aopalliance-1.0.jar
2025-07-30 16:08:54,782 [Worker-9: Launching mavenrun-3e3e06e6-9c08-48a3-8ae1-dcac9ffb2922] INFO  o.eclipse.m2e.core.internal.Bundles - 	Entry: C:\Users\BETU\.p2\pool\plugins\org.eclipse.m2e.maven.runtime_3.9.900.20240824-1409\jars\guice-5.1.0.jar
2025-07-30 16:08:54,782 [Worker-9: Launching mavenrun-3e3e06e6-9c08-48a3-8ae1-dcac9ffb2922] INFO  o.eclipse.m2e.core.internal.Bundles - 	Entry: C:\Users\BETU\.p2\pool\plugins\org.eclipse.m2e.maven.runtime_3.9.900.20240824-1409\jars\httpclient-4.5.14.jar
2025-07-30 16:08:54,782 [Worker-9: Launching mavenrun-3e3e06e6-9c08-48a3-8ae1-dcac9ffb2922] INFO  o.eclipse.m2e.core.internal.Bundles - 	Entry: C:\Users\BETU\.p2\pool\plugins\org.eclipse.m2e.maven.runtime_3.9.900.20240824-1409\jars\httpcore-4.4.16.jar
2025-07-30 16:08:54,782 [Worker-9: Launching mavenrun-3e3e06e6-9c08-48a3-8ae1-dcac9ffb2922] INFO  o.eclipse.m2e.core.internal.Bundles - 	Entry: C:\Users\BETU\.p2\pool\plugins\org.eclipse.m2e.maven.runtime_3.9.900.20240824-1409\jars\jansi-2.4.1.jar
2025-07-30 16:08:54,782 [Worker-9: Launching mavenrun-3e3e06e6-9c08-48a3-8ae1-dcac9ffb2922] INFO  o.eclipse.m2e.core.internal.Bundles - 	Entry: C:\Users\BETU\.p2\pool\plugins\org.eclipse.m2e.maven.runtime_3.9.900.20240824-1409\jars\jcl-over-slf4j-1.7.36.jar
2025-07-30 16:08:54,783 [Worker-9: Launching mavenrun-3e3e06e6-9c08-48a3-8ae1-dcac9ffb2922] INFO  o.eclipse.m2e.core.internal.Bundles - 	Entry: C:\Users\BETU\.p2\pool\plugins\org.eclipse.m2e.maven.runtime_3.9.900.20240824-1409\jars\maven-artifact-3.9.9.jar
2025-07-30 16:08:54,783 [Worker-9: Launching mavenrun-3e3e06e6-9c08-48a3-8ae1-dcac9ffb2922] INFO  o.eclipse.m2e.core.internal.Bundles - 	Entry: C:\Users\BETU\.p2\pool\plugins\org.eclipse.m2e.maven.runtime_3.9.900.20240824-1409\jars\maven-builder-support-3.9.9.jar
2025-07-30 16:08:54,783 [Worker-9: Launching mavenrun-3e3e06e6-9c08-48a3-8ae1-dcac9ffb2922] INFO  o.eclipse.m2e.core.internal.Bundles - 	Entry: C:\Users\BETU\.p2\pool\plugins\org.eclipse.m2e.maven.runtime_3.9.900.20240824-1409\jars\maven-compat-3.9.9.jar
2025-07-30 16:08:54,783 [Worker-9: Launching mavenrun-3e3e06e6-9c08-48a3-8ae1-dcac9ffb2922] INFO  o.eclipse.m2e.core.internal.Bundles - 	Entry: C:\Users\BETU\.p2\pool\plugins\org.eclipse.m2e.maven.runtime_3.9.900.20240824-1409\jars\maven-core-3.9.9.jar
2025-07-30 16:08:54,783 [Worker-9: Launching mavenrun-3e3e06e6-9c08-48a3-8ae1-dcac9ffb2922] INFO  o.eclipse.m2e.core.internal.Bundles - 	Entry: C:\Users\BETU\.p2\pool\plugins\org.eclipse.m2e.maven.runtime_3.9.900.20240824-1409\jars\maven-embedder-3.9.9.jar
2025-07-30 16:08:54,783 [Worker-9: Launching mavenrun-3e3e06e6-9c08-48a3-8ae1-dcac9ffb2922] INFO  o.eclipse.m2e.core.internal.Bundles - 	Entry: C:\Users\BETU\.p2\pool\plugins\org.eclipse.m2e.maven.runtime_3.9.900.20240824-1409\jars\maven-model-3.9.9.jar
2025-07-30 16:08:54,783 [Worker-9: Launching mavenrun-3e3e06e6-9c08-48a3-8ae1-dcac9ffb2922] INFO  o.eclipse.m2e.core.internal.Bundles - 	Entry: C:\Users\BETU\.p2\pool\plugins\org.eclipse.m2e.maven.runtime_3.9.900.20240824-1409\jars\maven-model-builder-3.9.9.jar
2025-07-30 16:08:54,783 [Worker-9: Launching mavenrun-3e3e06e6-9c08-48a3-8ae1-dcac9ffb2922] INFO  o.eclipse.m2e.core.internal.Bundles - 	Entry: C:\Users\BETU\.p2\pool\plugins\org.eclipse.m2e.maven.runtime_3.9.900.20240824-1409\jars\maven-plugin-api-3.9.9.jar
2025-07-30 16:08:54,783 [Worker-9: Launching mavenrun-3e3e06e6-9c08-48a3-8ae1-dcac9ffb2922] INFO  o.eclipse.m2e.core.internal.Bundles - 	Entry: C:\Users\BETU\.p2\pool\plugins\org.eclipse.m2e.maven.runtime_3.9.900.20240824-1409\jars\maven-repository-metadata-3.9.9.jar
2025-07-30 16:08:54,783 [Worker-9: Launching mavenrun-3e3e06e6-9c08-48a3-8ae1-dcac9ffb2922] INFO  o.eclipse.m2e.core.internal.Bundles - 	Entry: C:\Users\BETU\.p2\pool\plugins\org.eclipse.m2e.maven.runtime_3.9.900.20240824-1409\jars\maven-resolver-api-1.9.22.jar
2025-07-30 16:08:54,783 [Worker-9: Launching mavenrun-3e3e06e6-9c08-48a3-8ae1-dcac9ffb2922] INFO  o.eclipse.m2e.core.internal.Bundles - 	Entry: C:\Users\BETU\.p2\pool\plugins\org.eclipse.m2e.maven.runtime_3.9.900.20240824-1409\jars\maven-resolver-connector-basic-1.9.22.jar
2025-07-30 16:08:54,783 [Worker-9: Launching mavenrun-3e3e06e6-9c08-48a3-8ae1-dcac9ffb2922] INFO  o.eclipse.m2e.core.internal.Bundles - 	Entry: C:\Users\BETU\.p2\pool\plugins\org.eclipse.m2e.maven.runtime_3.9.900.20240824-1409\jars\maven-resolver-impl-1.9.22.jar
2025-07-30 16:08:54,783 [Worker-9: Launching mavenrun-3e3e06e6-9c08-48a3-8ae1-dcac9ffb2922] INFO  o.eclipse.m2e.core.internal.Bundles - 	Entry: C:\Users\BETU\.p2\pool\plugins\org.eclipse.m2e.maven.runtime_3.9.900.20240824-1409\jars\maven-resolver-named-locks-1.9.22.jar
2025-07-30 16:08:54,784 [Worker-9: Launching mavenrun-3e3e06e6-9c08-48a3-8ae1-dcac9ffb2922] INFO  o.eclipse.m2e.core.internal.Bundles - 	Entry: C:\Users\BETU\.p2\pool\plugins\org.eclipse.m2e.maven.runtime_3.9.900.20240824-1409\jars\maven-resolver-provider-3.9.9.jar
2025-07-30 16:08:54,784 [Worker-9: Launching mavenrun-3e3e06e6-9c08-48a3-8ae1-dcac9ffb2922] INFO  o.eclipse.m2e.core.internal.Bundles - 	Entry: C:\Users\BETU\.p2\pool\plugins\org.eclipse.m2e.maven.runtime_3.9.900.20240824-1409\jars\maven-resolver-spi-1.9.22.jar
2025-07-30 16:08:54,784 [Worker-9: Launching mavenrun-3e3e06e6-9c08-48a3-8ae1-dcac9ffb2922] INFO  o.eclipse.m2e.core.internal.Bundles - 	Entry: C:\Users\BETU\.p2\pool\plugins\org.eclipse.m2e.maven.runtime_3.9.900.20240824-1409\jars\maven-resolver-transport-file-1.9.22.jar
2025-07-30 16:08:54,784 [Worker-9: Launching mavenrun-3e3e06e6-9c08-48a3-8ae1-dcac9ffb2922] INFO  o.eclipse.m2e.core.internal.Bundles - 	Entry: C:\Users\BETU\.p2\pool\plugins\org.eclipse.m2e.maven.runtime_3.9.900.20240824-1409\jars\maven-resolver-transport-http-1.9.22.jar
2025-07-30 16:08:54,784 [Worker-9: Launching mavenrun-3e3e06e6-9c08-48a3-8ae1-dcac9ffb2922] INFO  o.eclipse.m2e.core.internal.Bundles - 	Entry: C:\Users\BETU\.p2\pool\plugins\org.eclipse.m2e.maven.runtime_3.9.900.20240824-1409\jars\maven-resolver-transport-wagon-1.9.22.jar
2025-07-30 16:08:54,784 [Worker-9: Launching mavenrun-3e3e06e6-9c08-48a3-8ae1-dcac9ffb2922] INFO  o.eclipse.m2e.core.internal.Bundles - 	Entry: C:\Users\BETU\.p2\pool\plugins\org.eclipse.m2e.maven.runtime_3.9.900.20240824-1409\jars\maven-resolver-util-1.9.22.jar
2025-07-30 16:08:54,784 [Worker-9: Launching mavenrun-3e3e06e6-9c08-48a3-8ae1-dcac9ffb2922] INFO  o.eclipse.m2e.core.internal.Bundles - 	Entry: C:\Users\BETU\.p2\pool\plugins\org.eclipse.m2e.maven.runtime_3.9.900.20240824-1409\jars\maven-settings-3.9.9.jar
2025-07-30 16:08:54,784 [Worker-9: Launching mavenrun-3e3e06e6-9c08-48a3-8ae1-dcac9ffb2922] INFO  o.eclipse.m2e.core.internal.Bundles - 	Entry: C:\Users\BETU\.p2\pool\plugins\org.eclipse.m2e.maven.runtime_3.9.900.20240824-1409\jars\maven-settings-builder-3.9.9.jar
2025-07-30 16:08:54,784 [Worker-9: Launching mavenrun-3e3e06e6-9c08-48a3-8ae1-dcac9ffb2922] INFO  o.eclipse.m2e.core.internal.Bundles - 	Entry: C:\Users\BETU\.p2\pool\plugins\org.eclipse.m2e.maven.runtime_3.9.900.20240824-1409\jars\maven-shared-utils-3.4.2.jar
2025-07-30 16:08:54,784 [Worker-9: Launching mavenrun-3e3e06e6-9c08-48a3-8ae1-dcac9ffb2922] INFO  o.eclipse.m2e.core.internal.Bundles - 	Entry: C:\Users\BETU\.p2\pool\plugins\org.eclipse.m2e.maven.runtime_3.9.900.20240824-1409\jars\org.eclipse.sisu.inject-0.9.0.M3.jar
2025-07-30 16:08:54,784 [Worker-9: Launching mavenrun-3e3e06e6-9c08-48a3-8ae1-dcac9ffb2922] INFO  o.eclipse.m2e.core.internal.Bundles - 	Entry: C:\Users\BETU\.p2\pool\plugins\org.eclipse.m2e.maven.runtime_3.9.900.20240824-1409\jars\org.eclipse.sisu.plexus-0.9.0.M3.jar
2025-07-30 16:08:54,784 [Worker-9: Launching mavenrun-3e3e06e6-9c08-48a3-8ae1-dcac9ffb2922] INFO  o.eclipse.m2e.core.internal.Bundles - 	Entry: C:\Users\BETU\.p2\pool\plugins\org.eclipse.m2e.maven.runtime_3.9.900.20240824-1409\jars\plexus-build-api-0.0.7.jar
2025-07-30 16:08:54,784 [Worker-9: Launching mavenrun-3e3e06e6-9c08-48a3-8ae1-dcac9ffb2922] INFO  o.eclipse.m2e.core.internal.Bundles - 	Entry: C:\Users\BETU\.p2\pool\plugins\org.eclipse.m2e.maven.runtime_3.9.900.20240824-1409\jars\plexus-build-api-1.2.0.jar
2025-07-30 16:08:54,784 [Worker-9: Launching mavenrun-3e3e06e6-9c08-48a3-8ae1-dcac9ffb2922] INFO  o.eclipse.m2e.core.internal.Bundles - 	Entry: C:\Users\BETU\.p2\pool\plugins\org.eclipse.m2e.maven.runtime_3.9.900.20240824-1409\jars\plexus-cipher-2.0.jar
2025-07-30 16:08:54,785 [Worker-9: Launching mavenrun-3e3e06e6-9c08-48a3-8ae1-dcac9ffb2922] INFO  o.eclipse.m2e.core.internal.Bundles - 	Entry: C:\Users\BETU\.p2\pool\plugins\org.eclipse.m2e.maven.runtime_3.9.900.20240824-1409\jars\plexus-classworlds-2.8.0.jar
2025-07-30 16:08:54,785 [Worker-9: Launching mavenrun-3e3e06e6-9c08-48a3-8ae1-dcac9ffb2922] INFO  o.eclipse.m2e.core.internal.Bundles - 	Entry: C:\Users\BETU\.p2\pool\plugins\org.eclipse.m2e.maven.runtime_3.9.900.20240824-1409\jars\plexus-component-annotations-2.1.0.jar
2025-07-30 16:08:54,785 [Worker-9: Launching mavenrun-3e3e06e6-9c08-48a3-8ae1-dcac9ffb2922] INFO  o.eclipse.m2e.core.internal.Bundles - 	Entry: C:\Users\BETU\.p2\pool\plugins\org.eclipse.m2e.maven.runtime_3.9.900.20240824-1409\jars\plexus-interpolation-1.27.jar
2025-07-30 16:08:54,785 [Worker-9: Launching mavenrun-3e3e06e6-9c08-48a3-8ae1-dcac9ffb2922] INFO  o.eclipse.m2e.core.internal.Bundles - 	Entry: C:\Users\BETU\.p2\pool\plugins\org.eclipse.m2e.maven.runtime_3.9.900.20240824-1409\jars\plexus-sec-dispatcher-2.0.jar
2025-07-30 16:08:54,785 [Worker-9: Launching mavenrun-3e3e06e6-9c08-48a3-8ae1-dcac9ffb2922] INFO  o.eclipse.m2e.core.internal.Bundles - 	Entry: C:\Users\BETU\.p2\pool\plugins\org.eclipse.m2e.maven.runtime_3.9.900.20240824-1409\jars\plexus-utils-3.5.1.jar
2025-07-30 16:08:54,785 [Worker-9: Launching mavenrun-3e3e06e6-9c08-48a3-8ae1-dcac9ffb2922] INFO  o.eclipse.m2e.core.internal.Bundles - 	Entry: C:\Users\BETU\.p2\pool\plugins\org.eclipse.m2e.maven.runtime_3.9.900.20240824-1409\jars\plexus-xml-3.0.1.jar
2025-07-30 16:08:54,785 [Worker-9: Launching mavenrun-3e3e06e6-9c08-48a3-8ae1-dcac9ffb2922] INFO  o.eclipse.m2e.core.internal.Bundles - 	Entry: C:\Users\BETU\.p2\pool\plugins\org.eclipse.m2e.maven.runtime_3.9.900.20240824-1409\jars\wagon-file-3.5.3.jar
2025-07-30 16:08:54,785 [Worker-9: Launching mavenrun-3e3e06e6-9c08-48a3-8ae1-dcac9ffb2922] INFO  o.eclipse.m2e.core.internal.Bundles - 	Entry: C:\Users\BETU\.p2\pool\plugins\org.eclipse.m2e.maven.runtime_3.9.900.20240824-1409\jars\wagon-http-3.5.3.jar
2025-07-30 16:08:54,785 [Worker-9: Launching mavenrun-3e3e06e6-9c08-48a3-8ae1-dcac9ffb2922] INFO  o.eclipse.m2e.core.internal.Bundles - 	Entry: C:\Users\BETU\.p2\pool\plugins\org.eclipse.m2e.maven.runtime_3.9.900.20240824-1409\jars\wagon-http-shared-3.5.3.jar
2025-07-30 16:08:54,785 [Worker-9: Launching mavenrun-3e3e06e6-9c08-48a3-8ae1-dcac9ffb2922] INFO  o.eclipse.m2e.core.internal.Bundles - 	Entry: C:\Users\BETU\.p2\pool\plugins\org.eclipse.m2e.maven.runtime_3.9.900.20240824-1409\jars\wagon-provider-api-3.5.3.jar
2025-07-30 16:08:54,793 [Worker-9: Launching mavenrun-3e3e06e6-9c08-48a3-8ae1-dcac9ffb2922] INFO  o.eclipse.m2e.core.internal.Bundles - getClasspathEntries(Bundle=com.google.guava_33.3.1.jre [16])
2025-07-30 16:08:54,794 [Worker-9: Launching mavenrun-3e3e06e6-9c08-48a3-8ae1-dcac9ffb2922] INFO  o.eclipse.m2e.core.internal.Bundles - 	Entry: C:\Users\BETU\.p2\pool\plugins\com.google.guava_33.3.1.jre.jar
2025-07-30 16:08:54,795 [Worker-9: Launching mavenrun-3e3e06e6-9c08-48a3-8ae1-dcac9ffb2922] INFO  o.eclipse.m2e.core.internal.Bundles - getClasspathEntries(Bundle=slf4j.api_2.0.16 [1005])
2025-07-30 16:08:54,795 [Worker-9: Launching mavenrun-3e3e06e6-9c08-48a3-8ae1-dcac9ffb2922] INFO  o.eclipse.m2e.core.internal.Bundles - 	Entry: C:\Users\BETU\.p2\pool\plugins\slf4j.api_2.0.16.jar
2025-07-30 16:08:54,795 [Worker-9: Launching mavenrun-3e3e06e6-9c08-48a3-8ae1-dcac9ffb2922] INFO  o.eclipse.m2e.core.internal.Bundles - getClasspathEntries(Bundle=jakarta.inject.jakarta.inject-api_1.0.5 [34])
2025-07-30 16:08:54,796 [Worker-9: Launching mavenrun-3e3e06e6-9c08-48a3-8ae1-dcac9ffb2922] INFO  o.eclipse.m2e.core.internal.Bundles - 	Entry: C:\Users\BETU\.p2\pool\plugins\jakarta.inject.jakarta.inject-api_1.0.5.jar
2025-07-30 16:08:54,796 [Worker-9: Launching mavenrun-3e3e06e6-9c08-48a3-8ae1-dcac9ffb2922] INFO  o.eclipse.m2e.core.internal.Bundles - getClasspathEntries(Bundle=jakarta.annotation-api_1.3.5 [29])
2025-07-30 16:08:54,796 [Worker-9: Launching mavenrun-3e3e06e6-9c08-48a3-8ae1-dcac9ffb2922] INFO  o.eclipse.m2e.core.internal.Bundles - 	Entry: C:\Users\BETU\.p2\pool\plugins\jakarta.annotation-api_1.3.5.jar
2025-07-30 16:08:54,796 [Worker-9: Launching mavenrun-3e3e06e6-9c08-48a3-8ae1-dcac9ffb2922] INFO  o.eclipse.m2e.core.internal.Bundles - getClasspathEntries(Bundle=org.apache.commons.cli_1.9.0 [75])
2025-07-30 16:08:54,796 [Worker-9: Launching mavenrun-3e3e06e6-9c08-48a3-8ae1-dcac9ffb2922] INFO  o.eclipse.m2e.core.internal.Bundles - 	Entry: C:\Users\BETU\.p2\pool\plugins\org.apache.commons.cli_1.9.0.jar
2025-07-30 16:08:54,796 [Worker-9: Launching mavenrun-3e3e06e6-9c08-48a3-8ae1-dcac9ffb2922] INFO  o.eclipse.m2e.core.internal.Bundles - getClasspathEntries(Bundle=org.apache.commons.commons-codec_1.16.0 [78])
2025-07-30 16:08:54,796 [Worker-9: Launching mavenrun-3e3e06e6-9c08-48a3-8ae1-dcac9ffb2922] INFO  o.eclipse.m2e.core.internal.Bundles - 	Entry: C:\Users\BETU\.p2\pool\plugins\org.apache.commons.commons-codec_1.16.0.jar
2025-07-30 16:08:54,796 [Worker-9: Launching mavenrun-3e3e06e6-9c08-48a3-8ae1-dcac9ffb2922] INFO  o.eclipse.m2e.core.internal.Bundles - getClasspathEntries(Bundle=com.google.guava.failureaccess_1.0.2 [17])
2025-07-30 16:08:54,797 [Worker-9: Launching mavenrun-3e3e06e6-9c08-48a3-8ae1-dcac9ffb2922] INFO  o.eclipse.m2e.core.internal.Bundles - 	Entry: C:\Users\BETU\.p2\pool\plugins\com.google.guava.failureaccess_1.0.2.jar
2025-07-30 16:08:54,803 [Worker-9: Launching mavenrun-3e3e06e6-9c08-48a3-8ae1-dcac9ffb2922] INFO  o.e.m.i.launch.MavenLaunchDelegate - Run build in "C:\Users\BETU\AppData\Local\Temp\m2e-archetypeGenerator12972621946466051440":
2025-07-30 16:08:54,814 [Worker-9: Launching mavenrun-3e3e06e6-9c08-48a3-8ae1-dcac9ffb2922] INFO  o.e.m.i.launch.MavenLaunchDelegate -  mvn  -DarchetypeGroupId=org.apache.maven.archetypes -DarchetypeArtifactId=maven-archetype-quickstart -DarchetypeVersion=1.1 -DgroupId=com.univ -DartifactId=Spring-core-JDBC -Dversion=0.0.1-SNAPSHOT -Dpackage=com.univ -DoutputDirectory=C:\Users\BETU\Desktop\coading\Spring-Core -Dstyle.color=always -U archetype:generate
2025-07-30 16:10:17,800 [Worker-10: Creating maven-archetype-quickstart] INFO  o.e.m.c.i.p.ProjectConfigurationManager - Collecting project info '/pom.xml' C:\Users\BETU\Desktop\coading\Spring-Core\Spring-core-JDBC\pom.xml
2025-07-30 16:10:20,547 [Worker-10: Creating maven-archetype-quickstart] INFO  o.e.m.c.i.l.LifecycleMappingFactory - Using org.eclipse.m2e.jdt.JarLifecycleMapping lifecycle mapping for MavenProject: com.univ:Spring-core-JDBC:0.0.1-SNAPSHOT @ C:\Users\BETU\Desktop\coading\Spring-Core\Spring-core-JDBC\pom.xml.
2025-07-30 16:10:22,864 [Worker-10: Creating maven-archetype-quickstart] INFO  o.e.m.j.i.AbstractJavaProjectConfigurator - Adding source folder /Spring-core-JDBC/src/main/java
2025-07-30 16:10:22,866 [Worker-10: Creating maven-archetype-quickstart] INFO  o.e.m.j.i.AbstractJavaProjectConfigurator - Adding resource folder /Spring-core-JDBC/src/main/resources
2025-07-30 16:10:22,875 [Worker-10: Creating maven-archetype-quickstart] INFO  o.e.m.j.i.AbstractJavaProjectConfigurator - Adding source folder /Spring-core-JDBC/src/test/java
2025-07-30 16:10:22,877 [Worker-10: Creating maven-archetype-quickstart] INFO  o.e.m.j.i.AbstractJavaProjectConfigurator - Adding resource folder /Spring-core-JDBC/src/test/resources
2025-07-30 16:10:23,020 [Worker-10: Creating maven-archetype-quickstart] INFO  o.e.m.c.i.p.ProjectConfigurationManager - Imported and configured 1 project(s) in 5 sec
2025-07-30 16:10:23,844 [Worker-10: Building] INFO  o.a.m.s.f.DefaultMavenResourcesFiltering - skip non existing resourceDirectory C:\Users\BETU\Desktop\coading\Spring-Core\DIWithXml\src\main\resources
2025-07-30 16:10:23,852 [Worker-10: Building] INFO  o.a.m.s.f.DefaultMavenResourcesFiltering - skip non existing resourceDirectory C:\Users\BETU\Desktop\coading\Spring-Core\DIWithXml\src\test\resources
2025-07-30 16:10:24,410 [Worker-10: Building] INFO  o.a.m.s.f.DefaultMavenResourcesFiltering - skip non existing resourceDirectory C:\Users\BETU\Desktop\coading\Spring-Core\Spring-AutowireByConst\src\main\resources
2025-07-30 16:10:24,416 [Worker-10: Building] INFO  o.a.m.s.f.DefaultMavenResourcesFiltering - skip non existing resourceDirectory C:\Users\BETU\Desktop\coading\Spring-Core\Spring-AutowireByConst\src\test\resources
2025-07-30 16:10:24,547 [Worker-10: Building] INFO  o.a.m.s.f.DefaultMavenResourcesFiltering - skip non existing resourceDirectory C:\Users\BETU\Desktop\coading\Spring-Core\Spring-AutowireByName\src\main\resources
2025-07-30 16:10:24,551 [Worker-10: Building] INFO  o.a.m.s.f.DefaultMavenResourcesFiltering - skip non existing resourceDirectory C:\Users\BETU\Desktop\coading\Spring-Core\Spring-AutowireByName\src\test\resources
2025-07-30 16:10:24,684 [Worker-10: Building] INFO  o.a.m.s.f.DefaultMavenResourcesFiltering - skip non existing resourceDirectory C:\Users\BETU\Desktop\coading\Spring-Core\Spring-AutowireByType\src\main\resources
2025-07-30 16:10:24,686 [Worker-10: Building] INFO  o.a.m.s.f.DefaultMavenResourcesFiltering - skip non existing resourceDirectory C:\Users\BETU\Desktop\coading\Spring-Core\Spring-AutowireByType\src\test\resources
2025-07-30 16:10:24,848 [Worker-10: Building] INFO  o.a.m.s.f.DefaultMavenResourcesFiltering - skip non existing resourceDirectory C:\Users\BETU\Desktop\coading\Spring-Core\Spring-DIWithOutXML8\src\main\resources
2025-07-30 16:10:24,850 [Worker-10: Building] INFO  o.a.m.s.f.DefaultMavenResourcesFiltering - skip non existing resourceDirectory C:\Users\BETU\Desktop\coading\Spring-Core\Spring-DIWithOutXML8\src\test\resources
2025-07-30 16:10:25,132 [Worker-10: Building] INFO  o.a.m.s.f.DefaultMavenResourcesFiltering - skip non existing resourceDirectory C:\Users\BETU\Desktop\coading\Spring-Core\Spring-DIWithxml-App9\src\main\resources
2025-07-30 16:10:25,135 [Worker-10: Building] INFO  o.a.m.s.f.DefaultMavenResourcesFiltering - skip non existing resourceDirectory C:\Users\BETU\Desktop\coading\Spring-Core\Spring-DIWithxml-App9\src\test\resources
2025-07-30 16:10:25,315 [Worker-10: Building] INFO  o.a.m.s.f.DefaultMavenResourcesFiltering - skip non existing resourceDirectory C:\Users\BETU\Desktop\coading\Spring-Core\Spring-SetterDI-App3\src\main\resources
2025-07-30 16:10:25,317 [Worker-10: Building] INFO  o.a.m.s.f.DefaultMavenResourcesFiltering - skip non existing resourceDirectory C:\Users\BETU\Desktop\coading\Spring-Core\Spring-SetterDI-App3\src\test\resources
2025-07-30 16:10:25,470 [Worker-10: Building] INFO  o.a.m.s.f.DefaultMavenResourcesFiltering - skip non existing resourceDirectory C:\Users\BETU\Desktop\coading\Spring-Core\Spring-core-App1\src\main\resources
2025-07-30 16:10:25,472 [Worker-10: Building] INFO  o.a.m.s.f.DefaultMavenResourcesFiltering - skip non existing resourceDirectory C:\Users\BETU\Desktop\coading\Spring-Core\Spring-core-App1\src\test\resources
2025-07-30 16:10:25,536 [Worker-10: Building] INFO  o.a.m.s.f.DefaultMavenResourcesFiltering - skip non existing resourceDirectory C:\Users\BETU\Desktop\coading\Spring-Core\Spring-core-JDBC\src\main\resources
2025-07-30 16:10:25,538 [Worker-10: Building] INFO  o.a.m.s.f.DefaultMavenResourcesFiltering - skip non existing resourceDirectory C:\Users\BETU\Desktop\coading\Spring-Core\Spring-core-JDBC\src\test\resources
2025-07-30 16:10:25,713 [Worker-10: Building] INFO  o.a.m.s.f.DefaultMavenResourcesFiltering - skip non existing resourceDirectory C:\Users\BETU\Desktop\coading\Spring-Core\Spring-core-cons-App2\src\main\resources
2025-07-30 16:10:25,716 [Worker-10: Building] INFO  o.a.m.s.f.DefaultMavenResourcesFiltering - skip non existing resourceDirectory C:\Users\BETU\Desktop\coading\Spring-Core\Spring-core-cons-App2\src\test\resources
2025-07-30 16:10:25,879 [Worker-10: Building] INFO  o.a.m.s.f.DefaultMavenResourcesFiltering - skip non existing resourceDirectory C:\Users\BETU\Desktop\coading\Spring-Core\Spring-core-cons-App3\src\main\resources
2025-07-30 16:10:25,882 [Worker-10: Building] INFO  o.a.m.s.f.DefaultMavenResourcesFiltering - skip non existing resourceDirectory C:\Users\BETU\Desktop\coading\Spring-Core\Spring-core-cons-App3\src\test\resources
2025-07-30 16:10:26,017 [Worker-10: Building] INFO  o.a.m.s.f.DefaultMavenResourcesFiltering - skip non existing resourceDirectory C:\Users\BETU\Desktop\coading\Spring-Core\spring-ConstructerDI-App2\src\main\resources
2025-07-30 16:10:26,020 [Worker-10: Building] INFO  o.a.m.s.f.DefaultMavenResourcesFiltering - skip non existing resourceDirectory C:\Users\BETU\Desktop\coading\Spring-Core\spring-ConstructerDI-App2\src\test\resources
2025-07-30 16:10:26,169 [Worker-10: Building] INFO  o.a.m.s.f.DefaultMavenResourcesFiltering - skip non existing resourceDirectory C:\Users\BETU\Desktop\coading\Spring-Core\spring-SetterDI-App1\src\main\resources
2025-07-30 16:10:26,171 [Worker-10: Building] INFO  o.a.m.s.f.DefaultMavenResourcesFiltering - skip non existing resourceDirectory C:\Users\BETU\Desktop\coading\Spring-Core\spring-SetterDI-App1\src\test\resources
2025-07-30 16:10:26,378 [Worker-10: Building] INFO  o.a.m.s.f.DefaultMavenResourcesFiltering - skip non existing resourceDirectory C:\Users\BETU\Desktop\coading\Spring-Core\spring-collectionDI-App7\src\main\resources
2025-07-30 16:10:26,382 [Worker-10: Building] INFO  o.a.m.s.f.DefaultMavenResourcesFiltering - skip non existing resourceDirectory C:\Users\BETU\Desktop\coading\Spring-Core\spring-collectionDI-App7\src\test\resources
2025-07-30 16:11:57,403 [Worker-37: Building] INFO  o.e.m.c.i.l.LifecycleMappingFactory - Using org.eclipse.m2e.jdt.JarLifecycleMapping lifecycle mapping for MavenProject: com.univ:Spring-core-JDBC:0.0.1-SNAPSHOT @ C:\Users\BETU\Desktop\coading\Spring-Core\Spring-core-JDBC\pom.xml.
2025-07-30 16:11:57,605 [Worker-37: Building] INFO  o.a.m.s.f.DefaultMavenResourcesFiltering - skip non existing resourceDirectory C:\Users\BETU\Desktop\coading\Spring-Core\Spring-core-JDBC\src\main\resources
2025-07-30 16:11:57,607 [Worker-37: Building] INFO  o.a.m.s.f.DefaultMavenResourcesFiltering - skip non existing resourceDirectory C:\Users\BETU\Desktop\coading\Spring-Core\Spring-core-JDBC\src\test\resources
2025-07-30 16:11:58,788 [Worker-38: Building] INFO  o.a.m.s.f.DefaultMavenResourcesFiltering - skip non existing resourceDirectory C:\Users\BETU\Desktop\coading\Spring-Core\Spring-core-JDBC\src\main\resources
2025-07-30 16:11:58,792 [Worker-38: Building] INFO  o.a.m.s.f.DefaultMavenResourcesFiltering - skip non existing resourceDirectory C:\Users\BETU\Desktop\coading\Spring-Core\Spring-core-JDBC\src\test\resources
2025-07-30 16:17:10,398 [Worker-41: Building] INFO  o.e.m.c.i.l.LifecycleMappingFactory - Using org.eclipse.m2e.jdt.JarLifecycleMapping lifecycle mapping for MavenProject: com.univ:Spring-core-JDBC:0.0.1-SNAPSHOT @ C:\Users\BETU\Desktop\coading\Spring-Core\Spring-core-JDBC\pom.xml.
2025-07-30 16:17:10,482 [Worker-41: Building] INFO  o.a.m.s.f.DefaultMavenResourcesFiltering - skip non existing resourceDirectory C:\Users\BETU\Desktop\coading\Spring-Core\Spring-core-JDBC\src\main\resources
2025-07-30 16:17:10,485 [Worker-41: Building] INFO  o.a.m.s.f.DefaultMavenResourcesFiltering - skip non existing resourceDirectory C:\Users\BETU\Desktop\coading\Spring-Core\Spring-core-JDBC\src\test\resources
2025-07-30 16:21:21,171 [Worker-40: Building] INFO  o.a.m.s.f.DefaultMavenResourcesFiltering - skip non existing resourceDirectory C:\Users\BETU\Desktop\coading\Spring-Core\Spring-core-JDBC\src\main\resources
2025-07-30 16:21:21,175 [Worker-40: Building] INFO  o.a.m.s.f.DefaultMavenResourcesFiltering - skip non existing resourceDirectory C:\Users\BETU\Desktop\coading\Spring-Core\Spring-core-JDBC\src\test\resources
2025-07-30 16:23:19,645 [Worker-38: Building] INFO  o.a.m.s.f.DefaultMavenResourcesFiltering - skip non existing resourceDirectory C:\Users\BETU\Desktop\coading\Spring-Core\Spring-core-JDBC\src\main\resources
2025-07-30 16:23:19,647 [Worker-38: Building] INFO  o.a.m.s.f.DefaultMavenResourcesFiltering - skip non existing resourceDirectory C:\Users\BETU\Desktop\coading\Spring-Core\Spring-core-JDBC\src\test\resources
2025-07-30 16:23:44,496 [Worker-40: Building] INFO  o.a.m.s.f.DefaultMavenResourcesFiltering - skip non existing resourceDirectory C:\Users\BETU\Desktop\coading\Spring-Core\Spring-core-JDBC\src\main\resources
2025-07-30 16:23:44,498 [Worker-40: Building] INFO  o.a.m.s.f.DefaultMavenResourcesFiltering - skip non existing resourceDirectory C:\Users\BETU\Desktop\coading\Spring-Core\Spring-core-JDBC\src\test\resources
2025-07-30 16:25:38,248 [Worker-46: Building] INFO  o.a.m.s.f.DefaultMavenResourcesFiltering - skip non existing resourceDirectory C:\Users\BETU\Desktop\coading\Spring-Core\Spring-core-JDBC\src\main\resources
2025-07-30 16:25:38,250 [Worker-46: Building] INFO  o.a.m.s.f.DefaultMavenResourcesFiltering - skip non existing resourceDirectory C:\Users\BETU\Desktop\coading\Spring-Core\Spring-core-JDBC\src\test\resources
2025-07-30 16:26:17,395 [Worker-40: Building] INFO  o.a.m.s.f.DefaultMavenResourcesFiltering - skip non existing resourceDirectory C:\Users\BETU\Desktop\coading\Spring-Core\Spring-core-JDBC\src\main\resources
2025-07-30 16:26:17,401 [Worker-40: Building] INFO  o.a.m.s.f.DefaultMavenResourcesFiltering - skip non existing resourceDirectory C:\Users\BETU\Desktop\coading\Spring-Core\Spring-core-JDBC\src\test\resources
2025-07-30 16:29:28,469 [Worker-45: Building] INFO  o.a.m.s.f.DefaultMavenResourcesFiltering - skip non existing resourceDirectory C:\Users\BETU\Desktop\coading\Spring-Core\Spring-core-JDBC\src\main\resources
2025-07-30 16:29:28,471 [Worker-45: Building] INFO  o.a.m.s.f.DefaultMavenResourcesFiltering - skip non existing resourceDirectory C:\Users\BETU\Desktop\coading\Spring-Core\Spring-core-JDBC\src\test\resources
2025-07-30 16:30:28,826 [Worker-38: Building] INFO  o.a.m.s.f.DefaultMavenResourcesFiltering - skip non existing resourceDirectory C:\Users\BETU\Desktop\coading\Spring-Core\Spring-core-JDBC\src\main\resources
2025-07-30 16:30:28,828 [Worker-38: Building] INFO  o.a.m.s.f.DefaultMavenResourcesFiltering - skip non existing resourceDirectory C:\Users\BETU\Desktop\coading\Spring-Core\Spring-core-JDBC\src\test\resources
2025-07-30 16:45:23,809 [Worker-38: Building] INFO  o.e.m.c.i.l.LifecycleMappingFactory - Using org.eclipse.m2e.jdt.JarLifecycleMapping lifecycle mapping for MavenProject: com.univ:Spring-core-JDBC:0.0.1-SNAPSHOT @ C:\Users\BETU\Desktop\coading\Spring-Core\Spring-core-JDBC\pom.xml.
2025-07-30 16:45:23,948 [Worker-38: Building] INFO  o.a.m.s.f.DefaultMavenResourcesFiltering - skip non existing resourceDirectory C:\Users\BETU\Desktop\coading\Spring-Core\Spring-core-JDBC\src\main\resources
2025-07-30 16:45:23,950 [Worker-38: Building] INFO  o.a.m.s.f.DefaultMavenResourcesFiltering - skip non existing resourceDirectory C:\Users\BETU\Desktop\coading\Spring-Core\Spring-core-JDBC\src\test\resources
2025-07-30 16:46:01,091 [Worker-48: Building] INFO  o.e.m.c.i.l.LifecycleMappingFactory - Using org.eclipse.m2e.jdt.JarLifecycleMapping lifecycle mapping for MavenProject: com.univ:Spring-core-JDBC:0.0.1-SNAPSHOT @ C:\Users\BETU\Desktop\coading\Spring-Core\Spring-core-JDBC\pom.xml.
2025-07-30 16:46:06,972 [Worker-48: Building] INFO  o.e.m.c.i.e.AbstractTransferListenerAdapter - Downloading https://repo.maven.apache.org/maven2/org/springframework/spring-jdbc/5.3.32/spring-jdbc-5.3.32.pom
2025-07-30 16:46:07,005 [Worker-48: Building] INFO  o.e.m.c.i.e.AbstractTransferListenerAdapter - Downloaded https://repo.maven.apache.org/maven2/org/springframework/spring-jdbc/5.3.32/spring-jdbc-5.3.32.pom
2025-07-30 16:46:08,816 [Worker-48: Building] INFO  o.e.m.c.i.e.AbstractTransferListenerAdapter - Downloading https://repo.maven.apache.org/maven2/org/springframework/spring-beans/5.3.32/spring-beans-5.3.32.pom
2025-07-30 16:46:08,875 [Worker-48: Building] INFO  o.e.m.c.i.e.AbstractTransferListenerAdapter - Downloaded https://repo.maven.apache.org/maven2/org/springframework/spring-beans/5.3.32/spring-beans-5.3.32.pom
2025-07-30 16:46:10,731 [Worker-48: Building] INFO  o.e.m.c.i.e.AbstractTransferListenerAdapter - Downloading https://repo.maven.apache.org/maven2/org/springframework/spring-core/5.3.32/spring-core-5.3.32.pom
2025-07-30 16:46:10,790 [Worker-48: Building] INFO  o.e.m.c.i.e.AbstractTransferListenerAdapter - Downloaded https://repo.maven.apache.org/maven2/org/springframework/spring-core/5.3.32/spring-core-5.3.32.pom
2025-07-30 16:46:12,343 [Worker-48: Building] INFO  o.e.m.c.i.e.AbstractTransferListenerAdapter - Downloading https://repo.maven.apache.org/maven2/org/springframework/spring-jcl/5.3.32/spring-jcl-5.3.32.pom
2025-07-30 16:46:12,403 [Worker-48: Building] INFO  o.e.m.c.i.e.AbstractTransferListenerAdapter - Downloaded https://repo.maven.apache.org/maven2/org/springframework/spring-jcl/5.3.32/spring-jcl-5.3.32.pom
2025-07-30 16:46:13,812 [Worker-48: Building] INFO  o.e.m.c.i.e.AbstractTransferListenerAdapter - Downloading https://repo.maven.apache.org/maven2/org/springframework/spring-tx/5.3.32/spring-tx-5.3.32.pom
2025-07-30 16:46:13,869 [Worker-48: Building] INFO  o.e.m.c.i.e.AbstractTransferListenerAdapter - Downloaded https://repo.maven.apache.org/maven2/org/springframework/spring-tx/5.3.32/spring-tx-5.3.32.pom
2025-07-30 16:46:15,434 [Worker-48: Building] INFO  o.e.m.c.i.e.AbstractTransferListenerAdapter - Downloading https://repo.maven.apache.org/maven2/org/springframework/spring-jdbc/5.3.32/spring-jdbc-5.3.32.jar
2025-07-30 16:46:19,485 [Worker-48: Building] INFO  o.e.m.c.i.e.AbstractTransferListenerAdapter - Downloaded https://repo.maven.apache.org/maven2/org/springframework/spring-jdbc/5.3.32/spring-jdbc-5.3.32.jar
2025-07-30 16:46:20,701 [BasicRepositoryConnector-repo.maven.apache.org-0-0] INFO  o.e.m.c.i.e.AbstractTransferListenerAdapter - Downloading https://repo.maven.apache.org/maven2/org/springframework/spring-tx/5.3.32/spring-tx-5.3.32.jar
2025-07-30 16:46:23,838 [BasicRepositoryConnector-repo.maven.apache.org-0-0] INFO  o.e.m.c.i.e.AbstractTransferListenerAdapter - Downloaded https://repo.maven.apache.org/maven2/org/springframework/spring-tx/5.3.32/spring-tx-5.3.32.jar
2025-07-30 16:46:23,937 [Worker-48: Building] INFO  o.a.m.s.f.DefaultMavenResourcesFiltering - skip non existing resourceDirectory C:\Users\BETU\Desktop\coading\Spring-Core\Spring-core-JDBC\src\main\resources
2025-07-30 16:46:23,940 [Worker-48: Building] INFO  o.a.m.s.f.DefaultMavenResourcesFiltering - skip non existing resourceDirectory C:\Users\BETU\Desktop\coading\Spring-Core\Spring-core-JDBC\src\test\resources
2025-07-30 16:46:24,221 [Worker-47: Building] INFO  o.a.m.s.f.DefaultMavenResourcesFiltering - skip non existing resourceDirectory C:\Users\BETU\Desktop\coading\Spring-Core\Spring-core-JDBC\src\main\resources
2025-07-30 16:46:24,222 [Worker-47: Building] INFO  o.a.m.s.f.DefaultMavenResourcesFiltering - skip non existing resourceDirectory C:\Users\BETU\Desktop\coading\Spring-Core\Spring-core-JDBC\src\test\resources
2025-07-30 16:46:25,967 [Worker-38: Download sources and javadoc] INFO  o.e.m.c.i.e.AbstractTransferListenerAdapter - Downloading https://repo.maven.apache.org/maven2/org/springframework/spring-jdbc/5.3.32/spring-jdbc-5.3.32-sources.jar
2025-07-30 16:46:27,826 [Worker-38: Download sources and javadoc] INFO  o.e.m.c.i.e.AbstractTransferListenerAdapter - Downloaded https://repo.maven.apache.org/maven2/org/springframework/spring-jdbc/5.3.32/spring-jdbc-5.3.32-sources.jar
2025-07-30 16:46:27,830 [Worker-38: Download sources and javadoc] INFO  o.e.m.j.internal.DownloadSourcesJob - Downloaded sources for org.springframework:spring-jdbc:5.3.32
2025-07-30 16:46:29,726 [Worker-38: Download sources and javadoc] INFO  o.e.m.c.i.e.AbstractTransferListenerAdapter - Downloading https://repo.maven.apache.org/maven2/org/springframework/spring-tx/5.3.32/spring-tx-5.3.32-sources.jar
2025-07-30 16:46:31,404 [Worker-38: Download sources and javadoc] INFO  o.e.m.c.i.e.AbstractTransferListenerAdapter - Downloaded https://repo.maven.apache.org/maven2/org/springframework/spring-tx/5.3.32/spring-tx-5.3.32-sources.jar
2025-07-30 16:46:31,408 [Worker-38: Download sources and javadoc] INFO  o.e.m.j.internal.DownloadSourcesJob - Downloaded sources for org.springframework:spring-tx:5.3.32
2025-07-30 16:52:33,062 [Worker-53: Building] INFO  o.a.m.s.f.DefaultMavenResourcesFiltering - skip non existing resourceDirectory C:\Users\BETU\Desktop\coading\Spring-Core\Spring-core-JDBC\src\main\resources
2025-07-30 16:52:33,064 [Worker-53: Building] INFO  o.a.m.s.f.DefaultMavenResourcesFiltering - skip non existing resourceDirectory C:\Users\BETU\Desktop\coading\Spring-Core\Spring-core-JDBC\src\test\resources
2025-07-30 16:53:41,038 [Worker-47: Building] INFO  o.a.m.s.f.DefaultMavenResourcesFiltering - skip non existing resourceDirectory C:\Users\BETU\Desktop\coading\Spring-Core\Spring-core-JDBC\src\main\resources
2025-07-30 16:53:41,040 [Worker-47: Building] INFO  o.a.m.s.f.DefaultMavenResourcesFiltering - skip non existing resourceDirectory C:\Users\BETU\Desktop\coading\Spring-Core\Spring-core-JDBC\src\test\resources
2025-07-30 16:53:58,279 [Worker-38: Building] INFO  o.a.m.s.f.DefaultMavenResourcesFiltering - skip non existing resourceDirectory C:\Users\BETU\Desktop\coading\Spring-Core\Spring-core-JDBC\src\main\resources
2025-07-30 16:53:58,280 [Worker-38: Building] INFO  o.a.m.s.f.DefaultMavenResourcesFiltering - skip non existing resourceDirectory C:\Users\BETU\Desktop\coading\Spring-Core\Spring-core-JDBC\src\test\resources
2025-07-30 16:54:31,195 [Worker-47: Building] INFO  o.a.m.s.f.DefaultMavenResourcesFiltering - skip non existing resourceDirectory C:\Users\BETU\Desktop\coading\Spring-Core\Spring-core-JDBC\src\main\resources
2025-07-30 16:54:31,199 [Worker-47: Building] INFO  o.a.m.s.f.DefaultMavenResourcesFiltering - skip non existing resourceDirectory C:\Users\BETU\Desktop\coading\Spring-Core\Spring-core-JDBC\src\test\resources
2025-07-31 11:11:36,450 [Worker-3: Loading available Gradle versions] INFO  o.e.b.c.i.u.g.PublishedGradleVersions - Gradle version information cache is up-to-date. Trying to read.
2025-07-31 13:25:41,284 [Worker-43: Building] INFO  o.e.m.c.i.l.LifecycleMappingFactory - Using org.eclipse.m2e.jdt.JarLifecycleMapping lifecycle mapping for MavenProject: com.univ:Spring-core-JDBC:0.0.1-SNAPSHOT @ C:\Users\BETU\Desktop\coading\Spring-Core\Spring-core-JDBC\pom.xml.
2025-07-31 13:25:41,884 [Worker-43: Building] INFO  o.a.m.s.f.DefaultMavenResourcesFiltering - skip non existing resourceDirectory C:\Users\BETU\Desktop\coading\Spring-Core\Spring-core-JDBC\src\main\resources
2025-07-31 13:25:41,887 [Worker-43: Building] INFO  o.a.m.s.f.DefaultMavenResourcesFiltering - skip non existing resourceDirectory C:\Users\BETU\Desktop\coading\Spring-Core\Spring-core-JDBC\src\test\resources
2025-07-31 13:26:37,824 [Worker-41: Building] INFO  o.e.m.c.i.l.LifecycleMappingFactory - Using org.eclipse.m2e.jdt.JarLifecycleMapping lifecycle mapping for MavenProject: com.univ:Spring-core-JDBC:0.0.1-SNAPSHOT @ C:\Users\BETU\Desktop\coading\Spring-Core\Spring-core-JDBC\pom.xml.
2025-07-31 13:26:38,202 [Worker-41: Building] INFO  o.e.m.c.i.e.AbstractTransferListenerAdapter - Downloading https://repo.maven.apache.org/maven2/org/springframework/spring-jdbc/5.3.20/spring-jdbc-5.3.20.pom
2025-07-31 13:26:38,235 [Worker-41: Building] INFO  o.e.m.c.i.e.AbstractTransferListenerAdapter - Downloaded https://repo.maven.apache.org/maven2/org/springframework/spring-jdbc/5.3.20/spring-jdbc-5.3.20.pom
2025-07-31 13:26:38,302 [Worker-41: Building] INFO  o.e.m.c.i.e.AbstractTransferListenerAdapter - Downloading https://repo.maven.apache.org/maven2/org/springframework/spring-tx/5.3.20/spring-tx-5.3.20.pom
2025-07-31 13:26:38,342 [Worker-41: Building] INFO  o.e.m.c.i.e.AbstractTransferListenerAdapter - Downloaded https://repo.maven.apache.org/maven2/org/springframework/spring-tx/5.3.20/spring-tx-5.3.20.pom
2025-07-31 13:26:38,404 [Worker-41: Building] INFO  o.e.m.c.i.e.AbstractTransferListenerAdapter - Downloaded https://repo.maven.apache.org/maven2/mysql/mysql-connector-java/8.4.0/mysql-connector-java-8.4.0.pom
2025-07-31 13:26:38,407 [Worker-41: Building] WARN  o.e.m.c.i.embedder.EclipseLogger - The POM for mysql:mysql-connector-java:jar:8.4.0 is missing, no dependency information available
2025-07-31 13:26:38,502 [Worker-41: Building] INFO  o.e.m.c.i.e.AbstractTransferListenerAdapter - Downloading https://repo.maven.apache.org/maven2/org/springframework/spring-jdbc/5.3.20/spring-jdbc-5.3.20.jar
2025-07-31 13:26:39,149 [Worker-41: Building] INFO  o.e.m.c.i.e.AbstractTransferListenerAdapter - Downloaded https://repo.maven.apache.org/maven2/org/springframework/spring-jdbc/5.3.20/spring-jdbc-5.3.20.jar
2025-07-31 13:26:39,207 [BasicRepositoryConnector-repo.maven.apache.org-0-1] INFO  o.e.m.c.i.e.AbstractTransferListenerAdapter - Downloaded https://repo.maven.apache.org/maven2/mysql/mysql-connector-java/8.4.0/mysql-connector-java-8.4.0.jar
2025-07-31 13:26:39,325 [BasicRepositoryConnector-repo.maven.apache.org-0-0] INFO  o.e.m.c.i.e.AbstractTransferListenerAdapter - Downloading https://repo.maven.apache.org/maven2/org/springframework/spring-tx/5.3.20/spring-tx-5.3.20.jar
2025-07-31 13:26:39,888 [BasicRepositoryConnector-repo.maven.apache.org-0-0] INFO  o.e.m.c.i.e.AbstractTransferListenerAdapter - Downloaded https://repo.maven.apache.org/maven2/org/springframework/spring-tx/5.3.20/spring-tx-5.3.20.jar
2025-07-31 13:26:40,012 [Worker-41: Building] INFO  o.a.m.s.f.DefaultMavenResourcesFiltering - skip non existing resourceDirectory C:\Users\BETU\Desktop\coading\Spring-Core\Spring-core-JDBC\src\main\resources
2025-07-31 13:26:40,015 [Worker-41: Building] INFO  o.a.m.s.f.DefaultMavenResourcesFiltering - skip non existing resourceDirectory C:\Users\BETU\Desktop\coading\Spring-Core\Spring-core-JDBC\src\test\resources
2025-07-31 13:26:41,090 [Worker-43: Download sources and javadoc] INFO  o.e.m.c.i.e.AbstractTransferListenerAdapter - Downloading https://repo.maven.apache.org/maven2/org/springframework/spring-jdbc/5.3.20/spring-jdbc-5.3.20-sources.jar
2025-07-31 13:26:41,761 [Worker-43: Download sources and javadoc] INFO  o.e.m.c.i.e.AbstractTransferListenerAdapter - Downloaded https://repo.maven.apache.org/maven2/org/springframework/spring-jdbc/5.3.20/spring-jdbc-5.3.20-sources.jar
2025-07-31 13:26:41,769 [Worker-43: Download sources and javadoc] INFO  o.e.m.j.internal.DownloadSourcesJob - Downloaded sources for org.springframework:spring-jdbc:5.3.20
2025-07-31 13:26:41,925 [Worker-43: Download sources and javadoc] INFO  o.e.m.c.i.e.AbstractTransferListenerAdapter - Downloading https://repo.maven.apache.org/maven2/org/springframework/spring-tx/5.3.20/spring-tx-5.3.20-sources.jar
2025-07-31 13:26:42,499 [Worker-43: Download sources and javadoc] INFO  o.e.m.c.i.e.AbstractTransferListenerAdapter - Downloaded https://repo.maven.apache.org/maven2/org/springframework/spring-tx/5.3.20/spring-tx-5.3.20-sources.jar
2025-07-31 13:26:42,509 [Worker-43: Download sources and javadoc] INFO  o.e.m.j.internal.DownloadSourcesJob - Downloaded sources for org.springframework:spring-tx:5.3.20
2025-07-31 13:26:42,994 [Worker-43: Download sources and javadoc] INFO  o.e.m.c.i.e.AbstractTransferListenerAdapter - Downloaded https://repo.maven.apache.org/maven2/mysql/mysql-connector-java/8.4.0/mysql-connector-java-8.4.0-sources.jar
2025-07-31 13:26:43,009 [Worker-43: Download sources and javadoc] ERROR o.e.m.j.internal.DownloadSourcesJob - Could not download sources for mysql:mysql-connector-java:8.4.0
org.eclipse.core.runtime.CoreException: Could not resolve artifact mysql:mysql-connector-java:jar:sources:8.4.0
	at org.eclipse.m2e.core.internal.embedder.MavenImpl.lambda$7(MavenImpl.java:540)
	at org.eclipse.m2e.core.internal.embedder.MavenExecutionContext.executeBare(MavenExecutionContext.java:458)
	at org.eclipse.m2e.core.internal.embedder.MavenExecutionContext.execute(MavenExecutionContext.java:292)
	at org.eclipse.m2e.core.internal.embedder.MavenExecutionContext.execute(MavenExecutionContext.java:278)
	at org.eclipse.m2e.core.internal.embedder.MavenImpl.resolve(MavenImpl.java:509)
	at org.eclipse.m2e.core.internal.embedder.MavenImpl.resolve(MavenImpl.java:494)
	at org.eclipse.m2e.jdt.internal.DownloadSourcesJob.download(DownloadSourcesJob.java:308)
	at org.eclipse.m2e.jdt.internal.DownloadSourcesJob.downloadAttachments(DownloadSourcesJob.java:282)
	at org.eclipse.m2e.jdt.internal.DownloadSourcesJob.downloadMaven(DownloadSourcesJob.java:252)
	at org.eclipse.m2e.jdt.internal.DownloadSourcesJob.downloadFilesAndPopulateToUpdate(DownloadSourcesJob.java:220)
	at org.eclipse.m2e.jdt.internal.DownloadSourcesJob.lambda$0(DownloadSourcesJob.java:149)
	at org.eclipse.m2e.core.internal.embedder.MavenExecutionContext.executeBare(MavenExecutionContext.java:458)
	at org.eclipse.m2e.core.internal.embedder.MavenExecutionContext.execute(MavenExecutionContext.java:339)
	at org.eclipse.m2e.core.internal.embedder.MavenExecutionContext.execute(MavenExecutionContext.java:278)
	at org.eclipse.m2e.core.embedder.IMaven.execute(IMaven.java:300)
	at org.eclipse.m2e.jdt.internal.DownloadSourcesJob.run(DownloadSourcesJob.java:149)
	at org.eclipse.core.internal.jobs.Worker.run(Worker.java:63)
2025-07-31 13:27:51,096 [Worker-45: Building] INFO  o.e.m.c.i.l.LifecycleMappingFactory - Using org.eclipse.m2e.jdt.JarLifecycleMapping lifecycle mapping for MavenProject: com.univ:Spring-core-JDBC:0.0.1-SNAPSHOT @ C:\Users\BETU\Desktop\coading\Spring-Core\Spring-core-JDBC\pom.xml.
2025-07-31 13:27:51,204 [Worker-45: Building] WARN  o.e.m.c.i.embedder.EclipseLogger - The artifact mysql:mysql-connector-java:jar:8.0.32 has been relocated to com.mysql:mysql-connector-j:jar:8.0.32: MySQL Connector/J artifacts moved to reverse-DNS compliant Maven 2+ coordinates.
2025-07-31 13:27:51,370 [Worker-45: Building] INFO  o.a.m.s.f.DefaultMavenResourcesFiltering - skip non existing resourceDirectory C:\Users\BETU\Desktop\coading\Spring-Core\Spring-core-JDBC\src\main\resources
2025-07-31 13:27:51,372 [Worker-45: Building] INFO  o.a.m.s.f.DefaultMavenResourcesFiltering - skip non existing resourceDirectory C:\Users\BETU\Desktop\coading\Spring-Core\Spring-core-JDBC\src\test\resources
2025-07-31 13:27:51,976 [Worker-41: Building] INFO  o.a.m.s.f.DefaultMavenResourcesFiltering - skip non existing resourceDirectory C:\Users\BETU\Desktop\coading\Spring-Core\Spring-core-JDBC\src\main\resources
2025-07-31 13:27:51,980 [Worker-41: Building] INFO  o.a.m.s.f.DefaultMavenResourcesFiltering - skip non existing resourceDirectory C:\Users\BETU\Desktop\coading\Spring-Core\Spring-core-JDBC\src\test\resources
2025-07-31 13:30:39,614 [Worker-40: Building] INFO  o.a.m.s.f.DefaultMavenResourcesFiltering - skip non existing resourceDirectory C:\Users\BETU\Desktop\coading\Spring-Core\Spring-core-JDBC\src\main\resources
2025-07-31 13:30:39,618 [Worker-40: Building] INFO  o.a.m.s.f.DefaultMavenResourcesFiltering - skip non existing resourceDirectory C:\Users\BETU\Desktop\coading\Spring-Core\Spring-core-JDBC\src\test\resources
2025-07-31 13:31:14,513 [Worker-47: Building] INFO  o.a.m.s.f.DefaultMavenResourcesFiltering - skip non existing resourceDirectory C:\Users\BETU\Desktop\coading\Spring-Core\Spring-core-JDBC\src\main\resources
2025-07-31 13:31:14,515 [Worker-47: Building] INFO  o.a.m.s.f.DefaultMavenResourcesFiltering - skip non existing resourceDirectory C:\Users\BETU\Desktop\coading\Spring-Core\Spring-core-JDBC\src\test\resources
2025-07-31 13:31:23,573 [Worker-47: Building] INFO  o.a.m.s.f.DefaultMavenResourcesFiltering - skip non existing resourceDirectory C:\Users\BETU\Desktop\coading\Spring-Core\Spring-core-JDBC\src\main\resources
2025-07-31 13:31:23,577 [Worker-47: Building] INFO  o.a.m.s.f.DefaultMavenResourcesFiltering - skip non existing resourceDirectory C:\Users\BETU\Desktop\coading\Spring-Core\Spring-core-JDBC\src\test\resources
2025-07-31 13:32:31,120 [Worker-47: Building] ERROR o.e.m.c.i.p.r.ProjectRegistryManager - Could not read pom.xml
org.eclipse.core.runtime.CoreException: Could not read pom.xml
	at org.eclipse.m2e.core.internal.IMavenToolbox.readModel(IMavenToolbox.java:245)
	at org.eclipse.m2e.core.internal.project.registry.ProjectRegistryManager.refreshPhase2(ProjectRegistryManager.java:591)
	at org.eclipse.m2e.core.internal.project.registry.ProjectRegistryManager.refresh(ProjectRegistryManager.java:491)
	at org.eclipse.m2e.core.internal.project.registry.ProjectRegistryManager.refresh(ProjectRegistryManager.java:370)
	at org.eclipse.m2e.core.internal.project.registry.ProjectRegistryManager.refresh(ProjectRegistryManager.java:322)
	at org.eclipse.m2e.core.internal.builder.MavenBuilder$BuildMethod.getProjectFacade(MavenBuilder.java:146)
	at org.eclipse.m2e.core.internal.builder.MavenBuilder$BuildMethod.lambda$0(MavenBuilder.java:84)
	at org.eclipse.m2e.core.internal.embedder.MavenExecutionContext.executeBare(MavenExecutionContext.java:458)
	at org.eclipse.m2e.core.internal.embedder.MavenExecutionContext.execute(MavenExecutionContext.java:339)
	at org.eclipse.m2e.core.internal.embedder.MavenExecutionContext.execute(MavenExecutionContext.java:278)
	at org.eclipse.m2e.core.internal.builder.MavenBuilder$BuildMethod.execute(MavenBuilder.java:83)
	at org.eclipse.m2e.core.internal.builder.MavenBuilder.build(MavenBuilder.java:192)
	at org.eclipse.core.internal.events.BuildManager$2.run(BuildManager.java:1077)
	at org.eclipse.core.runtime.SafeRunner.run(SafeRunner.java:47)
	at org.eclipse.core.internal.events.BuildManager.basicBuild(BuildManager.java:296)
	at org.eclipse.core.internal.events.BuildManager.basicBuild(BuildManager.java:352)
	at org.eclipse.core.internal.events.BuildManager$1.run(BuildManager.java:441)
	at org.eclipse.core.runtime.SafeRunner.run(SafeRunner.java:47)
	at org.eclipse.core.internal.events.BuildManager.basicBuild(BuildManager.java:444)
	at org.eclipse.core.internal.events.BuildManager.basicBuildLoop(BuildManager.java:555)
	at org.eclipse.core.internal.events.BuildManager.basicBuildLoop(BuildManager.java:503)
	at org.eclipse.core.internal.events.BuildManager.build(BuildManager.java:585)
	at org.eclipse.core.internal.events.AutoBuildJob.doBuild(AutoBuildJob.java:207)
	at org.eclipse.core.internal.events.AutoBuildJob.run(AutoBuildJob.java:300)
	at org.eclipse.core.internal.jobs.Worker.run(Worker.java:63)
Caused by: org.apache.maven.model.io.ModelParseException: Unrecognised tag: 'dependencies' (position: START_TAG seen ...artifact/org.springframework/spring-context -->\r\n\r\n\t<dependencies>... @20:16) 
	at org.apache.maven.model.io.DefaultModelReader.read(DefaultModelReader.java:96)
	at org.apache.maven.model.io.DefaultModelReader.read(DefaultModelReader.java:74)
	at org.eclipse.m2e.core.internal.IMavenToolbox.readModel(IMavenToolbox.java:243)
	... 24 common frames omitted
Caused by: org.codehaus.plexus.util.xml.pull.XmlPullParserException: Unrecognised tag: 'dependencies' (position: START_TAG seen ...artifact/org.springframework/spring-context -->\r\n\r\n\t<dependencies>... @20:16) 
	at org.apache.maven.model.io.xpp3.MavenXpp3Reader.checkUnknownElement(MavenXpp3Reader.java:181)
	at org.apache.maven.model.io.xpp3.MavenXpp3Reader.parseModel(MavenXpp3Reader.java:2325)
	at org.apache.maven.model.io.xpp3.MavenXpp3Reader.read(MavenXpp3Reader.java:623)
	at org.apache.maven.model.io.xpp3.MavenXpp3Reader.read(MavenXpp3Reader.java:654)
	at org.apache.maven.model.io.DefaultModelReader.read(DefaultModelReader.java:93)
	... 26 common frames omitted
2025-07-31 13:32:32,394 [Worker-46: Building] ERROR o.e.m.c.i.p.r.ProjectRegistryManager - Could not read pom.xml
org.eclipse.core.runtime.CoreException: Could not read pom.xml
	at org.eclipse.m2e.core.internal.IMavenToolbox.readModel(IMavenToolbox.java:245)
	at org.eclipse.m2e.core.internal.project.registry.ProjectRegistryManager.refreshPhase2(ProjectRegistryManager.java:591)
	at org.eclipse.m2e.core.internal.project.registry.ProjectRegistryManager.refresh(ProjectRegistryManager.java:491)
	at org.eclipse.m2e.core.internal.project.registry.ProjectRegistryManager.refresh(ProjectRegistryManager.java:370)
	at org.eclipse.m2e.core.internal.project.registry.ProjectRegistryManager.refresh(ProjectRegistryManager.java:322)
	at org.eclipse.m2e.core.internal.builder.MavenBuilder$BuildMethod.getProjectFacade(MavenBuilder.java:146)
	at org.eclipse.m2e.core.internal.builder.MavenBuilder$BuildMethod.lambda$0(MavenBuilder.java:84)
	at org.eclipse.m2e.core.internal.embedder.MavenExecutionContext.executeBare(MavenExecutionContext.java:458)
	at org.eclipse.m2e.core.internal.embedder.MavenExecutionContext.execute(MavenExecutionContext.java:339)
	at org.eclipse.m2e.core.internal.embedder.MavenExecutionContext.execute(MavenExecutionContext.java:278)
	at org.eclipse.m2e.core.internal.builder.MavenBuilder$BuildMethod.execute(MavenBuilder.java:83)
	at org.eclipse.m2e.core.internal.builder.MavenBuilder.build(MavenBuilder.java:192)
	at org.eclipse.core.internal.events.BuildManager$2.run(BuildManager.java:1077)
	at org.eclipse.core.runtime.SafeRunner.run(SafeRunner.java:47)
	at org.eclipse.core.internal.events.BuildManager.basicBuild(BuildManager.java:296)
	at org.eclipse.core.internal.events.BuildManager.basicBuild(BuildManager.java:352)
	at org.eclipse.core.internal.events.BuildManager$1.run(BuildManager.java:441)
	at org.eclipse.core.runtime.SafeRunner.run(SafeRunner.java:47)
	at org.eclipse.core.internal.events.BuildManager.basicBuild(BuildManager.java:444)
	at org.eclipse.core.internal.events.BuildManager.basicBuildLoop(BuildManager.java:555)
	at org.eclipse.core.internal.events.BuildManager.basicBuildLoop(BuildManager.java:503)
	at org.eclipse.core.internal.events.BuildManager.build(BuildManager.java:585)
	at org.eclipse.core.internal.events.AutoBuildJob.doBuild(AutoBuildJob.java:207)
	at org.eclipse.core.internal.events.AutoBuildJob.run(AutoBuildJob.java:300)
	at org.eclipse.core.internal.jobs.Worker.run(Worker.java:63)
Caused by: org.apache.maven.model.io.ModelParseException: Unrecognised tag: 'dependencies' (position: START_TAG seen ...artifact/org.springframework/spring-context -->\r\n\r\n\t<dependencies>... @20:16) 
	at org.apache.maven.model.io.DefaultModelReader.read(DefaultModelReader.java:96)
	at org.apache.maven.model.io.DefaultModelReader.read(DefaultModelReader.java:74)
	at org.eclipse.m2e.core.internal.IMavenToolbox.readModel(IMavenToolbox.java:243)
	... 24 common frames omitted
Caused by: org.codehaus.plexus.util.xml.pull.XmlPullParserException: Unrecognised tag: 'dependencies' (position: START_TAG seen ...artifact/org.springframework/spring-context -->\r\n\r\n\t<dependencies>... @20:16) 
	at org.apache.maven.model.io.xpp3.MavenXpp3Reader.checkUnknownElement(MavenXpp3Reader.java:181)
	at org.apache.maven.model.io.xpp3.MavenXpp3Reader.parseModel(MavenXpp3Reader.java:2325)
	at org.apache.maven.model.io.xpp3.MavenXpp3Reader.read(MavenXpp3Reader.java:623)
	at org.apache.maven.model.io.xpp3.MavenXpp3Reader.read(MavenXpp3Reader.java:654)
	at org.apache.maven.model.io.DefaultModelReader.read(DefaultModelReader.java:93)
	... 26 common frames omitted
2025-07-31 13:32:46,537 [Worker-40: Building] INFO  o.e.m.c.i.l.LifecycleMappingFactory - Using org.eclipse.m2e.jdt.JarLifecycleMapping lifecycle mapping for MavenProject: com.univ:Spring-core-JDBC:0.0.1-SNAPSHOT @ C:\Users\BETU\Desktop\coading\Spring-Core\Spring-core-JDBC\pom.xml.
2025-07-31 13:32:46,901 [Worker-40: Building] INFO  o.a.m.s.f.DefaultMavenResourcesFiltering - skip non existing resourceDirectory C:\Users\BETU\Desktop\coading\Spring-Core\Spring-core-JDBC\src\main\resources
2025-07-31 13:32:46,905 [Worker-40: Building] INFO  o.a.m.s.f.DefaultMavenResourcesFiltering - skip non existing resourceDirectory C:\Users\BETU\Desktop\coading\Spring-Core\Spring-core-JDBC\src\test\resources
2025-07-31 13:32:48,110 [Worker-47: Building] INFO  o.a.m.s.f.DefaultMavenResourcesFiltering - skip non existing resourceDirectory C:\Users\BETU\Desktop\coading\Spring-Core\Spring-core-JDBC\src\main\resources
2025-07-31 13:32:48,112 [Worker-47: Building] INFO  o.a.m.s.f.DefaultMavenResourcesFiltering - skip non existing resourceDirectory C:\Users\BETU\Desktop\coading\Spring-Core\Spring-core-JDBC\src\test\resources
2025-07-31 13:35:22,345 [Worker-45: Launching mavenrun-20768612-b43b-440b-be3f-e4033dce3176] INFO  o.eclipse.m2e.core.internal.Bundles - getClasspathEntries(Bundle=org.eclipse.m2e.maven.runtime_3.9.900.20240824-1409 [638])
2025-07-31 13:35:22,346 [Worker-45: Launching mavenrun-20768612-b43b-440b-be3f-e4033dce3176] INFO  o.eclipse.m2e.core.internal.Bundles - 	Entry: C:\Users\BETU\.p2\pool\plugins\org.eclipse.m2e.maven.runtime_3.9.900.20240824-1409
2025-07-31 13:35:22,346 [Worker-45: Launching mavenrun-20768612-b43b-440b-be3f-e4033dce3176] INFO  o.eclipse.m2e.core.internal.Bundles - 	Entry: C:\Users\BETU\.p2\pool\plugins\org.eclipse.m2e.maven.runtime_3.9.900.20240824-1409\jars\aopalliance-1.0.jar
2025-07-31 13:35:22,347 [Worker-45: Launching mavenrun-20768612-b43b-440b-be3f-e4033dce3176] INFO  o.eclipse.m2e.core.internal.Bundles - 	Entry: C:\Users\BETU\.p2\pool\plugins\org.eclipse.m2e.maven.runtime_3.9.900.20240824-1409\jars\guice-5.1.0.jar
2025-07-31 13:35:22,347 [Worker-45: Launching mavenrun-20768612-b43b-440b-be3f-e4033dce3176] INFO  o.eclipse.m2e.core.internal.Bundles - 	Entry: C:\Users\BETU\.p2\pool\plugins\org.eclipse.m2e.maven.runtime_3.9.900.20240824-1409\jars\httpclient-4.5.14.jar
2025-07-31 13:35:22,347 [Worker-45: Launching mavenrun-20768612-b43b-440b-be3f-e4033dce3176] INFO  o.eclipse.m2e.core.internal.Bundles - 	Entry: C:\Users\BETU\.p2\pool\plugins\org.eclipse.m2e.maven.runtime_3.9.900.20240824-1409\jars\httpcore-4.4.16.jar
2025-07-31 13:35:22,347 [Worker-45: Launching mavenrun-20768612-b43b-440b-be3f-e4033dce3176] INFO  o.eclipse.m2e.core.internal.Bundles - 	Entry: C:\Users\BETU\.p2\pool\plugins\org.eclipse.m2e.maven.runtime_3.9.900.20240824-1409\jars\jansi-2.4.1.jar
2025-07-31 13:35:22,347 [Worker-45: Launching mavenrun-20768612-b43b-440b-be3f-e4033dce3176] INFO  o.eclipse.m2e.core.internal.Bundles - 	Entry: C:\Users\BETU\.p2\pool\plugins\org.eclipse.m2e.maven.runtime_3.9.900.20240824-1409\jars\jcl-over-slf4j-1.7.36.jar
2025-07-31 13:35:22,347 [Worker-45: Launching mavenrun-20768612-b43b-440b-be3f-e4033dce3176] INFO  o.eclipse.m2e.core.internal.Bundles - 	Entry: C:\Users\BETU\.p2\pool\plugins\org.eclipse.m2e.maven.runtime_3.9.900.20240824-1409\jars\maven-artifact-3.9.9.jar
2025-07-31 13:35:22,347 [Worker-45: Launching mavenrun-20768612-b43b-440b-be3f-e4033dce3176] INFO  o.eclipse.m2e.core.internal.Bundles - 	Entry: C:\Users\BETU\.p2\pool\plugins\org.eclipse.m2e.maven.runtime_3.9.900.20240824-1409\jars\maven-builder-support-3.9.9.jar
2025-07-31 13:35:22,347 [Worker-45: Launching mavenrun-20768612-b43b-440b-be3f-e4033dce3176] INFO  o.eclipse.m2e.core.internal.Bundles - 	Entry: C:\Users\BETU\.p2\pool\plugins\org.eclipse.m2e.maven.runtime_3.9.900.20240824-1409\jars\maven-compat-3.9.9.jar
2025-07-31 13:35:22,347 [Worker-45: Launching mavenrun-20768612-b43b-440b-be3f-e4033dce3176] INFO  o.eclipse.m2e.core.internal.Bundles - 	Entry: C:\Users\BETU\.p2\pool\plugins\org.eclipse.m2e.maven.runtime_3.9.900.20240824-1409\jars\maven-core-3.9.9.jar
2025-07-31 13:35:22,347 [Worker-45: Launching mavenrun-20768612-b43b-440b-be3f-e4033dce3176] INFO  o.eclipse.m2e.core.internal.Bundles - 	Entry: C:\Users\BETU\.p2\pool\plugins\org.eclipse.m2e.maven.runtime_3.9.900.20240824-1409\jars\maven-embedder-3.9.9.jar
2025-07-31 13:35:22,347 [Worker-45: Launching mavenrun-20768612-b43b-440b-be3f-e4033dce3176] INFO  o.eclipse.m2e.core.internal.Bundles - 	Entry: C:\Users\BETU\.p2\pool\plugins\org.eclipse.m2e.maven.runtime_3.9.900.20240824-1409\jars\maven-model-3.9.9.jar
2025-07-31 13:35:22,347 [Worker-45: Launching mavenrun-20768612-b43b-440b-be3f-e4033dce3176] INFO  o.eclipse.m2e.core.internal.Bundles - 	Entry: C:\Users\BETU\.p2\pool\plugins\org.eclipse.m2e.maven.runtime_3.9.900.20240824-1409\jars\maven-model-builder-3.9.9.jar
2025-07-31 13:35:22,347 [Worker-45: Launching mavenrun-20768612-b43b-440b-be3f-e4033dce3176] INFO  o.eclipse.m2e.core.internal.Bundles - 	Entry: C:\Users\BETU\.p2\pool\plugins\org.eclipse.m2e.maven.runtime_3.9.900.20240824-1409\jars\maven-plugin-api-3.9.9.jar
2025-07-31 13:35:22,347 [Worker-45: Launching mavenrun-20768612-b43b-440b-be3f-e4033dce3176] INFO  o.eclipse.m2e.core.internal.Bundles - 	Entry: C:\Users\BETU\.p2\pool\plugins\org.eclipse.m2e.maven.runtime_3.9.900.20240824-1409\jars\maven-repository-metadata-3.9.9.jar
2025-07-31 13:35:22,348 [Worker-45: Launching mavenrun-20768612-b43b-440b-be3f-e4033dce3176] INFO  o.eclipse.m2e.core.internal.Bundles - 	Entry: C:\Users\BETU\.p2\pool\plugins\org.eclipse.m2e.maven.runtime_3.9.900.20240824-1409\jars\maven-resolver-api-1.9.22.jar
2025-07-31 13:35:22,348 [Worker-45: Launching mavenrun-20768612-b43b-440b-be3f-e4033dce3176] INFO  o.eclipse.m2e.core.internal.Bundles - 	Entry: C:\Users\BETU\.p2\pool\plugins\org.eclipse.m2e.maven.runtime_3.9.900.20240824-1409\jars\maven-resolver-connector-basic-1.9.22.jar
2025-07-31 13:35:22,348 [Worker-45: Launching mavenrun-20768612-b43b-440b-be3f-e4033dce3176] INFO  o.eclipse.m2e.core.internal.Bundles - 	Entry: C:\Users\BETU\.p2\pool\plugins\org.eclipse.m2e.maven.runtime_3.9.900.20240824-1409\jars\maven-resolver-impl-1.9.22.jar
2025-07-31 13:35:22,348 [Worker-45: Launching mavenrun-20768612-b43b-440b-be3f-e4033dce3176] INFO  o.eclipse.m2e.core.internal.Bundles - 	Entry: C:\Users\BETU\.p2\pool\plugins\org.eclipse.m2e.maven.runtime_3.9.900.20240824-1409\jars\maven-resolver-named-locks-1.9.22.jar
2025-07-31 13:35:22,348 [Worker-45: Launching mavenrun-20768612-b43b-440b-be3f-e4033dce3176] INFO  o.eclipse.m2e.core.internal.Bundles - 	Entry: C:\Users\BETU\.p2\pool\plugins\org.eclipse.m2e.maven.runtime_3.9.900.20240824-1409\jars\maven-resolver-provider-3.9.9.jar
2025-07-31 13:35:22,348 [Worker-45: Launching mavenrun-20768612-b43b-440b-be3f-e4033dce3176] INFO  o.eclipse.m2e.core.internal.Bundles - 	Entry: C:\Users\BETU\.p2\pool\plugins\org.eclipse.m2e.maven.runtime_3.9.900.20240824-1409\jars\maven-resolver-spi-1.9.22.jar
2025-07-31 13:35:22,348 [Worker-45: Launching mavenrun-20768612-b43b-440b-be3f-e4033dce3176] INFO  o.eclipse.m2e.core.internal.Bundles - 	Entry: C:\Users\BETU\.p2\pool\plugins\org.eclipse.m2e.maven.runtime_3.9.900.20240824-1409\jars\maven-resolver-transport-file-1.9.22.jar
2025-07-31 13:35:22,348 [Worker-45: Launching mavenrun-20768612-b43b-440b-be3f-e4033dce3176] INFO  o.eclipse.m2e.core.internal.Bundles - 	Entry: C:\Users\BETU\.p2\pool\plugins\org.eclipse.m2e.maven.runtime_3.9.900.20240824-1409\jars\maven-resolver-transport-http-1.9.22.jar
2025-07-31 13:35:22,348 [Worker-45: Launching mavenrun-20768612-b43b-440b-be3f-e4033dce3176] INFO  o.eclipse.m2e.core.internal.Bundles - 	Entry: C:\Users\BETU\.p2\pool\plugins\org.eclipse.m2e.maven.runtime_3.9.900.20240824-1409\jars\maven-resolver-transport-wagon-1.9.22.jar
2025-07-31 13:35:22,348 [Worker-45: Launching mavenrun-20768612-b43b-440b-be3f-e4033dce3176] INFO  o.eclipse.m2e.core.internal.Bundles - 	Entry: C:\Users\BETU\.p2\pool\plugins\org.eclipse.m2e.maven.runtime_3.9.900.20240824-1409\jars\maven-resolver-util-1.9.22.jar
2025-07-31 13:35:22,348 [Worker-45: Launching mavenrun-20768612-b43b-440b-be3f-e4033dce3176] INFO  o.eclipse.m2e.core.internal.Bundles - 	Entry: C:\Users\BETU\.p2\pool\plugins\org.eclipse.m2e.maven.runtime_3.9.900.20240824-1409\jars\maven-settings-3.9.9.jar
2025-07-31 13:35:22,348 [Worker-45: Launching mavenrun-20768612-b43b-440b-be3f-e4033dce3176] INFO  o.eclipse.m2e.core.internal.Bundles - 	Entry: C:\Users\BETU\.p2\pool\plugins\org.eclipse.m2e.maven.runtime_3.9.900.20240824-1409\jars\maven-settings-builder-3.9.9.jar
2025-07-31 13:35:22,348 [Worker-45: Launching mavenrun-20768612-b43b-440b-be3f-e4033dce3176] INFO  o.eclipse.m2e.core.internal.Bundles - 	Entry: C:\Users\BETU\.p2\pool\plugins\org.eclipse.m2e.maven.runtime_3.9.900.20240824-1409\jars\maven-shared-utils-3.4.2.jar
2025-07-31 13:35:22,349 [Worker-45: Launching mavenrun-20768612-b43b-440b-be3f-e4033dce3176] INFO  o.eclipse.m2e.core.internal.Bundles - 	Entry: C:\Users\BETU\.p2\pool\plugins\org.eclipse.m2e.maven.runtime_3.9.900.20240824-1409\jars\org.eclipse.sisu.inject-0.9.0.M3.jar
2025-07-31 13:35:22,349 [Worker-45: Launching mavenrun-20768612-b43b-440b-be3f-e4033dce3176] INFO  o.eclipse.m2e.core.internal.Bundles - 	Entry: C:\Users\BETU\.p2\pool\plugins\org.eclipse.m2e.maven.runtime_3.9.900.20240824-1409\jars\org.eclipse.sisu.plexus-0.9.0.M3.jar
2025-07-31 13:35:22,349 [Worker-45: Launching mavenrun-20768612-b43b-440b-be3f-e4033dce3176] INFO  o.eclipse.m2e.core.internal.Bundles - 	Entry: C:\Users\BETU\.p2\pool\plugins\org.eclipse.m2e.maven.runtime_3.9.900.20240824-1409\jars\plexus-build-api-0.0.7.jar
2025-07-31 13:35:22,349 [Worker-45: Launching mavenrun-20768612-b43b-440b-be3f-e4033dce3176] INFO  o.eclipse.m2e.core.internal.Bundles - 	Entry: C:\Users\BETU\.p2\pool\plugins\org.eclipse.m2e.maven.runtime_3.9.900.20240824-1409\jars\plexus-build-api-1.2.0.jar
2025-07-31 13:35:22,349 [Worker-45: Launching mavenrun-20768612-b43b-440b-be3f-e4033dce3176] INFO  o.eclipse.m2e.core.internal.Bundles - 	Entry: C:\Users\BETU\.p2\pool\plugins\org.eclipse.m2e.maven.runtime_3.9.900.20240824-1409\jars\plexus-cipher-2.0.jar
2025-07-31 13:35:22,349 [Worker-45: Launching mavenrun-20768612-b43b-440b-be3f-e4033dce3176] INFO  o.eclipse.m2e.core.internal.Bundles - 	Entry: C:\Users\BETU\.p2\pool\plugins\org.eclipse.m2e.maven.runtime_3.9.900.20240824-1409\jars\plexus-classworlds-2.8.0.jar
2025-07-31 13:35:22,349 [Worker-45: Launching mavenrun-20768612-b43b-440b-be3f-e4033dce3176] INFO  o.eclipse.m2e.core.internal.Bundles - 	Entry: C:\Users\BETU\.p2\pool\plugins\org.eclipse.m2e.maven.runtime_3.9.900.20240824-1409\jars\plexus-component-annotations-2.1.0.jar
2025-07-31 13:35:22,349 [Worker-45: Launching mavenrun-20768612-b43b-440b-be3f-e4033dce3176] INFO  o.eclipse.m2e.core.internal.Bundles - 	Entry: C:\Users\BETU\.p2\pool\plugins\org.eclipse.m2e.maven.runtime_3.9.900.20240824-1409\jars\plexus-interpolation-1.27.jar
2025-07-31 13:35:22,349 [Worker-45: Launching mavenrun-20768612-b43b-440b-be3f-e4033dce3176] INFO  o.eclipse.m2e.core.internal.Bundles - 	Entry: C:\Users\BETU\.p2\pool\plugins\org.eclipse.m2e.maven.runtime_3.9.900.20240824-1409\jars\plexus-sec-dispatcher-2.0.jar
2025-07-31 13:35:22,349 [Worker-45: Launching mavenrun-20768612-b43b-440b-be3f-e4033dce3176] INFO  o.eclipse.m2e.core.internal.Bundles - 	Entry: C:\Users\BETU\.p2\pool\plugins\org.eclipse.m2e.maven.runtime_3.9.900.20240824-1409\jars\plexus-utils-3.5.1.jar
2025-07-31 13:35:22,349 [Worker-45: Launching mavenrun-20768612-b43b-440b-be3f-e4033dce3176] INFO  o.eclipse.m2e.core.internal.Bundles - 	Entry: C:\Users\BETU\.p2\pool\plugins\org.eclipse.m2e.maven.runtime_3.9.900.20240824-1409\jars\plexus-xml-3.0.1.jar
2025-07-31 13:35:22,349 [Worker-45: Launching mavenrun-20768612-b43b-440b-be3f-e4033dce3176] INFO  o.eclipse.m2e.core.internal.Bundles - 	Entry: C:\Users\BETU\.p2\pool\plugins\org.eclipse.m2e.maven.runtime_3.9.900.20240824-1409\jars\wagon-file-3.5.3.jar
2025-07-31 13:35:22,349 [Worker-45: Launching mavenrun-20768612-b43b-440b-be3f-e4033dce3176] INFO  o.eclipse.m2e.core.internal.Bundles - 	Entry: C:\Users\BETU\.p2\pool\plugins\org.eclipse.m2e.maven.runtime_3.9.900.20240824-1409\jars\wagon-http-3.5.3.jar
2025-07-31 13:35:22,349 [Worker-45: Launching mavenrun-20768612-b43b-440b-be3f-e4033dce3176] INFO  o.eclipse.m2e.core.internal.Bundles - 	Entry: C:\Users\BETU\.p2\pool\plugins\org.eclipse.m2e.maven.runtime_3.9.900.20240824-1409\jars\wagon-http-shared-3.5.3.jar
2025-07-31 13:35:22,349 [Worker-45: Launching mavenrun-20768612-b43b-440b-be3f-e4033dce3176] INFO  o.eclipse.m2e.core.internal.Bundles - 	Entry: C:\Users\BETU\.p2\pool\plugins\org.eclipse.m2e.maven.runtime_3.9.900.20240824-1409\jars\wagon-provider-api-3.5.3.jar
2025-07-31 13:35:22,350 [Worker-45: Launching mavenrun-20768612-b43b-440b-be3f-e4033dce3176] INFO  o.eclipse.m2e.core.internal.Bundles - getClasspathEntries(Bundle=com.google.guava_33.3.1.jre [16])
2025-07-31 13:35:22,350 [Worker-45: Launching mavenrun-20768612-b43b-440b-be3f-e4033dce3176] INFO  o.eclipse.m2e.core.internal.Bundles - 	Entry: C:\Users\BETU\.p2\pool\plugins\com.google.guava_33.3.1.jre.jar
2025-07-31 13:35:22,350 [Worker-45: Launching mavenrun-20768612-b43b-440b-be3f-e4033dce3176] INFO  o.eclipse.m2e.core.internal.Bundles - getClasspathEntries(Bundle=slf4j.api_2.0.16 [1005])
2025-07-31 13:35:22,350 [Worker-45: Launching mavenrun-20768612-b43b-440b-be3f-e4033dce3176] INFO  o.eclipse.m2e.core.internal.Bundles - 	Entry: C:\Users\BETU\.p2\pool\plugins\slf4j.api_2.0.16.jar
2025-07-31 13:35:22,350 [Worker-45: Launching mavenrun-20768612-b43b-440b-be3f-e4033dce3176] INFO  o.eclipse.m2e.core.internal.Bundles - getClasspathEntries(Bundle=jakarta.inject.jakarta.inject-api_1.0.5 [34])
2025-07-31 13:35:22,351 [Worker-45: Launching mavenrun-20768612-b43b-440b-be3f-e4033dce3176] INFO  o.eclipse.m2e.core.internal.Bundles - 	Entry: C:\Users\BETU\.p2\pool\plugins\jakarta.inject.jakarta.inject-api_1.0.5.jar
2025-07-31 13:35:22,351 [Worker-45: Launching mavenrun-20768612-b43b-440b-be3f-e4033dce3176] INFO  o.eclipse.m2e.core.internal.Bundles - getClasspathEntries(Bundle=jakarta.annotation-api_1.3.5 [29])
2025-07-31 13:35:22,351 [Worker-45: Launching mavenrun-20768612-b43b-440b-be3f-e4033dce3176] INFO  o.eclipse.m2e.core.internal.Bundles - 	Entry: C:\Users\BETU\.p2\pool\plugins\jakarta.annotation-api_1.3.5.jar
2025-07-31 13:35:22,351 [Worker-45: Launching mavenrun-20768612-b43b-440b-be3f-e4033dce3176] INFO  o.eclipse.m2e.core.internal.Bundles - getClasspathEntries(Bundle=org.apache.commons.cli_1.9.0 [75])
2025-07-31 13:35:22,352 [Worker-45: Launching mavenrun-20768612-b43b-440b-be3f-e4033dce3176] INFO  o.eclipse.m2e.core.internal.Bundles - 	Entry: C:\Users\BETU\.p2\pool\plugins\org.apache.commons.cli_1.9.0.jar
2025-07-31 13:35:22,352 [Worker-45: Launching mavenrun-20768612-b43b-440b-be3f-e4033dce3176] INFO  o.eclipse.m2e.core.internal.Bundles - getClasspathEntries(Bundle=org.apache.commons.commons-codec_1.16.0 [78])
2025-07-31 13:35:22,353 [Worker-45: Launching mavenrun-20768612-b43b-440b-be3f-e4033dce3176] INFO  o.eclipse.m2e.core.internal.Bundles - 	Entry: C:\Users\BETU\.p2\pool\plugins\org.apache.commons.commons-codec_1.16.0.jar
2025-07-31 13:35:22,353 [Worker-45: Launching mavenrun-20768612-b43b-440b-be3f-e4033dce3176] INFO  o.eclipse.m2e.core.internal.Bundles - getClasspathEntries(Bundle=com.google.guava.failureaccess_1.0.2 [17])
2025-07-31 13:35:22,353 [Worker-45: Launching mavenrun-20768612-b43b-440b-be3f-e4033dce3176] INFO  o.eclipse.m2e.core.internal.Bundles - 	Entry: C:\Users\BETU\.p2\pool\plugins\com.google.guava.failureaccess_1.0.2.jar
2025-07-31 13:35:22,357 [Worker-45: Launching mavenrun-20768612-b43b-440b-be3f-e4033dce3176] INFO  o.e.m.i.launch.MavenLaunchDelegate - Run build in "C:\Users\BETU\AppData\Local\Temp\m2e-archetypeGenerator16424284775802455852":
2025-07-31 13:35:22,373 [Worker-45: Launching mavenrun-20768612-b43b-440b-be3f-e4033dce3176] INFO  o.e.m.i.launch.MavenLaunchDelegate -  mvn  -DarchetypeGroupId=org.apache.maven.archetypes -DarchetypeArtifactId=maven-archetype-quickstart -DarchetypeVersion=1.1 -DgroupId=com.univ -DartifactId=Spring-Jdbc -Dversion=0.0.1-SNAPSHOT -Dpackage=com.univ -DoutputDirectory=C:\Users\BETU\Desktop\coading\Spring-Core -Dstyle.color=always -U archetype:generate
2025-07-31 13:35:55,628 [Worker-43: Creating maven-archetype-quickstart] INFO  o.e.m.c.i.p.ProjectConfigurationManager - Collecting project info '/pom.xml' C:\Users\BETU\Desktop\coading\Spring-Core\Spring-Jdbc\pom.xml
2025-07-31 13:35:55,709 [Worker-43: Creating maven-archetype-quickstart] INFO  o.e.m.c.i.l.LifecycleMappingFactory - Using org.eclipse.m2e.jdt.JarLifecycleMapping lifecycle mapping for MavenProject: com.univ:Spring-Jdbc:0.0.1-SNAPSHOT @ C:\Users\BETU\Desktop\coading\Spring-Core\Spring-Jdbc\pom.xml.
2025-07-31 13:35:55,965 [Worker-43: Creating maven-archetype-quickstart] INFO  o.e.m.j.i.AbstractJavaProjectConfigurator - Adding source folder /Spring-Jdbc/src/main/java
2025-07-31 13:35:55,966 [Worker-43: Creating maven-archetype-quickstart] INFO  o.e.m.j.i.AbstractJavaProjectConfigurator - Adding resource folder /Spring-Jdbc/src/main/resources
2025-07-31 13:35:55,970 [Worker-43: Creating maven-archetype-quickstart] INFO  o.e.m.j.i.AbstractJavaProjectConfigurator - Adding source folder /Spring-Jdbc/src/test/java
2025-07-31 13:35:55,971 [Worker-43: Creating maven-archetype-quickstart] INFO  o.e.m.j.i.AbstractJavaProjectConfigurator - Adding resource folder /Spring-Jdbc/src/test/resources
2025-07-31 13:35:56,059 [Worker-43: Creating maven-archetype-quickstart] INFO  o.e.m.c.i.p.ProjectConfigurationManager - Imported and configured 1 project(s) in 0 sec
2025-07-31 13:35:56,413 [Worker-40: Building] INFO  o.a.m.s.f.DefaultMavenResourcesFiltering - skip non existing resourceDirectory C:\Users\BETU\Desktop\coading\Spring-Core\Spring-Jdbc\src\main\resources
2025-07-31 13:35:56,415 [Worker-40: Building] INFO  o.a.m.s.f.DefaultMavenResourcesFiltering - skip non existing resourceDirectory C:\Users\BETU\Desktop\coading\Spring-Core\Spring-Jdbc\src\test\resources
2025-07-31 13:39:21,811 [Worker-47: Building] INFO  o.a.m.s.f.DefaultMavenResourcesFiltering - skip non existing resourceDirectory C:\Users\BETU\Desktop\coading\Spring-Core\Spring-Jdbc\src\main\resources
2025-07-31 13:39:21,816 [Worker-47: Building] INFO  o.a.m.s.f.DefaultMavenResourcesFiltering - skip non existing resourceDirectory C:\Users\BETU\Desktop\coading\Spring-Core\Spring-Jdbc\src\test\resources
2025-07-31 13:40:40,102 [Worker-50: Building] INFO  o.a.m.s.f.DefaultMavenResourcesFiltering - skip non existing resourceDirectory C:\Users\BETU\Desktop\coading\Spring-Core\Spring-Jdbc\src\main\resources
2025-07-31 13:40:40,105 [Worker-50: Building] INFO  o.a.m.s.f.DefaultMavenResourcesFiltering - skip non existing resourceDirectory C:\Users\BETU\Desktop\coading\Spring-Core\Spring-Jdbc\src\test\resources
2025-07-31 13:41:32,071 [Worker-51: Building] INFO  o.a.m.s.f.DefaultMavenResourcesFiltering - skip non existing resourceDirectory C:\Users\BETU\Desktop\coading\Spring-Core\Spring-Jdbc\src\main\resources
2025-07-31 13:41:32,077 [Worker-51: Building] INFO  o.a.m.s.f.DefaultMavenResourcesFiltering - skip non existing resourceDirectory C:\Users\BETU\Desktop\coading\Spring-Core\Spring-Jdbc\src\test\resources
2025-07-31 13:41:42,787 [Worker-45: Building] INFO  o.a.m.s.f.DefaultMavenResourcesFiltering - skip non existing resourceDirectory C:\Users\BETU\Desktop\coading\Spring-Core\Spring-core-JDBC\src\main\resources
2025-07-31 13:41:42,788 [Worker-45: Building] INFO  o.a.m.s.f.DefaultMavenResourcesFiltering - skip non existing resourceDirectory C:\Users\BETU\Desktop\coading\Spring-Core\Spring-core-JDBC\src\test\resources
2025-07-31 13:42:18,651 [Worker-50: Building] INFO  o.a.m.s.f.DefaultMavenResourcesFiltering - skip non existing resourceDirectory C:\Users\BETU\Desktop\coading\Spring-Core\Spring-Jdbc\src\main\resources
2025-07-31 13:42:18,655 [Worker-50: Building] INFO  o.a.m.s.f.DefaultMavenResourcesFiltering - skip non existing resourceDirectory C:\Users\BETU\Desktop\coading\Spring-Core\Spring-Jdbc\src\test\resources
2025-07-31 13:42:48,411 [Worker-47: Building] INFO  o.a.m.s.f.DefaultMavenResourcesFiltering - skip non existing resourceDirectory C:\Users\BETU\Desktop\coading\Spring-Core\Spring-Jdbc\src\main\resources
2025-07-31 13:42:48,413 [Worker-47: Building] INFO  o.a.m.s.f.DefaultMavenResourcesFiltering - skip non existing resourceDirectory C:\Users\BETU\Desktop\coading\Spring-Core\Spring-Jdbc\src\test\resources
2025-07-31 13:43:08,825 [Worker-52: Building] INFO  o.a.m.s.f.DefaultMavenResourcesFiltering - skip non existing resourceDirectory C:\Users\BETU\Desktop\coading\Spring-Core\Spring-Jdbc\src\main\resources
2025-07-31 13:43:08,829 [Worker-52: Building] INFO  o.a.m.s.f.DefaultMavenResourcesFiltering - skip non existing resourceDirectory C:\Users\BETU\Desktop\coading\Spring-Core\Spring-Jdbc\src\test\resources
2025-07-31 13:50:35,368 [Worker-52: Building] INFO  o.a.m.s.f.DefaultMavenResourcesFiltering - skip non existing resourceDirectory C:\Users\BETU\Desktop\coading\Spring-Core\Spring-core-JDBC\src\main\resources
2025-07-31 13:50:35,371 [Worker-52: Building] INFO  o.a.m.s.f.DefaultMavenResourcesFiltering - skip non existing resourceDirectory C:\Users\BETU\Desktop\coading\Spring-Core\Spring-core-JDBC\src\test\resources
2025-07-31 13:53:52,227 [Worker-50: Building] INFO  o.a.m.s.f.DefaultMavenResourcesFiltering - skip non existing resourceDirectory C:\Users\BETU\Desktop\coading\Spring-Core\Spring-Jdbc\src\main\resources
2025-07-31 13:53:52,229 [Worker-50: Building] INFO  o.a.m.s.f.DefaultMavenResourcesFiltering - skip non existing resourceDirectory C:\Users\BETU\Desktop\coading\Spring-Core\Spring-Jdbc\src\test\resources
2025-07-31 13:58:25,824 [Worker-58: Building] INFO  o.a.m.s.f.DefaultMavenResourcesFiltering - skip non existing resourceDirectory C:\Users\BETU\Desktop\coading\Spring-Core\Spring-Jdbc\src\main\resources
2025-07-31 13:58:25,826 [Worker-58: Building] INFO  o.a.m.s.f.DefaultMavenResourcesFiltering - skip non existing resourceDirectory C:\Users\BETU\Desktop\coading\Spring-Core\Spring-Jdbc\src\test\resources
2025-07-31 13:58:46,448 [Worker-56: Building] INFO  o.a.m.s.f.DefaultMavenResourcesFiltering - skip non existing resourceDirectory C:\Users\BETU\Desktop\coading\Spring-Core\Spring-Jdbc\src\main\resources
2025-07-31 13:58:46,453 [Worker-56: Building] INFO  o.a.m.s.f.DefaultMavenResourcesFiltering - skip non existing resourceDirectory C:\Users\BETU\Desktop\coading\Spring-Core\Spring-Jdbc\src\test\resources
2025-07-31 15:19:04,836 [Worker-67: Building] INFO  o.a.m.s.f.DefaultMavenResourcesFiltering - skip non existing resourceDirectory C:\Users\BETU\Desktop\coading\Spring-Core\Spring-Jdbc\src\main\resources
2025-07-31 15:19:04,842 [Worker-67: Building] INFO  o.a.m.s.f.DefaultMavenResourcesFiltering - skip non existing resourceDirectory C:\Users\BETU\Desktop\coading\Spring-Core\Spring-Jdbc\src\test\resources
2025-07-31 15:24:50,507 [Worker-70: Building] INFO  o.e.m.c.i.l.LifecycleMappingFactory - Using org.eclipse.m2e.jdt.JarLifecycleMapping lifecycle mapping for MavenProject: com.univ:Spring-Jdbc:0.0.1-SNAPSHOT @ C:\Users\BETU\Desktop\coading\Spring-Core\Spring-Jdbc\pom.xml.
2025-07-31 15:24:51,474 [Worker-70: Building] INFO  o.a.m.s.f.DefaultMavenResourcesFiltering - skip non existing resourceDirectory C:\Users\BETU\Desktop\coading\Spring-Core\Spring-Jdbc\src\main\resources
2025-07-31 15:24:51,480 [Worker-70: Building] INFO  o.a.m.s.f.DefaultMavenResourcesFiltering - skip non existing resourceDirectory C:\Users\BETU\Desktop\coading\Spring-Core\Spring-Jdbc\src\test\resources
2025-07-31 15:24:52,702 [Worker-71: Building] INFO  o.a.m.s.f.DefaultMavenResourcesFiltering - skip non existing resourceDirectory C:\Users\BETU\Desktop\coading\Spring-Core\Spring-Jdbc\src\main\resources
2025-07-31 15:24:52,704 [Worker-71: Building] INFO  o.a.m.s.f.DefaultMavenResourcesFiltering - skip non existing resourceDirectory C:\Users\BETU\Desktop\coading\Spring-Core\Spring-Jdbc\src\test\resources
2025-07-31 15:25:14,678 [Worker-71: Building] INFO  o.a.m.s.f.DefaultMavenResourcesFiltering - skip non existing resourceDirectory C:\Users\BETU\Desktop\coading\Spring-Core\Spring-Jdbc\src\main\resources
2025-07-31 15:25:14,681 [Worker-71: Building] INFO  o.a.m.s.f.DefaultMavenResourcesFiltering - skip non existing resourceDirectory C:\Users\BETU\Desktop\coading\Spring-Core\Spring-Jdbc\src\test\resources
2025-07-31 15:37:39,679 [Worker-67: Building] INFO  o.a.m.s.f.DefaultMavenResourcesFiltering - skip non existing resourceDirectory C:\Users\BETU\Desktop\coading\Spring-Core\Spring-Jdbc\src\main\resources
2025-07-31 15:37:39,681 [Worker-67: Building] INFO  o.a.m.s.f.DefaultMavenResourcesFiltering - skip non existing resourceDirectory C:\Users\BETU\Desktop\coading\Spring-Core\Spring-Jdbc\src\test\resources
2025-07-31 16:04:47,080 [Worker-76: Building] INFO  o.a.m.s.f.DefaultMavenResourcesFiltering - skip non existing resourceDirectory C:\Users\BETU\Desktop\coading\Spring-Core\Spring-core-JDBC\src\main\resources
2025-07-31 16:04:47,082 [Worker-76: Building] INFO  o.a.m.s.f.DefaultMavenResourcesFiltering - skip non existing resourceDirectory C:\Users\BETU\Desktop\coading\Spring-Core\Spring-core-JDBC\src\test\resources
2025-07-31 16:05:52,781 [Worker-79: Building] INFO  o.a.m.s.f.DefaultMavenResourcesFiltering - skip non existing resourceDirectory C:\Users\BETU\Desktop\coading\Spring-Core\Spring-core-JDBC\src\main\resources
2025-07-31 16:05:52,785 [Worker-79: Building] INFO  o.a.m.s.f.DefaultMavenResourcesFiltering - skip non existing resourceDirectory C:\Users\BETU\Desktop\coading\Spring-Core\Spring-core-JDBC\src\test\resources
2025-07-31 16:20:04,100 [Worker-80: Building] INFO  o.a.m.s.f.DefaultMavenResourcesFiltering - skip non existing resourceDirectory C:\Users\BETU\Desktop\coading\Spring-Core\Spring-core-JDBC\src\main\resources
2025-07-31 16:20:04,102 [Worker-80: Building] INFO  o.a.m.s.f.DefaultMavenResourcesFiltering - skip non existing resourceDirectory C:\Users\BETU\Desktop\coading\Spring-Core\Spring-core-JDBC\src\test\resources
2025-07-31 16:21:39,183 [Start Help Server] INFO  org.eclipse.jetty.server.Server - jetty-12.0.15; built: 2024-11-05T19:44:57.623Z; git: 8281ae9740d4b4225e8166cc476bad237c70213a; jvm 23.0.2+7-58
2025-07-31 16:21:39,284 [Start Help Server] INFO  o.e.j.server.handler.ContextHandler - Started oeje8n.ContextHandler$CoreContextHandler@2ab983ad{/help,/help,b=null,a=AVAILABLE,h=oeje8n.ContextHandler$CoreContextHandler$CoreToNestedHandler@58ba6302{STARTED}}
2025-07-31 16:21:39,286 [Start Help Server] INFO  o.e.j.s.DefaultSessionIdManager - Session workerName=node0
2025-07-31 16:21:39,330 [Start Help Server] INFO  o.e.jetty.server.AbstractConnector - Started ServerConnector@7ce5a52f{HTTP/1.1, (http/1.1)}{127.0.0.1:50474}
2025-07-31 16:21:39,369 [Start Help Server] INFO  org.eclipse.jetty.server.Server - Started oejs.Server@440ce11{STARTING}[12.0.15,sto=0] @18622153ms
2025-07-31 16:22:51,107 [Worker-84: Building] INFO  o.a.m.s.f.DefaultMavenResourcesFiltering - skip non existing resourceDirectory C:\Users\BETU\Desktop\coading\Spring-Core\Spring-core-JDBC\src\main\resources
2025-07-31 16:22:51,108 [Worker-84: Building] INFO  o.a.m.s.f.DefaultMavenResourcesFiltering - skip non existing resourceDirectory C:\Users\BETU\Desktop\coading\Spring-Core\Spring-core-JDBC\src\test\resources
2025-07-31 16:24:14,269 [Worker-87: Building] INFO  o.a.m.s.f.DefaultMavenResourcesFiltering - skip non existing resourceDirectory C:\Users\BETU\Desktop\coading\Spring-Core\Spring-core-JDBC\src\main\resources
2025-07-31 16:24:14,275 [Worker-87: Building] INFO  o.a.m.s.f.DefaultMavenResourcesFiltering - skip non existing resourceDirectory C:\Users\BETU\Desktop\coading\Spring-Core\Spring-core-JDBC\src\test\resources
2025-07-31 16:27:24,540 [Worker-82: Building] INFO  o.a.m.s.f.DefaultMavenResourcesFiltering - skip non existing resourceDirectory C:\Users\BETU\Desktop\coading\Spring-Core\Spring-core-JDBC\src\main\resources
2025-07-31 16:27:24,542 [Worker-82: Building] INFO  o.a.m.s.f.DefaultMavenResourcesFiltering - skip non existing resourceDirectory C:\Users\BETU\Desktop\coading\Spring-Core\Spring-core-JDBC\src\test\resources
2025-07-31 16:28:19,738 [Worker-80: Building] INFO  o.a.m.s.f.DefaultMavenResourcesFiltering - skip non existing resourceDirectory C:\Users\BETU\Desktop\coading\Spring-Core\Spring-core-JDBC\src\main\resources
2025-07-31 16:28:19,740 [Worker-80: Building] INFO  o.a.m.s.f.DefaultMavenResourcesFiltering - skip non existing resourceDirectory C:\Users\BETU\Desktop\coading\Spring-Core\Spring-core-JDBC\src\test\resources
2025-07-31 16:29:03,445 [Worker-80: Building] INFO  o.a.m.s.f.DefaultMavenResourcesFiltering - skip non existing resourceDirectory C:\Users\BETU\Desktop\coading\Spring-Core\Spring-core-JDBC\src\main\resources
2025-07-31 16:29:03,446 [Worker-80: Building] INFO  o.a.m.s.f.DefaultMavenResourcesFiltering - skip non existing resourceDirectory C:\Users\BETU\Desktop\coading\Spring-Core\Spring-core-JDBC\src\test\resources
2025-08-01 06:58:08,286 [Worker-98: Building] INFO  o.a.m.s.f.DefaultMavenResourcesFiltering - skip non existing resourceDirectory C:\Users\BETU\Desktop\coading\Spring-Core\Spring-core-JDBC\src\main\resources
2025-08-01 06:58:08,294 [Worker-98: Building] INFO  o.a.m.s.f.DefaultMavenResourcesFiltering - skip non existing resourceDirectory C:\Users\BETU\Desktop\coading\Spring-Core\Spring-core-JDBC\src\test\resources
2025-08-01 06:58:15,210 [Stop Help Server] INFO  org.eclipse.jetty.server.Server - Stopped oejs.Server@440ce11{STOPPING}[12.0.15,sto=0]
2025-08-01 06:58:15,221 [Stop Help Server] INFO  o.e.jetty.server.AbstractConnector - Stopped ServerConnector@7ce5a52f{HTTP/1.1, (http/1.1)}{127.0.0.1:0}
2025-08-01 10:51:24,318 [Worker-2: Loading available Gradle versions] INFO  o.e.b.c.i.u.g.PublishedGradleVersions - Gradle version information cache is out-of-date. Trying to update.
2025-08-01 10:51:46,928 [Worker-2: Loading available Gradle versions] INFO  o.e.b.c.i.u.g.PublishedGradleVersions - Updating Gradle version information cache failed. Using outdated cache.
2025-08-01 11:18:27,636 [Worker-27: Building] INFO  o.a.m.s.f.DefaultMavenResourcesFiltering - skip non existing resourceDirectory C:\Users\BETU\Desktop\coading\Spring-Core\Spring-core-JDBC\src\main\resources
2025-08-01 11:18:27,641 [Worker-27: Building] INFO  o.a.m.s.f.DefaultMavenResourcesFiltering - skip non existing resourceDirectory C:\Users\BETU\Desktop\coading\Spring-Core\Spring-core-JDBC\src\test\resources
2025-08-01 11:22:31,117 [Worker-30: Building] INFO  o.a.m.s.f.DefaultMavenResourcesFiltering - skip non existing resourceDirectory C:\Users\BETU\Desktop\coading\Spring-Core\Spring-core-JDBC\src\main\resources
2025-08-01 11:22:31,119 [Worker-30: Building] INFO  o.a.m.s.f.DefaultMavenResourcesFiltering - skip non existing resourceDirectory C:\Users\BETU\Desktop\coading\Spring-Core\Spring-core-JDBC\src\test\resources
2025-08-01 11:26:01,671 [Worker-34: Building] INFO  o.a.m.s.f.DefaultMavenResourcesFiltering - skip non existing resourceDirectory C:\Users\BETU\Desktop\coading\Spring-Core\Spring-core-JDBC\src\main\resources
2025-08-01 11:26:01,673 [Worker-34: Building] INFO  o.a.m.s.f.DefaultMavenResourcesFiltering - skip non existing resourceDirectory C:\Users\BETU\Desktop\coading\Spring-Core\Spring-core-JDBC\src\test\resources
2025-08-01 11:26:28,755 [Worker-28: Building] INFO  o.a.m.s.f.DefaultMavenResourcesFiltering - skip non existing resourceDirectory C:\Users\BETU\Desktop\coading\Spring-Core\Spring-core-JDBC\src\main\resources
2025-08-01 11:26:28,758 [Worker-28: Building] INFO  o.a.m.s.f.DefaultMavenResourcesFiltering - skip non existing resourceDirectory C:\Users\BETU\Desktop\coading\Spring-Core\Spring-core-JDBC\src\test\resources
2025-08-01 11:28:14,161 [Worker-28: Building] INFO  o.a.m.s.f.DefaultMavenResourcesFiltering - skip non existing resourceDirectory C:\Users\BETU\Desktop\coading\Spring-Core\Spring-core-JDBC\src\main\resources
2025-08-01 11:28:14,164 [Worker-28: Building] INFO  o.a.m.s.f.DefaultMavenResourcesFiltering - skip non existing resourceDirectory C:\Users\BETU\Desktop\coading\Spring-Core\Spring-core-JDBC\src\test\resources
2025-08-01 11:28:53,922 [Worker-34: Launching mavenrun-ccd74100-16fc-44c9-b9f5-c148bc1eb52b] INFO  o.eclipse.m2e.core.internal.Bundles - getClasspathEntries(Bundle=org.eclipse.m2e.maven.runtime_3.9.900.20240824-1409 [638])
2025-08-01 11:28:53,925 [Worker-34: Launching mavenrun-ccd74100-16fc-44c9-b9f5-c148bc1eb52b] INFO  o.eclipse.m2e.core.internal.Bundles - 	Entry: C:\Users\BETU\.p2\pool\plugins\org.eclipse.m2e.maven.runtime_3.9.900.20240824-1409
2025-08-01 11:28:53,926 [Worker-34: Launching mavenrun-ccd74100-16fc-44c9-b9f5-c148bc1eb52b] INFO  o.eclipse.m2e.core.internal.Bundles - 	Entry: C:\Users\BETU\.p2\pool\plugins\org.eclipse.m2e.maven.runtime_3.9.900.20240824-1409\jars\aopalliance-1.0.jar
2025-08-01 11:28:53,926 [Worker-34: Launching mavenrun-ccd74100-16fc-44c9-b9f5-c148bc1eb52b] INFO  o.eclipse.m2e.core.internal.Bundles - 	Entry: C:\Users\BETU\.p2\pool\plugins\org.eclipse.m2e.maven.runtime_3.9.900.20240824-1409\jars\guice-5.1.0.jar
2025-08-01 11:28:53,926 [Worker-34: Launching mavenrun-ccd74100-16fc-44c9-b9f5-c148bc1eb52b] INFO  o.eclipse.m2e.core.internal.Bundles - 	Entry: C:\Users\BETU\.p2\pool\plugins\org.eclipse.m2e.maven.runtime_3.9.900.20240824-1409\jars\httpclient-4.5.14.jar
2025-08-01 11:28:53,926 [Worker-34: Launching mavenrun-ccd74100-16fc-44c9-b9f5-c148bc1eb52b] INFO  o.eclipse.m2e.core.internal.Bundles - 	Entry: C:\Users\BETU\.p2\pool\plugins\org.eclipse.m2e.maven.runtime_3.9.900.20240824-1409\jars\httpcore-4.4.16.jar
2025-08-01 11:28:53,926 [Worker-34: Launching mavenrun-ccd74100-16fc-44c9-b9f5-c148bc1eb52b] INFO  o.eclipse.m2e.core.internal.Bundles - 	Entry: C:\Users\BETU\.p2\pool\plugins\org.eclipse.m2e.maven.runtime_3.9.900.20240824-1409\jars\jansi-2.4.1.jar
2025-08-01 11:28:53,927 [Worker-34: Launching mavenrun-ccd74100-16fc-44c9-b9f5-c148bc1eb52b] INFO  o.eclipse.m2e.core.internal.Bundles - 	Entry: C:\Users\BETU\.p2\pool\plugins\org.eclipse.m2e.maven.runtime_3.9.900.20240824-1409\jars\jcl-over-slf4j-1.7.36.jar
2025-08-01 11:28:53,927 [Worker-34: Launching mavenrun-ccd74100-16fc-44c9-b9f5-c148bc1eb52b] INFO  o.eclipse.m2e.core.internal.Bundles - 	Entry: C:\Users\BETU\.p2\pool\plugins\org.eclipse.m2e.maven.runtime_3.9.900.20240824-1409\jars\maven-artifact-3.9.9.jar
2025-08-01 11:28:53,927 [Worker-34: Launching mavenrun-ccd74100-16fc-44c9-b9f5-c148bc1eb52b] INFO  o.eclipse.m2e.core.internal.Bundles - 	Entry: C:\Users\BETU\.p2\pool\plugins\org.eclipse.m2e.maven.runtime_3.9.900.20240824-1409\jars\maven-builder-support-3.9.9.jar
2025-08-01 11:28:53,927 [Worker-34: Launching mavenrun-ccd74100-16fc-44c9-b9f5-c148bc1eb52b] INFO  o.eclipse.m2e.core.internal.Bundles - 	Entry: C:\Users\BETU\.p2\pool\plugins\org.eclipse.m2e.maven.runtime_3.9.900.20240824-1409\jars\maven-compat-3.9.9.jar
2025-08-01 11:28:53,927 [Worker-34: Launching mavenrun-ccd74100-16fc-44c9-b9f5-c148bc1eb52b] INFO  o.eclipse.m2e.core.internal.Bundles - 	Entry: C:\Users\BETU\.p2\pool\plugins\org.eclipse.m2e.maven.runtime_3.9.900.20240824-1409\jars\maven-core-3.9.9.jar
2025-08-01 11:28:53,927 [Worker-34: Launching mavenrun-ccd74100-16fc-44c9-b9f5-c148bc1eb52b] INFO  o.eclipse.m2e.core.internal.Bundles - 	Entry: C:\Users\BETU\.p2\pool\plugins\org.eclipse.m2e.maven.runtime_3.9.900.20240824-1409\jars\maven-embedder-3.9.9.jar
2025-08-01 11:28:53,927 [Worker-34: Launching mavenrun-ccd74100-16fc-44c9-b9f5-c148bc1eb52b] INFO  o.eclipse.m2e.core.internal.Bundles - 	Entry: C:\Users\BETU\.p2\pool\plugins\org.eclipse.m2e.maven.runtime_3.9.900.20240824-1409\jars\maven-model-3.9.9.jar
2025-08-01 11:28:53,927 [Worker-34: Launching mavenrun-ccd74100-16fc-44c9-b9f5-c148bc1eb52b] INFO  o.eclipse.m2e.core.internal.Bundles - 	Entry: C:\Users\BETU\.p2\pool\plugins\org.eclipse.m2e.maven.runtime_3.9.900.20240824-1409\jars\maven-model-builder-3.9.9.jar
2025-08-01 11:28:53,927 [Worker-34: Launching mavenrun-ccd74100-16fc-44c9-b9f5-c148bc1eb52b] INFO  o.eclipse.m2e.core.internal.Bundles - 	Entry: C:\Users\BETU\.p2\pool\plugins\org.eclipse.m2e.maven.runtime_3.9.900.20240824-1409\jars\maven-plugin-api-3.9.9.jar
2025-08-01 11:28:53,927 [Worker-34: Launching mavenrun-ccd74100-16fc-44c9-b9f5-c148bc1eb52b] INFO  o.eclipse.m2e.core.internal.Bundles - 	Entry: C:\Users\BETU\.p2\pool\plugins\org.eclipse.m2e.maven.runtime_3.9.900.20240824-1409\jars\maven-repository-metadata-3.9.9.jar
2025-08-01 11:28:53,928 [Worker-34: Launching mavenrun-ccd74100-16fc-44c9-b9f5-c148bc1eb52b] INFO  o.eclipse.m2e.core.internal.Bundles - 	Entry: C:\Users\BETU\.p2\pool\plugins\org.eclipse.m2e.maven.runtime_3.9.900.20240824-1409\jars\maven-resolver-api-1.9.22.jar
2025-08-01 11:28:53,928 [Worker-34: Launching mavenrun-ccd74100-16fc-44c9-b9f5-c148bc1eb52b] INFO  o.eclipse.m2e.core.internal.Bundles - 	Entry: C:\Users\BETU\.p2\pool\plugins\org.eclipse.m2e.maven.runtime_3.9.900.20240824-1409\jars\maven-resolver-connector-basic-1.9.22.jar
2025-08-01 11:28:53,928 [Worker-34: Launching mavenrun-ccd74100-16fc-44c9-b9f5-c148bc1eb52b] INFO  o.eclipse.m2e.core.internal.Bundles - 	Entry: C:\Users\BETU\.p2\pool\plugins\org.eclipse.m2e.maven.runtime_3.9.900.20240824-1409\jars\maven-resolver-impl-1.9.22.jar
2025-08-01 11:28:53,928 [Worker-34: Launching mavenrun-ccd74100-16fc-44c9-b9f5-c148bc1eb52b] INFO  o.eclipse.m2e.core.internal.Bundles - 	Entry: C:\Users\BETU\.p2\pool\plugins\org.eclipse.m2e.maven.runtime_3.9.900.20240824-1409\jars\maven-resolver-named-locks-1.9.22.jar
2025-08-01 11:28:53,928 [Worker-34: Launching mavenrun-ccd74100-16fc-44c9-b9f5-c148bc1eb52b] INFO  o.eclipse.m2e.core.internal.Bundles - 	Entry: C:\Users\BETU\.p2\pool\plugins\org.eclipse.m2e.maven.runtime_3.9.900.20240824-1409\jars\maven-resolver-provider-3.9.9.jar
2025-08-01 11:28:53,928 [Worker-34: Launching mavenrun-ccd74100-16fc-44c9-b9f5-c148bc1eb52b] INFO  o.eclipse.m2e.core.internal.Bundles - 	Entry: C:\Users\BETU\.p2\pool\plugins\org.eclipse.m2e.maven.runtime_3.9.900.20240824-1409\jars\maven-resolver-spi-1.9.22.jar
2025-08-01 11:28:53,928 [Worker-34: Launching mavenrun-ccd74100-16fc-44c9-b9f5-c148bc1eb52b] INFO  o.eclipse.m2e.core.internal.Bundles - 	Entry: C:\Users\BETU\.p2\pool\plugins\org.eclipse.m2e.maven.runtime_3.9.900.20240824-1409\jars\maven-resolver-transport-file-1.9.22.jar
2025-08-01 11:28:53,928 [Worker-34: Launching mavenrun-ccd74100-16fc-44c9-b9f5-c148bc1eb52b] INFO  o.eclipse.m2e.core.internal.Bundles - 	Entry: C:\Users\BETU\.p2\pool\plugins\org.eclipse.m2e.maven.runtime_3.9.900.20240824-1409\jars\maven-resolver-transport-http-1.9.22.jar
2025-08-01 11:28:53,928 [Worker-34: Launching mavenrun-ccd74100-16fc-44c9-b9f5-c148bc1eb52b] INFO  o.eclipse.m2e.core.internal.Bundles - 	Entry: C:\Users\BETU\.p2\pool\plugins\org.eclipse.m2e.maven.runtime_3.9.900.20240824-1409\jars\maven-resolver-transport-wagon-1.9.22.jar
2025-08-01 11:28:53,928 [Worker-34: Launching mavenrun-ccd74100-16fc-44c9-b9f5-c148bc1eb52b] INFO  o.eclipse.m2e.core.internal.Bundles - 	Entry: C:\Users\BETU\.p2\pool\plugins\org.eclipse.m2e.maven.runtime_3.9.900.20240824-1409\jars\maven-resolver-util-1.9.22.jar
2025-08-01 11:28:53,928 [Worker-34: Launching mavenrun-ccd74100-16fc-44c9-b9f5-c148bc1eb52b] INFO  o.eclipse.m2e.core.internal.Bundles - 	Entry: C:\Users\BETU\.p2\pool\plugins\org.eclipse.m2e.maven.runtime_3.9.900.20240824-1409\jars\maven-settings-3.9.9.jar
2025-08-01 11:28:53,928 [Worker-34: Launching mavenrun-ccd74100-16fc-44c9-b9f5-c148bc1eb52b] INFO  o.eclipse.m2e.core.internal.Bundles - 	Entry: C:\Users\BETU\.p2\pool\plugins\org.eclipse.m2e.maven.runtime_3.9.900.20240824-1409\jars\maven-settings-builder-3.9.9.jar
2025-08-01 11:28:53,928 [Worker-34: Launching mavenrun-ccd74100-16fc-44c9-b9f5-c148bc1eb52b] INFO  o.eclipse.m2e.core.internal.Bundles - 	Entry: C:\Users\BETU\.p2\pool\plugins\org.eclipse.m2e.maven.runtime_3.9.900.20240824-1409\jars\maven-shared-utils-3.4.2.jar
2025-08-01 11:28:53,928 [Worker-34: Launching mavenrun-ccd74100-16fc-44c9-b9f5-c148bc1eb52b] INFO  o.eclipse.m2e.core.internal.Bundles - 	Entry: C:\Users\BETU\.p2\pool\plugins\org.eclipse.m2e.maven.runtime_3.9.900.20240824-1409\jars\org.eclipse.sisu.inject-0.9.0.M3.jar
2025-08-01 11:28:53,928 [Worker-34: Launching mavenrun-ccd74100-16fc-44c9-b9f5-c148bc1eb52b] INFO  o.eclipse.m2e.core.internal.Bundles - 	Entry: C:\Users\BETU\.p2\pool\plugins\org.eclipse.m2e.maven.runtime_3.9.900.20240824-1409\jars\org.eclipse.sisu.plexus-0.9.0.M3.jar
2025-08-01 11:28:53,928 [Worker-34: Launching mavenrun-ccd74100-16fc-44c9-b9f5-c148bc1eb52b] INFO  o.eclipse.m2e.core.internal.Bundles - 	Entry: C:\Users\BETU\.p2\pool\plugins\org.eclipse.m2e.maven.runtime_3.9.900.20240824-1409\jars\plexus-build-api-0.0.7.jar
2025-08-01 11:28:53,929 [Worker-34: Launching mavenrun-ccd74100-16fc-44c9-b9f5-c148bc1eb52b] INFO  o.eclipse.m2e.core.internal.Bundles - 	Entry: C:\Users\BETU\.p2\pool\plugins\org.eclipse.m2e.maven.runtime_3.9.900.20240824-1409\jars\plexus-build-api-1.2.0.jar
2025-08-01 11:28:53,929 [Worker-34: Launching mavenrun-ccd74100-16fc-44c9-b9f5-c148bc1eb52b] INFO  o.eclipse.m2e.core.internal.Bundles - 	Entry: C:\Users\BETU\.p2\pool\plugins\org.eclipse.m2e.maven.runtime_3.9.900.20240824-1409\jars\plexus-cipher-2.0.jar
2025-08-01 11:28:53,929 [Worker-34: Launching mavenrun-ccd74100-16fc-44c9-b9f5-c148bc1eb52b] INFO  o.eclipse.m2e.core.internal.Bundles - 	Entry: C:\Users\BETU\.p2\pool\plugins\org.eclipse.m2e.maven.runtime_3.9.900.20240824-1409\jars\plexus-classworlds-2.8.0.jar
2025-08-01 11:28:53,929 [Worker-34: Launching mavenrun-ccd74100-16fc-44c9-b9f5-c148bc1eb52b] INFO  o.eclipse.m2e.core.internal.Bundles - 	Entry: C:\Users\BETU\.p2\pool\plugins\org.eclipse.m2e.maven.runtime_3.9.900.20240824-1409\jars\plexus-component-annotations-2.1.0.jar
2025-08-01 11:28:53,929 [Worker-34: Launching mavenrun-ccd74100-16fc-44c9-b9f5-c148bc1eb52b] INFO  o.eclipse.m2e.core.internal.Bundles - 	Entry: C:\Users\BETU\.p2\pool\plugins\org.eclipse.m2e.maven.runtime_3.9.900.20240824-1409\jars\plexus-interpolation-1.27.jar
2025-08-01 11:28:53,929 [Worker-34: Launching mavenrun-ccd74100-16fc-44c9-b9f5-c148bc1eb52b] INFO  o.eclipse.m2e.core.internal.Bundles - 	Entry: C:\Users\BETU\.p2\pool\plugins\org.eclipse.m2e.maven.runtime_3.9.900.20240824-1409\jars\plexus-sec-dispatcher-2.0.jar
2025-08-01 11:28:53,929 [Worker-34: Launching mavenrun-ccd74100-16fc-44c9-b9f5-c148bc1eb52b] INFO  o.eclipse.m2e.core.internal.Bundles - 	Entry: C:\Users\BETU\.p2\pool\plugins\org.eclipse.m2e.maven.runtime_3.9.900.20240824-1409\jars\plexus-utils-3.5.1.jar
2025-08-01 11:28:53,929 [Worker-34: Launching mavenrun-ccd74100-16fc-44c9-b9f5-c148bc1eb52b] INFO  o.eclipse.m2e.core.internal.Bundles - 	Entry: C:\Users\BETU\.p2\pool\plugins\org.eclipse.m2e.maven.runtime_3.9.900.20240824-1409\jars\plexus-xml-3.0.1.jar
2025-08-01 11:28:53,929 [Worker-34: Launching mavenrun-ccd74100-16fc-44c9-b9f5-c148bc1eb52b] INFO  o.eclipse.m2e.core.internal.Bundles - 	Entry: C:\Users\BETU\.p2\pool\plugins\org.eclipse.m2e.maven.runtime_3.9.900.20240824-1409\jars\wagon-file-3.5.3.jar
2025-08-01 11:28:53,929 [Worker-34: Launching mavenrun-ccd74100-16fc-44c9-b9f5-c148bc1eb52b] INFO  o.eclipse.m2e.core.internal.Bundles - 	Entry: C:\Users\BETU\.p2\pool\plugins\org.eclipse.m2e.maven.runtime_3.9.900.20240824-1409\jars\wagon-http-3.5.3.jar
2025-08-01 11:28:53,929 [Worker-34: Launching mavenrun-ccd74100-16fc-44c9-b9f5-c148bc1eb52b] INFO  o.eclipse.m2e.core.internal.Bundles - 	Entry: C:\Users\BETU\.p2\pool\plugins\org.eclipse.m2e.maven.runtime_3.9.900.20240824-1409\jars\wagon-http-shared-3.5.3.jar
2025-08-01 11:28:53,929 [Worker-34: Launching mavenrun-ccd74100-16fc-44c9-b9f5-c148bc1eb52b] INFO  o.eclipse.m2e.core.internal.Bundles - 	Entry: C:\Users\BETU\.p2\pool\plugins\org.eclipse.m2e.maven.runtime_3.9.900.20240824-1409\jars\wagon-provider-api-3.5.3.jar
2025-08-01 11:28:53,930 [Worker-34: Launching mavenrun-ccd74100-16fc-44c9-b9f5-c148bc1eb52b] INFO  o.eclipse.m2e.core.internal.Bundles - getClasspathEntries(Bundle=com.google.guava_33.3.1.jre [16])
2025-08-01 11:28:53,931 [Worker-34: Launching mavenrun-ccd74100-16fc-44c9-b9f5-c148bc1eb52b] INFO  o.eclipse.m2e.core.internal.Bundles - 	Entry: C:\Users\BETU\.p2\pool\plugins\com.google.guava_33.3.1.jre.jar
2025-08-01 11:28:53,931 [Worker-34: Launching mavenrun-ccd74100-16fc-44c9-b9f5-c148bc1eb52b] INFO  o.eclipse.m2e.core.internal.Bundles - getClasspathEntries(Bundle=slf4j.api_2.0.16 [1005])
2025-08-01 11:28:53,931 [Worker-34: Launching mavenrun-ccd74100-16fc-44c9-b9f5-c148bc1eb52b] INFO  o.eclipse.m2e.core.internal.Bundles - 	Entry: C:\Users\BETU\.p2\pool\plugins\slf4j.api_2.0.16.jar
2025-08-01 11:28:53,931 [Worker-34: Launching mavenrun-ccd74100-16fc-44c9-b9f5-c148bc1eb52b] INFO  o.eclipse.m2e.core.internal.Bundles - getClasspathEntries(Bundle=jakarta.inject.jakarta.inject-api_1.0.5 [34])
2025-08-01 11:28:53,931 [Worker-34: Launching mavenrun-ccd74100-16fc-44c9-b9f5-c148bc1eb52b] INFO  o.eclipse.m2e.core.internal.Bundles - 	Entry: C:\Users\BETU\.p2\pool\plugins\jakarta.inject.jakarta.inject-api_1.0.5.jar
2025-08-01 11:28:53,931 [Worker-34: Launching mavenrun-ccd74100-16fc-44c9-b9f5-c148bc1eb52b] INFO  o.eclipse.m2e.core.internal.Bundles - getClasspathEntries(Bundle=jakarta.annotation-api_1.3.5 [29])
2025-08-01 11:28:53,932 [Worker-34: Launching mavenrun-ccd74100-16fc-44c9-b9f5-c148bc1eb52b] INFO  o.eclipse.m2e.core.internal.Bundles - 	Entry: C:\Users\BETU\.p2\pool\plugins\jakarta.annotation-api_1.3.5.jar
2025-08-01 11:28:53,932 [Worker-34: Launching mavenrun-ccd74100-16fc-44c9-b9f5-c148bc1eb52b] INFO  o.eclipse.m2e.core.internal.Bundles - getClasspathEntries(Bundle=org.apache.commons.cli_1.9.0 [75])
2025-08-01 11:28:53,932 [Worker-34: Launching mavenrun-ccd74100-16fc-44c9-b9f5-c148bc1eb52b] INFO  o.eclipse.m2e.core.internal.Bundles - 	Entry: C:\Users\BETU\.p2\pool\plugins\org.apache.commons.cli_1.9.0.jar
2025-08-01 11:28:53,932 [Worker-34: Launching mavenrun-ccd74100-16fc-44c9-b9f5-c148bc1eb52b] INFO  o.eclipse.m2e.core.internal.Bundles - getClasspathEntries(Bundle=org.apache.commons.commons-codec_1.16.0 [78])
2025-08-01 11:28:53,933 [Worker-34: Launching mavenrun-ccd74100-16fc-44c9-b9f5-c148bc1eb52b] INFO  o.eclipse.m2e.core.internal.Bundles - 	Entry: C:\Users\BETU\.p2\pool\plugins\org.apache.commons.commons-codec_1.16.0.jar
2025-08-01 11:28:53,933 [Worker-34: Launching mavenrun-ccd74100-16fc-44c9-b9f5-c148bc1eb52b] INFO  o.eclipse.m2e.core.internal.Bundles - getClasspathEntries(Bundle=com.google.guava.failureaccess_1.0.2 [17])
2025-08-01 11:28:53,934 [Worker-34: Launching mavenrun-ccd74100-16fc-44c9-b9f5-c148bc1eb52b] INFO  o.eclipse.m2e.core.internal.Bundles - 	Entry: C:\Users\BETU\.p2\pool\plugins\com.google.guava.failureaccess_1.0.2.jar
2025-08-01 11:28:53,938 [Worker-34: Launching mavenrun-ccd74100-16fc-44c9-b9f5-c148bc1eb52b] INFO  o.e.m.i.launch.MavenLaunchDelegate - Run build in "C:\Users\BETU\AppData\Local\Temp\m2e-archetypeGenerator12177314034749744630":
2025-08-01 11:28:53,939 [Worker-34: Launching mavenrun-ccd74100-16fc-44c9-b9f5-c148bc1eb52b] INFO  o.e.m.i.launch.MavenLaunchDelegate -  mvn  -DarchetypeGroupId=org.apache.maven.archetypes -DarchetypeArtifactId=maven-archetype-quickstart -DarchetypeVersion=1.1 -DgroupId=com.univ -DartifactId=Spring-Jdbc-Student -Dversion=0.0.1-SNAPSHOT -Dpackage=com.univ -DoutputDirectory=C:\Users\BETU\Desktop\coading\Spring-Core -Dstyle.color=always -U archetype:generate
2025-08-01 12:22:00,776 [Worker-28: Creating maven-archetype-quickstart] INFO  o.e.m.c.i.p.ProjectConfigurationManager - Collecting project info '/pom.xml' C:\Users\BETU\Desktop\coading\Spring-Core\Spring-Jdbc-Student\pom.xml
2025-08-01 12:22:02,448 [Worker-28: Creating maven-archetype-quickstart] INFO  o.e.m.c.i.l.LifecycleMappingFactory - Using org.eclipse.m2e.jdt.JarLifecycleMapping lifecycle mapping for MavenProject: com.univ:Spring-Jdbc-Student:0.0.1-SNAPSHOT @ C:\Users\BETU\Desktop\coading\Spring-Core\Spring-Jdbc-Student\pom.xml.
2025-08-01 12:22:03,019 [Worker-28: Creating maven-archetype-quickstart] INFO  o.e.m.j.i.AbstractJavaProjectConfigurator - Adding source folder /Spring-Jdbc-Student/src/main/java
2025-08-01 12:22:03,022 [Worker-28: Creating maven-archetype-quickstart] INFO  o.e.m.j.i.AbstractJavaProjectConfigurator - Adding resource folder /Spring-Jdbc-Student/src/main/resources
2025-08-01 12:22:03,033 [Worker-28: Creating maven-archetype-quickstart] INFO  o.e.m.j.i.AbstractJavaProjectConfigurator - Adding source folder /Spring-Jdbc-Student/src/test/java
2025-08-01 12:22:03,035 [Worker-28: Creating maven-archetype-quickstart] INFO  o.e.m.j.i.AbstractJavaProjectConfigurator - Adding resource folder /Spring-Jdbc-Student/src/test/resources
2025-08-01 12:22:03,214 [Worker-28: Creating maven-archetype-quickstart] INFO  o.e.m.c.i.p.ProjectConfigurationManager - Imported and configured 1 project(s) in 2 sec
2025-08-01 12:22:03,471 [Worker-36: Building] INFO  o.a.m.s.f.DefaultMavenResourcesFiltering - skip non existing resourceDirectory C:\Users\BETU\Desktop\coading\Spring-Core\Spring-Jdbc-Student\src\main\resources
2025-08-01 12:22:03,475 [Worker-36: Building] INFO  o.a.m.s.f.DefaultMavenResourcesFiltering - skip non existing resourceDirectory C:\Users\BETU\Desktop\coading\Spring-Core\Spring-Jdbc-Student\src\test\resources
2025-08-01 12:27:35,127 [Worker-41: Building] INFO  o.a.m.s.f.DefaultMavenResourcesFiltering - skip non existing resourceDirectory C:\Users\BETU\Desktop\coading\Spring-Core\Spring-Jdbc-Student\src\main\resources
2025-08-01 12:27:35,130 [Worker-41: Building] INFO  o.a.m.s.f.DefaultMavenResourcesFiltering - skip non existing resourceDirectory C:\Users\BETU\Desktop\coading\Spring-Core\Spring-Jdbc-Student\src\test\resources
2025-08-01 12:39:15,766 [Worker-37: Building] INFO  o.e.m.c.i.l.LifecycleMappingFactory - Using org.eclipse.m2e.jdt.JarLifecycleMapping lifecycle mapping for MavenProject: com.univ:Spring-Jdbc-Student:0.0.1-SNAPSHOT @ C:\Users\BETU\Desktop\coading\Spring-Core\Spring-Jdbc-Student\pom.xml.
2025-08-01 12:39:16,249 [Worker-37: Building] INFO  o.a.m.s.f.DefaultMavenResourcesFiltering - skip non existing resourceDirectory C:\Users\BETU\Desktop\coading\Spring-Core\Spring-Jdbc-Student\src\main\resources
2025-08-01 12:39:16,251 [Worker-37: Building] INFO  o.a.m.s.f.DefaultMavenResourcesFiltering - skip non existing resourceDirectory C:\Users\BETU\Desktop\coading\Spring-Core\Spring-Jdbc-Student\src\test\resources
2025-08-01 12:39:17,525 [Worker-48: Building] INFO  o.a.m.s.f.DefaultMavenResourcesFiltering - skip non existing resourceDirectory C:\Users\BETU\Desktop\coading\Spring-Core\Spring-Jdbc-Student\src\main\resources
2025-08-01 12:39:17,526 [Worker-48: Building] INFO  o.a.m.s.f.DefaultMavenResourcesFiltering - skip non existing resourceDirectory C:\Users\BETU\Desktop\coading\Spring-Core\Spring-Jdbc-Student\src\test\resources
2025-08-01 12:40:42,169 [Worker-47: Building] INFO  o.a.m.s.f.DefaultMavenResourcesFiltering - skip non existing resourceDirectory C:\Users\BETU\Desktop\coading\Spring-Core\Spring-Jdbc-Student\src\main\resources
2025-08-01 12:40:42,173 [Worker-47: Building] INFO  o.a.m.s.f.DefaultMavenResourcesFiltering - skip non existing resourceDirectory C:\Users\BETU\Desktop\coading\Spring-Core\Spring-Jdbc-Student\src\test\resources
2025-08-01 12:42:17,189 [Worker-49: Building] INFO  o.a.m.s.f.DefaultMavenResourcesFiltering - skip non existing resourceDirectory C:\Users\BETU\Desktop\coading\Spring-Core\Spring-Jdbc-Student\src\main\resources
2025-08-01 12:42:17,192 [Worker-49: Building] INFO  o.a.m.s.f.DefaultMavenResourcesFiltering - skip non existing resourceDirectory C:\Users\BETU\Desktop\coading\Spring-Core\Spring-Jdbc-Student\src\test\resources
2025-08-01 12:43:22,070 [Worker-48: Building] INFO  o.a.m.s.f.DefaultMavenResourcesFiltering - skip non existing resourceDirectory C:\Users\BETU\Desktop\coading\Spring-Core\Spring-Jdbc\src\main\resources
2025-08-01 12:43:22,071 [Worker-48: Building] INFO  o.a.m.s.f.DefaultMavenResourcesFiltering - skip non existing resourceDirectory C:\Users\BETU\Desktop\coading\Spring-Core\Spring-Jdbc\src\test\resources
2025-08-01 12:43:35,161 [Worker-47: Building] INFO  o.a.m.s.f.DefaultMavenResourcesFiltering - skip non existing resourceDirectory C:\Users\BETU\Desktop\coading\Spring-Core\Spring-Jdbc-Student\src\main\resources
2025-08-01 12:43:35,165 [Worker-47: Building] INFO  o.a.m.s.f.DefaultMavenResourcesFiltering - skip non existing resourceDirectory C:\Users\BETU\Desktop\coading\Spring-Core\Spring-Jdbc-Student\src\test\resources
2025-08-01 12:48:06,108 [Worker-52: Building] INFO  o.a.m.s.f.DefaultMavenResourcesFiltering - skip non existing resourceDirectory C:\Users\BETU\Desktop\coading\Spring-Core\Spring-Jdbc-Student\src\main\resources
2025-08-01 12:48:06,111 [Worker-52: Building] INFO  o.a.m.s.f.DefaultMavenResourcesFiltering - skip non existing resourceDirectory C:\Users\BETU\Desktop\coading\Spring-Core\Spring-Jdbc-Student\src\test\resources
2025-08-01 12:48:26,981 [Worker-47: Building] INFO  o.a.m.s.f.DefaultMavenResourcesFiltering - skip non existing resourceDirectory C:\Users\BETU\Desktop\coading\Spring-Core\Spring-Jdbc-Student\src\main\resources
2025-08-01 12:48:26,985 [Worker-47: Building] INFO  o.a.m.s.f.DefaultMavenResourcesFiltering - skip non existing resourceDirectory C:\Users\BETU\Desktop\coading\Spring-Core\Spring-Jdbc-Student\src\test\resources
2025-08-01 12:51:22,822 [Worker-37: Building] INFO  o.a.m.s.f.DefaultMavenResourcesFiltering - skip non existing resourceDirectory C:\Users\BETU\Desktop\coading\Spring-Core\Spring-Jdbc-Student\src\main\resources
2025-08-01 12:51:22,826 [Worker-37: Building] INFO  o.a.m.s.f.DefaultMavenResourcesFiltering - skip non existing resourceDirectory C:\Users\BETU\Desktop\coading\Spring-Core\Spring-Jdbc-Student\src\test\resources
2025-08-01 12:53:03,539 [Worker-54: Building] INFO  o.a.m.s.f.DefaultMavenResourcesFiltering - skip non existing resourceDirectory C:\Users\BETU\Desktop\coading\Spring-Core\Spring-Jdbc-Student\src\main\resources
2025-08-01 12:53:03,541 [Worker-54: Building] INFO  o.a.m.s.f.DefaultMavenResourcesFiltering - skip non existing resourceDirectory C:\Users\BETU\Desktop\coading\Spring-Core\Spring-Jdbc-Student\src\test\resources
2025-08-01 12:53:26,867 [Start Help Server] INFO  org.eclipse.jetty.server.Server - jetty-12.0.15; built: 2024-11-05T19:44:57.623Z; git: 8281ae9740d4b4225e8166cc476bad237c70213a; jvm 23.0.2+7-58
2025-08-01 12:53:26,934 [Start Help Server] INFO  o.e.j.server.handler.ContextHandler - Started oeje8n.ContextHandler$CoreContextHandler@56e8d71e{/help,/help,b=null,a=AVAILABLE,h=oeje8n.ContextHandler$CoreContextHandler$CoreToNestedHandler@57a3cab3{STARTED}}
2025-08-01 12:53:26,934 [Start Help Server] INFO  o.e.j.s.DefaultSessionIdManager - Session workerName=node0
2025-08-01 12:53:26,954 [Start Help Server] INFO  o.e.jetty.server.AbstractConnector - Started ServerConnector@6820e6f4{HTTP/1.1, (http/1.1)}{127.0.0.1:57294}
2025-08-01 12:53:26,980 [Start Help Server] INFO  org.eclipse.jetty.server.Server - Started oejs.Server@1bc325e1{STARTING}[12.0.15,sto=0] @7532263ms
2025-08-01 12:55:59,428 [Worker-52: Building] INFO  o.a.m.s.f.DefaultMavenResourcesFiltering - skip non existing resourceDirectory C:\Users\BETU\Desktop\coading\Spring-Core\Spring-Jdbc-Student\src\main\resources
2025-08-01 12:55:59,432 [Worker-52: Building] INFO  o.a.m.s.f.DefaultMavenResourcesFiltering - skip non existing resourceDirectory C:\Users\BETU\Desktop\coading\Spring-Core\Spring-Jdbc-Student\src\test\resources
2025-08-01 12:57:31,248 [Worker-52: Building] INFO  o.a.m.s.f.DefaultMavenResourcesFiltering - skip non existing resourceDirectory C:\Users\BETU\Desktop\coading\Spring-Core\Spring-Jdbc-Student\src\main\resources
2025-08-01 12:57:31,252 [Worker-52: Building] INFO  o.a.m.s.f.DefaultMavenResourcesFiltering - skip non existing resourceDirectory C:\Users\BETU\Desktop\coading\Spring-Core\Spring-Jdbc-Student\src\test\resources
2025-08-01 13:04:42,660 [Worker-54: Building] INFO  o.a.m.s.f.DefaultMavenResourcesFiltering - skip non existing resourceDirectory C:\Users\BETU\Desktop\coading\Spring-Core\Spring-core-JDBC\src\main\resources
2025-08-01 13:04:42,662 [Worker-54: Building] INFO  o.a.m.s.f.DefaultMavenResourcesFiltering - skip non existing resourceDirectory C:\Users\BETU\Desktop\coading\Spring-Core\Spring-core-JDBC\src\test\resources
2025-08-01 13:08:45,214 [Worker-55: Building] INFO  o.a.m.s.f.DefaultMavenResourcesFiltering - skip non existing resourceDirectory C:\Users\BETU\Desktop\coading\Spring-Core\Spring-Jdbc-Student\src\main\resources
2025-08-01 13:08:45,217 [Worker-55: Building] INFO  o.a.m.s.f.DefaultMavenResourcesFiltering - skip non existing resourceDirectory C:\Users\BETU\Desktop\coading\Spring-Core\Spring-Jdbc-Student\src\test\resources
2025-08-01 13:08:58,370 [Worker-53: Launching App (13)] INFO  o.a.m.s.f.DefaultMavenResourcesFiltering - skip non existing resourceDirectory C:\Users\BETU\Desktop\coading\Spring-Core\Spring-Jdbc-Student\src\main\resources
2025-08-01 13:08:58,373 [Worker-53: Launching App (13)] INFO  o.a.m.s.f.DefaultMavenResourcesFiltering - skip non existing resourceDirectory C:\Users\BETU\Desktop\coading\Spring-Core\Spring-Jdbc-Student\src\test\resources
2025-08-01 13:09:33,406 [Worker-55: Building] INFO  o.a.m.s.f.DefaultMavenResourcesFiltering - skip non existing resourceDirectory C:\Users\BETU\Desktop\coading\Spring-Core\Spring-Jdbc-Student\src\main\resources
2025-08-01 13:09:33,407 [Worker-55: Building] INFO  o.a.m.s.f.DefaultMavenResourcesFiltering - skip non existing resourceDirectory C:\Users\BETU\Desktop\coading\Spring-Core\Spring-Jdbc-Student\src\test\resources
2025-08-01 13:14:20,914 [Worker-37: Building] INFO  o.a.m.s.f.DefaultMavenResourcesFiltering - skip non existing resourceDirectory C:\Users\BETU\Desktop\coading\Spring-Core\Spring-Jdbc-Student\src\main\resources
2025-08-01 13:14:20,916 [Worker-37: Building] INFO  o.a.m.s.f.DefaultMavenResourcesFiltering - skip non existing resourceDirectory C:\Users\BETU\Desktop\coading\Spring-Core\Spring-Jdbc-Student\src\test\resources
2025-08-01 13:21:26,154 [Worker-55: Building] INFO  o.a.m.s.f.DefaultMavenResourcesFiltering - skip non existing resourceDirectory C:\Users\BETU\Desktop\coading\Spring-Core\Spring-Jdbc-Student\src\main\resources
2025-08-01 13:21:26,156 [Worker-55: Building] INFO  o.a.m.s.f.DefaultMavenResourcesFiltering - skip non existing resourceDirectory C:\Users\BETU\Desktop\coading\Spring-Core\Spring-Jdbc-Student\src\test\resources
2025-08-01 13:21:48,346 [Worker-53: Building] INFO  o.a.m.s.f.DefaultMavenResourcesFiltering - skip non existing resourceDirectory C:\Users\BETU\Desktop\coading\Spring-Core\Spring-Jdbc-Student\src\main\resources
2025-08-01 13:21:48,349 [Worker-53: Building] INFO  o.a.m.s.f.DefaultMavenResourcesFiltering - skip non existing resourceDirectory C:\Users\BETU\Desktop\coading\Spring-Core\Spring-Jdbc-Student\src\test\resources
2025-08-01 13:23:20,069 [Worker-55: Building] INFO  o.a.m.s.f.DefaultMavenResourcesFiltering - skip non existing resourceDirectory C:\Users\BETU\Desktop\coading\Spring-Core\Spring-Jdbc-Student\src\main\resources
2025-08-01 13:23:20,073 [Worker-55: Building] INFO  o.a.m.s.f.DefaultMavenResourcesFiltering - skip non existing resourceDirectory C:\Users\BETU\Desktop\coading\Spring-Core\Spring-Jdbc-Student\src\test\resources
2025-08-01 13:24:03,273 [Worker-55: Building] INFO  o.a.m.s.f.DefaultMavenResourcesFiltering - skip non existing resourceDirectory C:\Users\BETU\Desktop\coading\Spring-Core\Spring-Jdbc-Student\src\main\resources
2025-08-01 13:24:03,275 [Worker-55: Building] INFO  o.a.m.s.f.DefaultMavenResourcesFiltering - skip non existing resourceDirectory C:\Users\BETU\Desktop\coading\Spring-Core\Spring-Jdbc-Student\src\test\resources
2025-08-01 13:24:06,645 [Worker-37: Building] INFO  o.a.m.s.f.DefaultMavenResourcesFiltering - skip non existing resourceDirectory C:\Users\BETU\Desktop\coading\Spring-Core\Spring-Jdbc-Student\src\main\resources
2025-08-01 13:24:06,651 [Worker-37: Building] INFO  o.a.m.s.f.DefaultMavenResourcesFiltering - skip non existing resourceDirectory C:\Users\BETU\Desktop\coading\Spring-Core\Spring-Jdbc-Student\src\test\resources
2025-08-01 13:24:18,136 [Worker-55: Building] INFO  o.a.m.s.f.DefaultMavenResourcesFiltering - skip non existing resourceDirectory C:\Users\BETU\Desktop\coading\Spring-Core\Spring-Jdbc-Student\src\main\resources
2025-08-01 13:24:18,138 [Worker-55: Building] INFO  o.a.m.s.f.DefaultMavenResourcesFiltering - skip non existing resourceDirectory C:\Users\BETU\Desktop\coading\Spring-Core\Spring-Jdbc-Student\src\test\resources
2025-08-01 13:25:47,180 [Worker-54: Building] INFO  o.a.m.s.f.DefaultMavenResourcesFiltering - skip non existing resourceDirectory C:\Users\BETU\Desktop\coading\Spring-Core\Spring-Jdbc-Student\src\main\resources
2025-08-01 13:25:47,182 [Worker-54: Building] INFO  o.a.m.s.f.DefaultMavenResourcesFiltering - skip non existing resourceDirectory C:\Users\BETU\Desktop\coading\Spring-Core\Spring-Jdbc-Student\src\test\resources
2025-08-01 13:28:06,900 [Worker-54: Building] INFO  o.a.m.s.f.DefaultMavenResourcesFiltering - skip non existing resourceDirectory C:\Users\BETU\Desktop\coading\Spring-Core\Spring-Jdbc-Student\src\main\resources
2025-08-01 13:28:06,902 [Worker-54: Building] INFO  o.a.m.s.f.DefaultMavenResourcesFiltering - skip non existing resourceDirectory C:\Users\BETU\Desktop\coading\Spring-Core\Spring-Jdbc-Student\src\test\resources
2025-08-01 13:30:44,992 [Worker-56: Building] INFO  o.a.m.s.f.DefaultMavenResourcesFiltering - skip non existing resourceDirectory C:\Users\BETU\Desktop\coading\Spring-Core\Spring-Jdbc-Student\src\main\resources
2025-08-01 13:30:44,996 [Worker-56: Building] INFO  o.a.m.s.f.DefaultMavenResourcesFiltering - skip non existing resourceDirectory C:\Users\BETU\Desktop\coading\Spring-Core\Spring-Jdbc-Student\src\test\resources
2025-08-01 13:37:07,924 [Worker-52: Building] INFO  o.a.m.s.f.DefaultMavenResourcesFiltering - skip non existing resourceDirectory C:\Users\BETU\Desktop\coading\Spring-Core\Spring-Jdbc-Student\src\main\resources
2025-08-01 13:37:07,926 [Worker-52: Building] INFO  o.a.m.s.f.DefaultMavenResourcesFiltering - skip non existing resourceDirectory C:\Users\BETU\Desktop\coading\Spring-Core\Spring-Jdbc-Student\src\test\resources
2025-08-01 13:39:02,556 [Worker-59: Building] INFO  o.a.m.s.f.DefaultMavenResourcesFiltering - skip non existing resourceDirectory C:\Users\BETU\Desktop\coading\Spring-Core\Spring-Jdbc-Student\src\main\resources
2025-08-01 13:39:02,559 [Worker-59: Building] INFO  o.a.m.s.f.DefaultMavenResourcesFiltering - skip non existing resourceDirectory C:\Users\BETU\Desktop\coading\Spring-Core\Spring-Jdbc-Student\src\test\resources
2025-08-01 13:44:26,910 [Worker-64: Building] INFO  o.a.m.s.f.DefaultMavenResourcesFiltering - skip non existing resourceDirectory C:\Users\BETU\Desktop\coading\Spring-Core\Spring-Jdbc-Student\src\main\resources
2025-08-01 13:44:26,912 [Worker-64: Building] INFO  o.a.m.s.f.DefaultMavenResourcesFiltering - skip non existing resourceDirectory C:\Users\BETU\Desktop\coading\Spring-Core\Spring-Jdbc-Student\src\test\resources
2025-08-01 13:44:38,805 [Worker-63: Building] INFO  o.a.m.s.f.DefaultMavenResourcesFiltering - skip non existing resourceDirectory C:\Users\BETU\Desktop\coading\Spring-Core\Spring-Jdbc-Student\src\main\resources
2025-08-01 13:44:38,808 [Worker-63: Building] INFO  o.a.m.s.f.DefaultMavenResourcesFiltering - skip non existing resourceDirectory C:\Users\BETU\Desktop\coading\Spring-Core\Spring-Jdbc-Student\src\test\resources
2025-08-01 13:51:07,769 [Worker-67: Building] INFO  o.a.m.s.f.DefaultMavenResourcesFiltering - skip non existing resourceDirectory C:\Users\BETU\Desktop\coading\Spring-Core\Spring-Jdbc-Student\src\main\resources
2025-08-01 13:51:07,771 [Worker-67: Building] INFO  o.a.m.s.f.DefaultMavenResourcesFiltering - skip non existing resourceDirectory C:\Users\BETU\Desktop\coading\Spring-Core\Spring-Jdbc-Student\src\test\resources
2025-08-01 13:51:43,093 [Worker-65: Building] INFO  o.a.m.s.f.DefaultMavenResourcesFiltering - skip non existing resourceDirectory C:\Users\BETU\Desktop\coading\Spring-Core\Spring-Jdbc-Student\src\main\resources
2025-08-01 13:51:43,094 [Worker-65: Building] INFO  o.a.m.s.f.DefaultMavenResourcesFiltering - skip non existing resourceDirectory C:\Users\BETU\Desktop\coading\Spring-Core\Spring-Jdbc-Student\src\test\resources
2025-08-01 13:52:56,035 [Worker-60: Building] INFO  o.a.m.s.f.DefaultMavenResourcesFiltering - skip non existing resourceDirectory C:\Users\BETU\Desktop\coading\Spring-Core\Spring-Jdbc-Student\src\main\resources
2025-08-01 13:52:56,038 [Worker-60: Building] INFO  o.a.m.s.f.DefaultMavenResourcesFiltering - skip non existing resourceDirectory C:\Users\BETU\Desktop\coading\Spring-Core\Spring-Jdbc-Student\src\test\resources
2025-08-01 13:53:04,892 [Worker-66: Building] INFO  o.a.m.s.f.DefaultMavenResourcesFiltering - skip non existing resourceDirectory C:\Users\BETU\Desktop\coading\Spring-Core\Spring-Jdbc-Student\src\main\resources
2025-08-01 13:53:04,893 [Worker-66: Building] INFO  o.a.m.s.f.DefaultMavenResourcesFiltering - skip non existing resourceDirectory C:\Users\BETU\Desktop\coading\Spring-Core\Spring-Jdbc-Student\src\test\resources
2025-08-01 13:53:28,447 [Worker-66: Building] INFO  o.a.m.s.f.DefaultMavenResourcesFiltering - skip non existing resourceDirectory C:\Users\BETU\Desktop\coading\Spring-Core\Spring-Jdbc-Student\src\main\resources
2025-08-01 13:53:28,448 [Worker-66: Building] INFO  o.a.m.s.f.DefaultMavenResourcesFiltering - skip non existing resourceDirectory C:\Users\BETU\Desktop\coading\Spring-Core\Spring-Jdbc-Student\src\test\resources
2025-08-01 13:53:37,919 [Worker-67: Building] INFO  o.a.m.s.f.DefaultMavenResourcesFiltering - skip non existing resourceDirectory C:\Users\BETU\Desktop\coading\Spring-Core\Spring-Jdbc-Student\src\main\resources
2025-08-01 13:53:37,920 [Worker-67: Building] INFO  o.a.m.s.f.DefaultMavenResourcesFiltering - skip non existing resourceDirectory C:\Users\BETU\Desktop\coading\Spring-Core\Spring-Jdbc-Student\src\test\resources
2025-08-01 13:53:47,587 [Worker-66: Building] INFO  o.a.m.s.f.DefaultMavenResourcesFiltering - skip non existing resourceDirectory C:\Users\BETU\Desktop\coading\Spring-Core\Spring-Jdbc-Student\src\main\resources
2025-08-01 13:53:47,589 [Worker-66: Building] INFO  o.a.m.s.f.DefaultMavenResourcesFiltering - skip non existing resourceDirectory C:\Users\BETU\Desktop\coading\Spring-Core\Spring-Jdbc-Student\src\test\resources
2025-08-01 13:54:12,947 [Worker-67: Building] INFO  o.a.m.s.f.DefaultMavenResourcesFiltering - skip non existing resourceDirectory C:\Users\BETU\Desktop\coading\Spring-Core\Spring-Jdbc-Student\src\main\resources
2025-08-01 13:54:12,948 [Worker-67: Building] INFO  o.a.m.s.f.DefaultMavenResourcesFiltering - skip non existing resourceDirectory C:\Users\BETU\Desktop\coading\Spring-Core\Spring-Jdbc-Student\src\test\resources
2025-08-01 13:55:28,820 [Worker-68: Building] INFO  o.a.m.s.f.DefaultMavenResourcesFiltering - skip non existing resourceDirectory C:\Users\BETU\Desktop\coading\Spring-Core\Spring-Jdbc-Student\src\main\resources
2025-08-01 13:55:28,822 [Worker-68: Building] INFO  o.a.m.s.f.DefaultMavenResourcesFiltering - skip non existing resourceDirectory C:\Users\BETU\Desktop\coading\Spring-Core\Spring-Jdbc-Student\src\test\resources
2025-08-01 14:03:43,947 [Worker-60: Building] INFO  o.a.m.s.f.DefaultMavenResourcesFiltering - skip non existing resourceDirectory C:\Users\BETU\Desktop\coading\Spring-Core\Spring-Jdbc-Student\src\main\resources
2025-08-01 14:03:43,949 [Worker-60: Building] INFO  o.a.m.s.f.DefaultMavenResourcesFiltering - skip non existing resourceDirectory C:\Users\BETU\Desktop\coading\Spring-Core\Spring-Jdbc-Student\src\test\resources
2025-08-01 14:07:49,566 [Worker-69: Building] INFO  o.a.m.s.f.DefaultMavenResourcesFiltering - skip non existing resourceDirectory C:\Users\BETU\Desktop\coading\Spring-Core\Spring-Jdbc-Student\src\main\resources
2025-08-01 14:07:49,568 [Worker-69: Building] INFO  o.a.m.s.f.DefaultMavenResourcesFiltering - skip non existing resourceDirectory C:\Users\BETU\Desktop\coading\Spring-Core\Spring-Jdbc-Student\src\test\resources
2025-08-01 14:08:23,130 [Worker-70: Launching App (13)] INFO  o.a.m.s.f.DefaultMavenResourcesFiltering - skip non existing resourceDirectory C:\Users\BETU\Desktop\coading\Spring-Core\Spring-Jdbc-Student\src\main\resources
2025-08-01 14:08:23,133 [Worker-70: Launching App (13)] INFO  o.a.m.s.f.DefaultMavenResourcesFiltering - skip non existing resourceDirectory C:\Users\BETU\Desktop\coading\Spring-Core\Spring-Jdbc-Student\src\test\resources
2025-08-01 14:08:38,484 [Worker-72: Building] INFO  o.a.m.s.f.DefaultMavenResourcesFiltering - skip non existing resourceDirectory C:\Users\BETU\Desktop\coading\Spring-Core\Spring-Jdbc-Student\src\main\resources
2025-08-01 14:08:38,486 [Worker-72: Building] INFO  o.a.m.s.f.DefaultMavenResourcesFiltering - skip non existing resourceDirectory C:\Users\BETU\Desktop\coading\Spring-Core\Spring-Jdbc-Student\src\test\resources
2025-08-01 14:08:47,144 [Worker-71: Building] INFO  o.a.m.s.f.DefaultMavenResourcesFiltering - skip non existing resourceDirectory C:\Users\BETU\Desktop\coading\Spring-Core\Spring-Jdbc-Student\src\main\resources
2025-08-01 14:08:47,146 [Worker-71: Building] INFO  o.a.m.s.f.DefaultMavenResourcesFiltering - skip non existing resourceDirectory C:\Users\BETU\Desktop\coading\Spring-Core\Spring-Jdbc-Student\src\test\resources
2025-08-01 14:09:32,112 [Worker-71: Building] INFO  o.a.m.s.f.DefaultMavenResourcesFiltering - skip non existing resourceDirectory C:\Users\BETU\Desktop\coading\Spring-Core\Spring-Jdbc-Student\src\main\resources
2025-08-01 14:09:32,114 [Worker-71: Building] INFO  o.a.m.s.f.DefaultMavenResourcesFiltering - skip non existing resourceDirectory C:\Users\BETU\Desktop\coading\Spring-Core\Spring-Jdbc-Student\src\test\resources
2025-08-01 14:11:46,603 [Worker-71: Building] INFO  o.a.m.s.f.DefaultMavenResourcesFiltering - skip non existing resourceDirectory C:\Users\BETU\Desktop\coading\Spring-Core\Spring-Jdbc-Student\src\main\resources
2025-08-01 14:11:46,604 [Worker-71: Building] INFO  o.a.m.s.f.DefaultMavenResourcesFiltering - skip non existing resourceDirectory C:\Users\BETU\Desktop\coading\Spring-Core\Spring-Jdbc-Student\src\test\resources
2025-08-01 14:15:14,653 [Worker-69: Building] INFO  o.a.m.s.f.DefaultMavenResourcesFiltering - skip non existing resourceDirectory C:\Users\BETU\Desktop\coading\Spring-Core\Spring-Jdbc-Student\src\main\resources
2025-08-01 14:15:14,656 [Worker-69: Building] INFO  o.a.m.s.f.DefaultMavenResourcesFiltering - skip non existing resourceDirectory C:\Users\BETU\Desktop\coading\Spring-Core\Spring-Jdbc-Student\src\test\resources
2025-08-01 14:16:50,986 [Worker-69: Building] INFO  o.a.m.s.f.DefaultMavenResourcesFiltering - skip non existing resourceDirectory C:\Users\BETU\Desktop\coading\Spring-Core\Spring-Jdbc-Student\src\main\resources
2025-08-01 14:16:50,989 [Worker-69: Building] INFO  o.a.m.s.f.DefaultMavenResourcesFiltering - skip non existing resourceDirectory C:\Users\BETU\Desktop\coading\Spring-Core\Spring-Jdbc-Student\src\test\resources
2025-08-01 14:18:21,660 [Worker-75: Launching mavenrun-17629c4d-492f-4ea7-9fd3-0e260b314e95] INFO  o.eclipse.m2e.core.internal.Bundles - getClasspathEntries(Bundle=org.eclipse.m2e.maven.runtime_3.9.900.20240824-1409 [638])
2025-08-01 14:18:21,661 [Worker-75: Launching mavenrun-17629c4d-492f-4ea7-9fd3-0e260b314e95] INFO  o.eclipse.m2e.core.internal.Bundles - 	Entry: C:\Users\BETU\.p2\pool\plugins\org.eclipse.m2e.maven.runtime_3.9.900.20240824-1409
2025-08-01 14:18:21,662 [Worker-75: Launching mavenrun-17629c4d-492f-4ea7-9fd3-0e260b314e95] INFO  o.eclipse.m2e.core.internal.Bundles - 	Entry: C:\Users\BETU\.p2\pool\plugins\org.eclipse.m2e.maven.runtime_3.9.900.20240824-1409\jars\aopalliance-1.0.jar
2025-08-01 14:18:21,662 [Worker-75: Launching mavenrun-17629c4d-492f-4ea7-9fd3-0e260b314e95] INFO  o.eclipse.m2e.core.internal.Bundles - 	Entry: C:\Users\BETU\.p2\pool\plugins\org.eclipse.m2e.maven.runtime_3.9.900.20240824-1409\jars\guice-5.1.0.jar
2025-08-01 14:18:21,662 [Worker-75: Launching mavenrun-17629c4d-492f-4ea7-9fd3-0e260b314e95] INFO  o.eclipse.m2e.core.internal.Bundles - 	Entry: C:\Users\BETU\.p2\pool\plugins\org.eclipse.m2e.maven.runtime_3.9.900.20240824-1409\jars\httpclient-4.5.14.jar
2025-08-01 14:18:21,663 [Worker-75: Launching mavenrun-17629c4d-492f-4ea7-9fd3-0e260b314e95] INFO  o.eclipse.m2e.core.internal.Bundles - 	Entry: C:\Users\BETU\.p2\pool\plugins\org.eclipse.m2e.maven.runtime_3.9.900.20240824-1409\jars\httpcore-4.4.16.jar
2025-08-01 14:18:21,663 [Worker-75: Launching mavenrun-17629c4d-492f-4ea7-9fd3-0e260b314e95] INFO  o.eclipse.m2e.core.internal.Bundles - 	Entry: C:\Users\BETU\.p2\pool\plugins\org.eclipse.m2e.maven.runtime_3.9.900.20240824-1409\jars\jansi-2.4.1.jar
2025-08-01 14:18:21,663 [Worker-75: Launching mavenrun-17629c4d-492f-4ea7-9fd3-0e260b314e95] INFO  o.eclipse.m2e.core.internal.Bundles - 	Entry: C:\Users\BETU\.p2\pool\plugins\org.eclipse.m2e.maven.runtime_3.9.900.20240824-1409\jars\jcl-over-slf4j-1.7.36.jar
2025-08-01 14:18:21,663 [Worker-75: Launching mavenrun-17629c4d-492f-4ea7-9fd3-0e260b314e95] INFO  o.eclipse.m2e.core.internal.Bundles - 	Entry: C:\Users\BETU\.p2\pool\plugins\org.eclipse.m2e.maven.runtime_3.9.900.20240824-1409\jars\maven-artifact-3.9.9.jar
2025-08-01 14:18:21,663 [Worker-75: Launching mavenrun-17629c4d-492f-4ea7-9fd3-0e260b314e95] INFO  o.eclipse.m2e.core.internal.Bundles - 	Entry: C:\Users\BETU\.p2\pool\plugins\org.eclipse.m2e.maven.runtime_3.9.900.20240824-1409\jars\maven-builder-support-3.9.9.jar
2025-08-01 14:18:21,664 [Worker-75: Launching mavenrun-17629c4d-492f-4ea7-9fd3-0e260b314e95] INFO  o.eclipse.m2e.core.internal.Bundles - 	Entry: C:\Users\BETU\.p2\pool\plugins\org.eclipse.m2e.maven.runtime_3.9.900.20240824-1409\jars\maven-compat-3.9.9.jar
2025-08-01 14:18:21,664 [Worker-75: Launching mavenrun-17629c4d-492f-4ea7-9fd3-0e260b314e95] INFO  o.eclipse.m2e.core.internal.Bundles - 	Entry: C:\Users\BETU\.p2\pool\plugins\org.eclipse.m2e.maven.runtime_3.9.900.20240824-1409\jars\maven-core-3.9.9.jar
2025-08-01 14:18:21,664 [Worker-75: Launching mavenrun-17629c4d-492f-4ea7-9fd3-0e260b314e95] INFO  o.eclipse.m2e.core.internal.Bundles - 	Entry: C:\Users\BETU\.p2\pool\plugins\org.eclipse.m2e.maven.runtime_3.9.900.20240824-1409\jars\maven-embedder-3.9.9.jar
2025-08-01 14:18:21,664 [Worker-75: Launching mavenrun-17629c4d-492f-4ea7-9fd3-0e260b314e95] INFO  o.eclipse.m2e.core.internal.Bundles - 	Entry: C:\Users\BETU\.p2\pool\plugins\org.eclipse.m2e.maven.runtime_3.9.900.20240824-1409\jars\maven-model-3.9.9.jar
2025-08-01 14:18:21,664 [Worker-75: Launching mavenrun-17629c4d-492f-4ea7-9fd3-0e260b314e95] INFO  o.eclipse.m2e.core.internal.Bundles - 	Entry: C:\Users\BETU\.p2\pool\plugins\org.eclipse.m2e.maven.runtime_3.9.900.20240824-1409\jars\maven-model-builder-3.9.9.jar
2025-08-01 14:18:21,664 [Worker-75: Launching mavenrun-17629c4d-492f-4ea7-9fd3-0e260b314e95] INFO  o.eclipse.m2e.core.internal.Bundles - 	Entry: C:\Users\BETU\.p2\pool\plugins\org.eclipse.m2e.maven.runtime_3.9.900.20240824-1409\jars\maven-plugin-api-3.9.9.jar
2025-08-01 14:18:21,664 [Worker-75: Launching mavenrun-17629c4d-492f-4ea7-9fd3-0e260b314e95] INFO  o.eclipse.m2e.core.internal.Bundles - 	Entry: C:\Users\BETU\.p2\pool\plugins\org.eclipse.m2e.maven.runtime_3.9.900.20240824-1409\jars\maven-repository-metadata-3.9.9.jar
2025-08-01 14:18:21,664 [Worker-75: Launching mavenrun-17629c4d-492f-4ea7-9fd3-0e260b314e95] INFO  o.eclipse.m2e.core.internal.Bundles - 	Entry: C:\Users\BETU\.p2\pool\plugins\org.eclipse.m2e.maven.runtime_3.9.900.20240824-1409\jars\maven-resolver-api-1.9.22.jar
2025-08-01 14:18:21,665 [Worker-75: Launching mavenrun-17629c4d-492f-4ea7-9fd3-0e260b314e95] INFO  o.eclipse.m2e.core.internal.Bundles - 	Entry: C:\Users\BETU\.p2\pool\plugins\org.eclipse.m2e.maven.runtime_3.9.900.20240824-1409\jars\maven-resolver-connector-basic-1.9.22.jar
2025-08-01 14:18:21,665 [Worker-75: Launching mavenrun-17629c4d-492f-4ea7-9fd3-0e260b314e95] INFO  o.eclipse.m2e.core.internal.Bundles - 	Entry: C:\Users\BETU\.p2\pool\plugins\org.eclipse.m2e.maven.runtime_3.9.900.20240824-1409\jars\maven-resolver-impl-1.9.22.jar
2025-08-01 14:18:21,665 [Worker-75: Launching mavenrun-17629c4d-492f-4ea7-9fd3-0e260b314e95] INFO  o.eclipse.m2e.core.internal.Bundles - 	Entry: C:\Users\BETU\.p2\pool\plugins\org.eclipse.m2e.maven.runtime_3.9.900.20240824-1409\jars\maven-resolver-named-locks-1.9.22.jar
2025-08-01 14:18:21,665 [Worker-75: Launching mavenrun-17629c4d-492f-4ea7-9fd3-0e260b314e95] INFO  o.eclipse.m2e.core.internal.Bundles - 	Entry: C:\Users\BETU\.p2\pool\plugins\org.eclipse.m2e.maven.runtime_3.9.900.20240824-1409\jars\maven-resolver-provider-3.9.9.jar
2025-08-01 14:18:21,665 [Worker-75: Launching mavenrun-17629c4d-492f-4ea7-9fd3-0e260b314e95] INFO  o.eclipse.m2e.core.internal.Bundles - 	Entry: C:\Users\BETU\.p2\pool\plugins\org.eclipse.m2e.maven.runtime_3.9.900.20240824-1409\jars\maven-resolver-spi-1.9.22.jar
2025-08-01 14:18:21,665 [Worker-75: Launching mavenrun-17629c4d-492f-4ea7-9fd3-0e260b314e95] INFO  o.eclipse.m2e.core.internal.Bundles - 	Entry: C:\Users\BETU\.p2\pool\plugins\org.eclipse.m2e.maven.runtime_3.9.900.20240824-1409\jars\maven-resolver-transport-file-1.9.22.jar
2025-08-01 14:18:21,665 [Worker-75: Launching mavenrun-17629c4d-492f-4ea7-9fd3-0e260b314e95] INFO  o.eclipse.m2e.core.internal.Bundles - 	Entry: C:\Users\BETU\.p2\pool\plugins\org.eclipse.m2e.maven.runtime_3.9.900.20240824-1409\jars\maven-resolver-transport-http-1.9.22.jar
2025-08-01 14:18:21,665 [Worker-75: Launching mavenrun-17629c4d-492f-4ea7-9fd3-0e260b314e95] INFO  o.eclipse.m2e.core.internal.Bundles - 	Entry: C:\Users\BETU\.p2\pool\plugins\org.eclipse.m2e.maven.runtime_3.9.900.20240824-1409\jars\maven-resolver-transport-wagon-1.9.22.jar
2025-08-01 14:18:21,665 [Worker-75: Launching mavenrun-17629c4d-492f-4ea7-9fd3-0e260b314e95] INFO  o.eclipse.m2e.core.internal.Bundles - 	Entry: C:\Users\BETU\.p2\pool\plugins\org.eclipse.m2e.maven.runtime_3.9.900.20240824-1409\jars\maven-resolver-util-1.9.22.jar
2025-08-01 14:18:21,665 [Worker-75: Launching mavenrun-17629c4d-492f-4ea7-9fd3-0e260b314e95] INFO  o.eclipse.m2e.core.internal.Bundles - 	Entry: C:\Users\BETU\.p2\pool\plugins\org.eclipse.m2e.maven.runtime_3.9.900.20240824-1409\jars\maven-settings-3.9.9.jar
2025-08-01 14:18:21,665 [Worker-75: Launching mavenrun-17629c4d-492f-4ea7-9fd3-0e260b314e95] INFO  o.eclipse.m2e.core.internal.Bundles - 	Entry: C:\Users\BETU\.p2\pool\plugins\org.eclipse.m2e.maven.runtime_3.9.900.20240824-1409\jars\maven-settings-builder-3.9.9.jar
2025-08-01 14:18:21,665 [Worker-75: Launching mavenrun-17629c4d-492f-4ea7-9fd3-0e260b314e95] INFO  o.eclipse.m2e.core.internal.Bundles - 	Entry: C:\Users\BETU\.p2\pool\plugins\org.eclipse.m2e.maven.runtime_3.9.900.20240824-1409\jars\maven-shared-utils-3.4.2.jar
2025-08-01 14:18:21,665 [Worker-75: Launching mavenrun-17629c4d-492f-4ea7-9fd3-0e260b314e95] INFO  o.eclipse.m2e.core.internal.Bundles - 	Entry: C:\Users\BETU\.p2\pool\plugins\org.eclipse.m2e.maven.runtime_3.9.900.20240824-1409\jars\org.eclipse.sisu.inject-0.9.0.M3.jar
2025-08-01 14:18:21,665 [Worker-75: Launching mavenrun-17629c4d-492f-4ea7-9fd3-0e260b314e95] INFO  o.eclipse.m2e.core.internal.Bundles - 	Entry: C:\Users\BETU\.p2\pool\plugins\org.eclipse.m2e.maven.runtime_3.9.900.20240824-1409\jars\org.eclipse.sisu.plexus-0.9.0.M3.jar
2025-08-01 14:18:21,665 [Worker-75: Launching mavenrun-17629c4d-492f-4ea7-9fd3-0e260b314e95] INFO  o.eclipse.m2e.core.internal.Bundles - 	Entry: C:\Users\BETU\.p2\pool\plugins\org.eclipse.m2e.maven.runtime_3.9.900.20240824-1409\jars\plexus-build-api-0.0.7.jar
2025-08-01 14:18:21,665 [Worker-75: Launching mavenrun-17629c4d-492f-4ea7-9fd3-0e260b314e95] INFO  o.eclipse.m2e.core.internal.Bundles - 	Entry: C:\Users\BETU\.p2\pool\plugins\org.eclipse.m2e.maven.runtime_3.9.900.20240824-1409\jars\plexus-build-api-1.2.0.jar
2025-08-01 14:18:21,666 [Worker-75: Launching mavenrun-17629c4d-492f-4ea7-9fd3-0e260b314e95] INFO  o.eclipse.m2e.core.internal.Bundles - 	Entry: C:\Users\BETU\.p2\pool\plugins\org.eclipse.m2e.maven.runtime_3.9.900.20240824-1409\jars\plexus-cipher-2.0.jar
2025-08-01 14:18:21,666 [Worker-75: Launching mavenrun-17629c4d-492f-4ea7-9fd3-0e260b314e95] INFO  o.eclipse.m2e.core.internal.Bundles - 	Entry: C:\Users\BETU\.p2\pool\plugins\org.eclipse.m2e.maven.runtime_3.9.900.20240824-1409\jars\plexus-classworlds-2.8.0.jar
2025-08-01 14:18:21,666 [Worker-75: Launching mavenrun-17629c4d-492f-4ea7-9fd3-0e260b314e95] INFO  o.eclipse.m2e.core.internal.Bundles - 	Entry: C:\Users\BETU\.p2\pool\plugins\org.eclipse.m2e.maven.runtime_3.9.900.20240824-1409\jars\plexus-component-annotations-2.1.0.jar
2025-08-01 14:18:21,666 [Worker-75: Launching mavenrun-17629c4d-492f-4ea7-9fd3-0e260b314e95] INFO  o.eclipse.m2e.core.internal.Bundles - 	Entry: C:\Users\BETU\.p2\pool\plugins\org.eclipse.m2e.maven.runtime_3.9.900.20240824-1409\jars\plexus-interpolation-1.27.jar
2025-08-01 14:18:21,666 [Worker-75: Launching mavenrun-17629c4d-492f-4ea7-9fd3-0e260b314e95] INFO  o.eclipse.m2e.core.internal.Bundles - 	Entry: C:\Users\BETU\.p2\pool\plugins\org.eclipse.m2e.maven.runtime_3.9.900.20240824-1409\jars\plexus-sec-dispatcher-2.0.jar
2025-08-01 14:18:21,666 [Worker-75: Launching mavenrun-17629c4d-492f-4ea7-9fd3-0e260b314e95] INFO  o.eclipse.m2e.core.internal.Bundles - 	Entry: C:\Users\BETU\.p2\pool\plugins\org.eclipse.m2e.maven.runtime_3.9.900.20240824-1409\jars\plexus-utils-3.5.1.jar
2025-08-01 14:18:21,666 [Worker-75: Launching mavenrun-17629c4d-492f-4ea7-9fd3-0e260b314e95] INFO  o.eclipse.m2e.core.internal.Bundles - 	Entry: C:\Users\BETU\.p2\pool\plugins\org.eclipse.m2e.maven.runtime_3.9.900.20240824-1409\jars\plexus-xml-3.0.1.jar
2025-08-01 14:18:21,666 [Worker-75: Launching mavenrun-17629c4d-492f-4ea7-9fd3-0e260b314e95] INFO  o.eclipse.m2e.core.internal.Bundles - 	Entry: C:\Users\BETU\.p2\pool\plugins\org.eclipse.m2e.maven.runtime_3.9.900.20240824-1409\jars\wagon-file-3.5.3.jar
2025-08-01 14:18:21,666 [Worker-75: Launching mavenrun-17629c4d-492f-4ea7-9fd3-0e260b314e95] INFO  o.eclipse.m2e.core.internal.Bundles - 	Entry: C:\Users\BETU\.p2\pool\plugins\org.eclipse.m2e.maven.runtime_3.9.900.20240824-1409\jars\wagon-http-3.5.3.jar
2025-08-01 14:18:21,666 [Worker-75: Launching mavenrun-17629c4d-492f-4ea7-9fd3-0e260b314e95] INFO  o.eclipse.m2e.core.internal.Bundles - 	Entry: C:\Users\BETU\.p2\pool\plugins\org.eclipse.m2e.maven.runtime_3.9.900.20240824-1409\jars\wagon-http-shared-3.5.3.jar
2025-08-01 14:18:21,666 [Worker-75: Launching mavenrun-17629c4d-492f-4ea7-9fd3-0e260b314e95] INFO  o.eclipse.m2e.core.internal.Bundles - 	Entry: C:\Users\BETU\.p2\pool\plugins\org.eclipse.m2e.maven.runtime_3.9.900.20240824-1409\jars\wagon-provider-api-3.5.3.jar
2025-08-01 14:18:21,666 [Worker-75: Launching mavenrun-17629c4d-492f-4ea7-9fd3-0e260b314e95] INFO  o.eclipse.m2e.core.internal.Bundles - getClasspathEntries(Bundle=com.google.guava_33.3.1.jre [16])
2025-08-01 14:18:21,667 [Worker-75: Launching mavenrun-17629c4d-492f-4ea7-9fd3-0e260b314e95] INFO  o.eclipse.m2e.core.internal.Bundles - 	Entry: C:\Users\BETU\.p2\pool\plugins\com.google.guava_33.3.1.jre.jar
2025-08-01 14:18:21,667 [Worker-75: Launching mavenrun-17629c4d-492f-4ea7-9fd3-0e260b314e95] INFO  o.eclipse.m2e.core.internal.Bundles - getClasspathEntries(Bundle=slf4j.api_2.0.16 [1005])
2025-08-01 14:18:21,667 [Worker-75: Launching mavenrun-17629c4d-492f-4ea7-9fd3-0e260b314e95] INFO  o.eclipse.m2e.core.internal.Bundles - 	Entry: C:\Users\BETU\.p2\pool\plugins\slf4j.api_2.0.16.jar
2025-08-01 14:18:21,667 [Worker-75: Launching mavenrun-17629c4d-492f-4ea7-9fd3-0e260b314e95] INFO  o.eclipse.m2e.core.internal.Bundles - getClasspathEntries(Bundle=jakarta.inject.jakarta.inject-api_1.0.5 [34])
2025-08-01 14:18:21,667 [Worker-75: Launching mavenrun-17629c4d-492f-4ea7-9fd3-0e260b314e95] INFO  o.eclipse.m2e.core.internal.Bundles - 	Entry: C:\Users\BETU\.p2\pool\plugins\jakarta.inject.jakarta.inject-api_1.0.5.jar
2025-08-01 14:18:21,667 [Worker-75: Launching mavenrun-17629c4d-492f-4ea7-9fd3-0e260b314e95] INFO  o.eclipse.m2e.core.internal.Bundles - getClasspathEntries(Bundle=jakarta.annotation-api_1.3.5 [29])
2025-08-01 14:18:21,667 [Worker-75: Launching mavenrun-17629c4d-492f-4ea7-9fd3-0e260b314e95] INFO  o.eclipse.m2e.core.internal.Bundles - 	Entry: C:\Users\BETU\.p2\pool\plugins\jakarta.annotation-api_1.3.5.jar
2025-08-01 14:18:21,667 [Worker-75: Launching mavenrun-17629c4d-492f-4ea7-9fd3-0e260b314e95] INFO  o.eclipse.m2e.core.internal.Bundles - getClasspathEntries(Bundle=org.apache.commons.cli_1.9.0 [75])
2025-08-01 14:18:21,667 [Worker-75: Launching mavenrun-17629c4d-492f-4ea7-9fd3-0e260b314e95] INFO  o.eclipse.m2e.core.internal.Bundles - 	Entry: C:\Users\BETU\.p2\pool\plugins\org.apache.commons.cli_1.9.0.jar
2025-08-01 14:18:21,667 [Worker-75: Launching mavenrun-17629c4d-492f-4ea7-9fd3-0e260b314e95] INFO  o.eclipse.m2e.core.internal.Bundles - getClasspathEntries(Bundle=org.apache.commons.commons-codec_1.16.0 [78])
2025-08-01 14:18:21,668 [Worker-75: Launching mavenrun-17629c4d-492f-4ea7-9fd3-0e260b314e95] INFO  o.eclipse.m2e.core.internal.Bundles - 	Entry: C:\Users\BETU\.p2\pool\plugins\org.apache.commons.commons-codec_1.16.0.jar
2025-08-01 14:18:21,668 [Worker-75: Launching mavenrun-17629c4d-492f-4ea7-9fd3-0e260b314e95] INFO  o.eclipse.m2e.core.internal.Bundles - getClasspathEntries(Bundle=com.google.guava.failureaccess_1.0.2 [17])
2025-08-01 14:18:21,668 [Worker-75: Launching mavenrun-17629c4d-492f-4ea7-9fd3-0e260b314e95] INFO  o.eclipse.m2e.core.internal.Bundles - 	Entry: C:\Users\BETU\.p2\pool\plugins\com.google.guava.failureaccess_1.0.2.jar
2025-08-01 14:18:21,670 [Worker-75: Launching mavenrun-17629c4d-492f-4ea7-9fd3-0e260b314e95] INFO  o.e.m.i.launch.MavenLaunchDelegate - Run build in "C:\Users\BETU\AppData\Local\Temp\m2e-archetypeGenerator10671758899462794461":
2025-08-01 14:18:21,670 [Worker-75: Launching mavenrun-17629c4d-492f-4ea7-9fd3-0e260b314e95] INFO  o.e.m.i.launch.MavenLaunchDelegate -  mvn  -DarchetypeGroupId=org.apache.maven.archetypes -DarchetypeArtifactId=maven-archetype-quickstart -DarchetypeVersion=1.1 -DgroupId=com.univ -DartifactId=Spring-Jdbc-Product -Dversion=0.0.1-SNAPSHOT -Dpackage=com.univ -DoutputDirectory=C:\Users\BETU\Desktop\coading\Spring-Core -Dstyle.color=always -U archetype:generate
2025-08-01 14:19:11,776 [Worker-69: Creating maven-archetype-quickstart] INFO  o.e.m.c.i.p.ProjectConfigurationManager - Collecting project info '/pom.xml' C:\Users\BETU\Desktop\coading\Spring-Core\Spring-Jdbc-Product\pom.xml
2025-08-01 14:19:12,377 [Worker-69: Creating maven-archetype-quickstart] INFO  o.e.m.c.i.l.LifecycleMappingFactory - Using org.eclipse.m2e.jdt.JarLifecycleMapping lifecycle mapping for MavenProject: com.univ:Spring-Jdbc-Product:0.0.1-SNAPSHOT @ C:\Users\BETU\Desktop\coading\Spring-Core\Spring-Jdbc-Product\pom.xml.
2025-08-01 14:19:13,686 [Worker-69: Creating maven-archetype-quickstart] INFO  o.e.m.j.i.AbstractJavaProjectConfigurator - Adding source folder /Spring-Jdbc-Product/src/main/java
2025-08-01 14:19:13,689 [Worker-69: Creating maven-archetype-quickstart] INFO  o.e.m.j.i.AbstractJavaProjectConfigurator - Adding resource folder /Spring-Jdbc-Product/src/main/resources
2025-08-01 14:19:13,693 [Worker-69: Creating maven-archetype-quickstart] INFO  o.e.m.j.i.AbstractJavaProjectConfigurator - Adding source folder /Spring-Jdbc-Product/src/test/java
2025-08-01 14:19:13,695 [Worker-69: Creating maven-archetype-quickstart] INFO  o.e.m.j.i.AbstractJavaProjectConfigurator - Adding resource folder /Spring-Jdbc-Product/src/test/resources
2025-08-01 14:19:13,753 [Worker-69: Creating maven-archetype-quickstart] INFO  o.e.m.c.i.p.ProjectConfigurationManager - Imported and configured 1 project(s) in 1 sec
2025-08-01 14:19:14,070 [Worker-77: Building] INFO  o.a.m.s.f.DefaultMavenResourcesFiltering - skip non existing resourceDirectory C:\Users\BETU\Desktop\coading\Spring-Core\Spring-Jdbc-Product\src\main\resources
2025-08-01 14:19:14,072 [Worker-77: Building] INFO  o.a.m.s.f.DefaultMavenResourcesFiltering - skip non existing resourceDirectory C:\Users\BETU\Desktop\coading\Spring-Core\Spring-Jdbc-Product\src\test\resources
2025-08-01 14:20:59,732 [Worker-75: Building] INFO  o.e.m.c.i.l.LifecycleMappingFactory - Using org.eclipse.m2e.jdt.JarLifecycleMapping lifecycle mapping for MavenProject: com.univ:Spring-Jdbc-Product:0.0.1-SNAPSHOT @ C:\Users\BETU\Desktop\coading\Spring-Core\Spring-Jdbc-Product\pom.xml.
2025-08-01 14:20:59,896 [Worker-75: Building] INFO  o.a.m.s.f.DefaultMavenResourcesFiltering - skip non existing resourceDirectory C:\Users\BETU\Desktop\coading\Spring-Core\Spring-Jdbc-Product\src\main\resources
2025-08-01 14:20:59,898 [Worker-75: Building] INFO  o.a.m.s.f.DefaultMavenResourcesFiltering - skip non existing resourceDirectory C:\Users\BETU\Desktop\coading\Spring-Core\Spring-Jdbc-Product\src\test\resources
2025-08-01 14:21:01,087 [Worker-78: Building] INFO  o.a.m.s.f.DefaultMavenResourcesFiltering - skip non existing resourceDirectory C:\Users\BETU\Desktop\coading\Spring-Core\Spring-Jdbc-Product\src\main\resources
2025-08-01 14:21:01,088 [Worker-78: Building] INFO  o.a.m.s.f.DefaultMavenResourcesFiltering - skip non existing resourceDirectory C:\Users\BETU\Desktop\coading\Spring-Core\Spring-Jdbc-Product\src\test\resources
2025-08-01 14:21:25,640 [Worker-72: Building] INFO  o.a.m.s.f.DefaultMavenResourcesFiltering - skip non existing resourceDirectory C:\Users\BETU\Desktop\coading\Spring-Core\Spring-Jdbc-Product\src\main\resources
2025-08-01 14:21:25,645 [Worker-72: Building] INFO  o.a.m.s.f.DefaultMavenResourcesFiltering - skip non existing resourceDirectory C:\Users\BETU\Desktop\coading\Spring-Core\Spring-Jdbc-Product\src\test\resources
2025-08-01 14:21:54,537 [Worker-75: Building] INFO  o.a.m.s.f.DefaultMavenResourcesFiltering - skip non existing resourceDirectory C:\Users\BETU\Desktop\coading\Spring-Core\Spring-Jdbc-Product\src\main\resources
2025-08-01 14:21:54,541 [Worker-75: Building] INFO  o.a.m.s.f.DefaultMavenResourcesFiltering - skip non existing resourceDirectory C:\Users\BETU\Desktop\coading\Spring-Core\Spring-Jdbc-Product\src\test\resources
2025-08-01 14:22:15,507 [Worker-75: Building] INFO  o.a.m.s.f.DefaultMavenResourcesFiltering - skip non existing resourceDirectory C:\Users\BETU\Desktop\coading\Spring-Core\Spring-Jdbc-Product\src\main\resources
2025-08-01 14:22:15,510 [Worker-75: Building] INFO  o.a.m.s.f.DefaultMavenResourcesFiltering - skip non existing resourceDirectory C:\Users\BETU\Desktop\coading\Spring-Core\Spring-Jdbc-Product\src\test\resources
2025-08-01 14:23:35,291 [Worker-78: Building] INFO  o.a.m.s.f.DefaultMavenResourcesFiltering - skip non existing resourceDirectory C:\Users\BETU\Desktop\coading\Spring-Core\Spring-Jdbc-Product\src\main\resources
2025-08-01 14:23:35,293 [Worker-78: Building] INFO  o.a.m.s.f.DefaultMavenResourcesFiltering - skip non existing resourceDirectory C:\Users\BETU\Desktop\coading\Spring-Core\Spring-Jdbc-Product\src\test\resources
2025-08-01 14:23:56,386 [Worker-76: Building] INFO  o.a.m.s.f.DefaultMavenResourcesFiltering - skip non existing resourceDirectory C:\Users\BETU\Desktop\coading\Spring-Core\Spring-Jdbc-Product\src\main\resources
2025-08-01 14:23:56,387 [Worker-76: Building] INFO  o.a.m.s.f.DefaultMavenResourcesFiltering - skip non existing resourceDirectory C:\Users\BETU\Desktop\coading\Spring-Core\Spring-Jdbc-Product\src\test\resources
2025-08-01 14:24:13,507 [Worker-75: Building] INFO  o.a.m.s.f.DefaultMavenResourcesFiltering - skip non existing resourceDirectory C:\Users\BETU\Desktop\coading\Spring-Core\Spring-Jdbc-Product\src\main\resources
2025-08-01 14:24:13,511 [Worker-75: Building] INFO  o.a.m.s.f.DefaultMavenResourcesFiltering - skip non existing resourceDirectory C:\Users\BETU\Desktop\coading\Spring-Core\Spring-Jdbc-Product\src\test\resources
2025-08-01 14:26:41,198 [Worker-75: Building] INFO  o.a.m.s.f.DefaultMavenResourcesFiltering - skip non existing resourceDirectory C:\Users\BETU\Desktop\coading\Spring-Core\Spring-Jdbc-Product\src\main\resources
2025-08-01 14:26:41,200 [Worker-75: Building] INFO  o.a.m.s.f.DefaultMavenResourcesFiltering - skip non existing resourceDirectory C:\Users\BETU\Desktop\coading\Spring-Core\Spring-Jdbc-Product\src\test\resources
2025-08-01 15:01:22,327 [Worker-76: Building] INFO  o.a.m.s.f.DefaultMavenResourcesFiltering - skip non existing resourceDirectory C:\Users\BETU\Desktop\coading\Spring-Core\Spring-Jdbc-Product\src\main\resources
2025-08-01 15:01:22,329 [Worker-76: Building] INFO  o.a.m.s.f.DefaultMavenResourcesFiltering - skip non existing resourceDirectory C:\Users\BETU\Desktop\coading\Spring-Core\Spring-Jdbc-Product\src\test\resources
2025-08-01 15:02:12,374 [Worker-75: Building] INFO  o.a.m.s.f.DefaultMavenResourcesFiltering - skip non existing resourceDirectory C:\Users\BETU\Desktop\coading\Spring-Core\Spring-Jdbc-Product\src\main\resources
2025-08-01 15:02:12,378 [Worker-75: Building] INFO  o.a.m.s.f.DefaultMavenResourcesFiltering - skip non existing resourceDirectory C:\Users\BETU\Desktop\coading\Spring-Core\Spring-Jdbc-Product\src\test\resources
2025-08-01 15:04:47,952 [Worker-76: Building] INFO  o.a.m.s.f.DefaultMavenResourcesFiltering - skip non existing resourceDirectory C:\Users\BETU\Desktop\coading\Spring-Core\Spring-Jdbc-Product\src\main\resources
2025-08-01 15:04:47,956 [Worker-76: Building] INFO  o.a.m.s.f.DefaultMavenResourcesFiltering - skip non existing resourceDirectory C:\Users\BETU\Desktop\coading\Spring-Core\Spring-Jdbc-Product\src\test\resources
2025-08-01 15:05:50,358 [Worker-72: Building] INFO  o.a.m.s.f.DefaultMavenResourcesFiltering - skip non existing resourceDirectory C:\Users\BETU\Desktop\coading\Spring-Core\Spring-Jdbc-Product\src\main\resources
2025-08-01 15:05:50,359 [Worker-72: Building] INFO  o.a.m.s.f.DefaultMavenResourcesFiltering - skip non existing resourceDirectory C:\Users\BETU\Desktop\coading\Spring-Core\Spring-Jdbc-Product\src\test\resources
2025-08-01 15:06:31,739 [Worker-78: Building] INFO  o.a.m.s.f.DefaultMavenResourcesFiltering - skip non existing resourceDirectory C:\Users\BETU\Desktop\coading\Spring-Core\Spring-Jdbc-Product\src\main\resources
2025-08-01 15:06:31,739 [Worker-78: Building] INFO  o.a.m.s.f.DefaultMavenResourcesFiltering - skip non existing resourceDirectory C:\Users\BETU\Desktop\coading\Spring-Core\Spring-Jdbc-Product\src\test\resources
2025-08-01 15:10:58,597 [Worker-72: Building] INFO  o.a.m.s.f.DefaultMavenResourcesFiltering - skip non existing resourceDirectory C:\Users\BETU\Desktop\coading\Spring-Core\Spring-Jdbc-Product\src\main\resources
2025-08-01 15:10:58,599 [Worker-72: Building] INFO  o.a.m.s.f.DefaultMavenResourcesFiltering - skip non existing resourceDirectory C:\Users\BETU\Desktop\coading\Spring-Core\Spring-Jdbc-Product\src\test\resources
2025-08-01 15:12:17,725 [Worker-80: Building] INFO  o.a.m.s.f.DefaultMavenResourcesFiltering - skip non existing resourceDirectory C:\Users\BETU\Desktop\coading\Spring-Core\Spring-Jdbc-Product\src\main\resources
2025-08-01 15:12:17,729 [Worker-80: Building] INFO  o.a.m.s.f.DefaultMavenResourcesFiltering - skip non existing resourceDirectory C:\Users\BETU\Desktop\coading\Spring-Core\Spring-Jdbc-Product\src\test\resources
2025-08-01 15:13:55,940 [Worker-78: Building] INFO  o.a.m.s.f.DefaultMavenResourcesFiltering - skip non existing resourceDirectory C:\Users\BETU\Desktop\coading\Spring-Core\Spring-Jdbc-Product\src\main\resources
2025-08-01 15:13:55,941 [Worker-78: Building] INFO  o.a.m.s.f.DefaultMavenResourcesFiltering - skip non existing resourceDirectory C:\Users\BETU\Desktop\coading\Spring-Core\Spring-Jdbc-Product\src\test\resources
2025-08-01 15:14:48,812 [Worker-72: Building] INFO  o.a.m.s.f.DefaultMavenResourcesFiltering - skip non existing resourceDirectory C:\Users\BETU\Desktop\coading\Spring-Core\Spring-Jdbc-Product\src\main\resources
2025-08-01 15:14:48,816 [Worker-72: Building] INFO  o.a.m.s.f.DefaultMavenResourcesFiltering - skip non existing resourceDirectory C:\Users\BETU\Desktop\coading\Spring-Core\Spring-Jdbc-Product\src\test\resources
2025-08-01 15:19:23,649 [Worker-80: Building] INFO  o.a.m.s.f.DefaultMavenResourcesFiltering - skip non existing resourceDirectory C:\Users\BETU\Desktop\coading\Spring-Core\Spring-Jdbc-Product\src\main\resources
2025-08-01 15:19:23,651 [Worker-80: Building] INFO  o.a.m.s.f.DefaultMavenResourcesFiltering - skip non existing resourceDirectory C:\Users\BETU\Desktop\coading\Spring-Core\Spring-Jdbc-Product\src\test\resources
2025-08-01 15:19:59,814 [Worker-75: Building] INFO  o.a.m.s.f.DefaultMavenResourcesFiltering - skip non existing resourceDirectory C:\Users\BETU\Desktop\coading\Spring-Core\Spring-Jdbc-Product\src\main\resources
2025-08-01 15:19:59,815 [Worker-75: Building] INFO  o.a.m.s.f.DefaultMavenResourcesFiltering - skip non existing resourceDirectory C:\Users\BETU\Desktop\coading\Spring-Core\Spring-Jdbc-Product\src\test\resources
2025-08-01 15:20:09,311 [Worker-75: Building] INFO  o.a.m.s.f.DefaultMavenResourcesFiltering - skip non existing resourceDirectory C:\Users\BETU\Desktop\coading\Spring-Core\Spring-Jdbc-Product\src\main\resources
2025-08-01 15:20:09,313 [Worker-75: Building] INFO  o.a.m.s.f.DefaultMavenResourcesFiltering - skip non existing resourceDirectory C:\Users\BETU\Desktop\coading\Spring-Core\Spring-Jdbc-Product\src\test\resources
2025-08-01 15:23:47,306 [Worker-80: Building] INFO  o.a.m.s.f.DefaultMavenResourcesFiltering - skip non existing resourceDirectory C:\Users\BETU\Desktop\coading\Spring-Core\Spring-Jdbc-Product\src\main\resources
2025-08-01 15:23:47,307 [Worker-80: Building] INFO  o.a.m.s.f.DefaultMavenResourcesFiltering - skip non existing resourceDirectory C:\Users\BETU\Desktop\coading\Spring-Core\Spring-Jdbc-Product\src\test\resources
2025-08-01 15:24:27,784 [Worker-82: Building] INFO  o.a.m.s.f.DefaultMavenResourcesFiltering - skip non existing resourceDirectory C:\Users\BETU\Desktop\coading\Spring-Core\Spring-Jdbc-Product\src\main\resources
2025-08-01 15:24:27,785 [Worker-82: Building] INFO  o.a.m.s.f.DefaultMavenResourcesFiltering - skip non existing resourceDirectory C:\Users\BETU\Desktop\coading\Spring-Core\Spring-Jdbc-Product\src\test\resources
2025-08-01 15:24:52,695 [Worker-81: Building] INFO  o.a.m.s.f.DefaultMavenResourcesFiltering - skip non existing resourceDirectory C:\Users\BETU\Desktop\coading\Spring-Core\Spring-Jdbc-Product\src\main\resources
2025-08-01 15:24:52,696 [Worker-81: Building] INFO  o.a.m.s.f.DefaultMavenResourcesFiltering - skip non existing resourceDirectory C:\Users\BETU\Desktop\coading\Spring-Core\Spring-Jdbc-Product\src\test\resources
2025-08-01 15:25:30,701 [Worker-80: Building] INFO  o.a.m.s.f.DefaultMavenResourcesFiltering - skip non existing resourceDirectory C:\Users\BETU\Desktop\coading\Spring-Core\Spring-Jdbc-Product\src\main\resources
2025-08-01 15:25:30,702 [Worker-80: Building] INFO  o.a.m.s.f.DefaultMavenResourcesFiltering - skip non existing resourceDirectory C:\Users\BETU\Desktop\coading\Spring-Core\Spring-Jdbc-Product\src\test\resources
2025-08-01 15:31:20,546 [Worker-76: Building] INFO  o.a.m.s.f.DefaultMavenResourcesFiltering - skip non existing resourceDirectory C:\Users\BETU\Desktop\coading\Spring-Core\Spring-Jdbc-Product\src\main\resources
2025-08-01 15:31:20,550 [Worker-76: Building] INFO  o.a.m.s.f.DefaultMavenResourcesFiltering - skip non existing resourceDirectory C:\Users\BETU\Desktop\coading\Spring-Core\Spring-Jdbc-Product\src\test\resources
2025-08-01 15:32:41,485 [Worker-80: Launching App (14)] INFO  o.a.m.s.f.DefaultMavenResourcesFiltering - skip non existing resourceDirectory C:\Users\BETU\Desktop\coading\Spring-Core\Spring-Jdbc-Product\src\main\resources
2025-08-01 15:32:41,488 [Worker-80: Launching App (14)] INFO  o.a.m.s.f.DefaultMavenResourcesFiltering - skip non existing resourceDirectory C:\Users\BETU\Desktop\coading\Spring-Core\Spring-Jdbc-Product\src\test\resources
2025-08-01 15:33:21,887 [Worker-84: Launching App (14)] INFO  o.a.m.s.f.DefaultMavenResourcesFiltering - skip non existing resourceDirectory C:\Users\BETU\Desktop\coading\Spring-Core\Spring-Jdbc-Product\src\main\resources
2025-08-01 15:33:21,891 [Worker-84: Launching App (14)] INFO  o.a.m.s.f.DefaultMavenResourcesFiltering - skip non existing resourceDirectory C:\Users\BETU\Desktop\coading\Spring-Core\Spring-Jdbc-Product\src\test\resources
2025-08-01 15:37:40,018 [Worker-76: Building] INFO  o.a.m.s.f.DefaultMavenResourcesFiltering - skip non existing resourceDirectory C:\Users\BETU\Desktop\coading\Spring-Core\Spring-Jdbc-Product\src\main\resources
2025-08-01 15:37:40,020 [Worker-76: Building] INFO  o.a.m.s.f.DefaultMavenResourcesFiltering - skip non existing resourceDirectory C:\Users\BETU\Desktop\coading\Spring-Core\Spring-Jdbc-Product\src\test\resources
2025-08-01 15:48:09,365 [Worker-89: Building] INFO  o.a.m.s.f.DefaultMavenResourcesFiltering - skip non existing resourceDirectory C:\Users\BETU\Desktop\coading\Spring-Core\Spring-Jdbc-Product\src\main\resources
2025-08-01 15:48:09,368 [Worker-89: Building] INFO  o.a.m.s.f.DefaultMavenResourcesFiltering - skip non existing resourceDirectory C:\Users\BETU\Desktop\coading\Spring-Core\Spring-Jdbc-Product\src\test\resources
2025-08-01 15:53:50,992 [Worker-88: Building] INFO  o.a.m.s.f.DefaultMavenResourcesFiltering - skip non existing resourceDirectory C:\Users\BETU\Desktop\coading\Spring-Core\Spring-Jdbc-Product\src\main\resources
2025-08-01 15:53:50,995 [Worker-88: Building] INFO  o.a.m.s.f.DefaultMavenResourcesFiltering - skip non existing resourceDirectory C:\Users\BETU\Desktop\coading\Spring-Core\Spring-Jdbc-Product\src\test\resources
2025-08-01 15:54:15,132 [Worker-88: Building] INFO  o.a.m.s.f.DefaultMavenResourcesFiltering - skip non existing resourceDirectory C:\Users\BETU\Desktop\coading\Spring-Core\Spring-Jdbc-Product\src\main\resources
2025-08-01 15:54:15,134 [Worker-88: Building] INFO  o.a.m.s.f.DefaultMavenResourcesFiltering - skip non existing resourceDirectory C:\Users\BETU\Desktop\coading\Spring-Core\Spring-Jdbc-Product\src\test\resources
2025-08-01 15:55:24,603 [Worker-92: Building] INFO  o.a.m.s.f.DefaultMavenResourcesFiltering - skip non existing resourceDirectory C:\Users\BETU\Desktop\coading\Spring-Core\Spring-Jdbc-Product\src\main\resources
2025-08-01 15:55:24,605 [Worker-92: Building] INFO  o.a.m.s.f.DefaultMavenResourcesFiltering - skip non existing resourceDirectory C:\Users\BETU\Desktop\coading\Spring-Core\Spring-Jdbc-Product\src\test\resources
2025-08-01 16:04:45,535 [Worker-94: Building] INFO  o.a.m.s.f.DefaultMavenResourcesFiltering - skip non existing resourceDirectory C:\Users\BETU\Desktop\coading\Spring-Core\Spring-Jdbc-Product\src\main\resources
2025-08-01 16:04:45,537 [Worker-94: Building] INFO  o.a.m.s.f.DefaultMavenResourcesFiltering - skip non existing resourceDirectory C:\Users\BETU\Desktop\coading\Spring-Core\Spring-Jdbc-Product\src\test\resources
2025-08-01 16:04:56,236 [Worker-92: Building] INFO  o.a.m.s.f.DefaultMavenResourcesFiltering - skip non existing resourceDirectory C:\Users\BETU\Desktop\coading\Spring-Core\Spring-Jdbc-Product\src\main\resources
2025-08-01 16:04:56,242 [Worker-92: Building] INFO  o.a.m.s.f.DefaultMavenResourcesFiltering - skip non existing resourceDirectory C:\Users\BETU\Desktop\coading\Spring-Core\Spring-Jdbc-Product\src\test\resources
2025-08-01 16:09:06,208 [Worker-97: Building] INFO  o.a.m.s.f.DefaultMavenResourcesFiltering - skip non existing resourceDirectory C:\Users\BETU\Desktop\coading\Spring-Core\Spring-Jdbc-Product\src\main\resources
2025-08-01 16:09:06,210 [Worker-97: Building] INFO  o.a.m.s.f.DefaultMavenResourcesFiltering - skip non existing resourceDirectory C:\Users\BETU\Desktop\coading\Spring-Core\Spring-Jdbc-Product\src\test\resources
2025-08-01 16:17:06,848 [Worker-101: Launching App (13)] INFO  o.a.m.s.f.DefaultMavenResourcesFiltering - skip non existing resourceDirectory C:\Users\BETU\Desktop\coading\Spring-Core\Spring-Jdbc-Student\src\main\resources
2025-08-01 16:17:06,851 [Worker-101: Launching App (13)] INFO  o.a.m.s.f.DefaultMavenResourcesFiltering - skip non existing resourceDirectory C:\Users\BETU\Desktop\coading\Spring-Core\Spring-Jdbc-Student\src\test\resources
2025-08-01 16:17:17,349 [Worker-98: Building] INFO  o.a.m.s.f.DefaultMavenResourcesFiltering - skip non existing resourceDirectory C:\Users\BETU\Desktop\coading\Spring-Core\Spring-Jdbc-Student\src\main\resources
2025-08-01 16:17:17,351 [Worker-98: Building] INFO  o.a.m.s.f.DefaultMavenResourcesFiltering - skip non existing resourceDirectory C:\Users\BETU\Desktop\coading\Spring-Core\Spring-Jdbc-Student\src\test\resources
2025-08-01 16:17:41,987 [Worker-98: Building] INFO  o.a.m.s.f.DefaultMavenResourcesFiltering - skip non existing resourceDirectory C:\Users\BETU\Desktop\coading\Spring-Core\Spring-Jdbc-Student\src\main\resources
2025-08-01 16:17:41,991 [Worker-98: Building] INFO  o.a.m.s.f.DefaultMavenResourcesFiltering - skip non existing resourceDirectory C:\Users\BETU\Desktop\coading\Spring-Core\Spring-Jdbc-Student\src\test\resources
2025-08-01 16:18:26,504 [Worker-102: Building] INFO  o.a.m.s.f.DefaultMavenResourcesFiltering - skip non existing resourceDirectory C:\Users\BETU\Desktop\coading\Spring-Core\Spring-Jdbc-Product\src\main\resources
2025-08-01 16:18:26,506 [Worker-102: Building] INFO  o.a.m.s.f.DefaultMavenResourcesFiltering - skip non existing resourceDirectory C:\Users\BETU\Desktop\coading\Spring-Core\Spring-Jdbc-Product\src\test\resources
2025-08-01 16:19:15,364 [Worker-102: Building] INFO  o.a.m.s.f.DefaultMavenResourcesFiltering - skip non existing resourceDirectory C:\Users\BETU\Desktop\coading\Spring-Core\Spring-Jdbc-Product\src\main\resources
2025-08-01 16:19:15,366 [Worker-102: Building] INFO  o.a.m.s.f.DefaultMavenResourcesFiltering - skip non existing resourceDirectory C:\Users\BETU\Desktop\coading\Spring-Core\Spring-Jdbc-Product\src\test\resources
2025-08-01 16:20:28,276 [Worker-100: Building] INFO  o.a.m.s.f.DefaultMavenResourcesFiltering - skip non existing resourceDirectory C:\Users\BETU\Desktop\coading\Spring-Core\Spring-Jdbc-Product\src\main\resources
2025-08-01 16:20:28,278 [Worker-100: Building] INFO  o.a.m.s.f.DefaultMavenResourcesFiltering - skip non existing resourceDirectory C:\Users\BETU\Desktop\coading\Spring-Core\Spring-Jdbc-Product\src\test\resources
2025-08-01 16:20:46,957 [Worker-101: Launching App (14)] INFO  o.a.m.s.f.DefaultMavenResourcesFiltering - skip non existing resourceDirectory C:\Users\BETU\Desktop\coading\Spring-Core\Spring-Jdbc-Product\src\main\resources
2025-08-01 16:20:46,960 [Worker-101: Launching App (14)] INFO  o.a.m.s.f.DefaultMavenResourcesFiltering - skip non existing resourceDirectory C:\Users\BETU\Desktop\coading\Spring-Core\Spring-Jdbc-Product\src\test\resources
2025-08-01 16:21:25,900 [Worker-100: Building] INFO  o.a.m.s.f.DefaultMavenResourcesFiltering - skip non existing resourceDirectory C:\Users\BETU\Desktop\coading\Spring-Core\Spring-Jdbc-Product\src\main\resources
2025-08-01 16:21:25,903 [Worker-100: Building] INFO  o.a.m.s.f.DefaultMavenResourcesFiltering - skip non existing resourceDirectory C:\Users\BETU\Desktop\coading\Spring-Core\Spring-Jdbc-Product\src\test\resources
2025-08-01 16:23:37,765 [Worker-103: Building] INFO  o.a.m.s.f.DefaultMavenResourcesFiltering - skip non existing resourceDirectory C:\Users\BETU\Desktop\coading\Spring-Core\Spring-Jdbc-Student\src\main\resources
2025-08-01 16:23:37,766 [Worker-103: Building] INFO  o.a.m.s.f.DefaultMavenResourcesFiltering - skip non existing resourceDirectory C:\Users\BETU\Desktop\coading\Spring-Core\Spring-Jdbc-Student\src\test\resources
2025-08-01 16:27:48,010 [Worker-105: Building] INFO  o.a.m.s.f.DefaultMavenResourcesFiltering - skip non existing resourceDirectory C:\Users\BETU\Desktop\coading\Spring-Core\Spring-Jdbc-Student\src\main\resources
2025-08-01 16:27:48,024 [Worker-105: Building] INFO  o.a.m.s.f.DefaultMavenResourcesFiltering - skip non existing resourceDirectory C:\Users\BETU\Desktop\coading\Spring-Core\Spring-Jdbc-Student\src\test\resources
2025-08-01 16:28:36,659 [Worker-105: Building] INFO  o.a.m.s.f.DefaultMavenResourcesFiltering - skip non existing resourceDirectory C:\Users\BETU\Desktop\coading\Spring-Core\Spring-Jdbc-Student\src\main\resources
2025-08-01 16:28:36,662 [Worker-105: Building] INFO  o.a.m.s.f.DefaultMavenResourcesFiltering - skip non existing resourceDirectory C:\Users\BETU\Desktop\coading\Spring-Core\Spring-Jdbc-Student\src\test\resources
2025-08-01 16:28:48,704 [Worker-107: Building] INFO  o.a.m.s.f.DefaultMavenResourcesFiltering - skip non existing resourceDirectory C:\Users\BETU\Desktop\coading\Spring-Core\Spring-Jdbc-Product\src\main\resources
2025-08-01 16:28:48,706 [Worker-107: Building] INFO  o.a.m.s.f.DefaultMavenResourcesFiltering - skip non existing resourceDirectory C:\Users\BETU\Desktop\coading\Spring-Core\Spring-Jdbc-Product\src\test\resources
2025-08-01 16:31:35,767 [Worker-108: Building] INFO  o.a.m.s.f.DefaultMavenResourcesFiltering - skip non existing resourceDirectory C:\Users\BETU\Desktop\coading\Spring-Core\Spring-core-JDBC\src\main\resources
2025-08-01 16:31:35,769 [Worker-108: Building] INFO  o.a.m.s.f.DefaultMavenResourcesFiltering - skip non existing resourceDirectory C:\Users\BETU\Desktop\coading\Spring-Core\Spring-core-JDBC\src\test\resources
2025-08-02 11:50:30,156 [Worker-110: Building] INFO  o.a.m.s.f.DefaultMavenResourcesFiltering - skip non existing resourceDirectory C:\Users\BETU\Desktop\coading\Spring-Core\Spring-core-JDBC\src\main\resources
2025-08-02 11:50:30,157 [Worker-110: Building] INFO  o.a.m.s.f.DefaultMavenResourcesFiltering - skip non existing resourceDirectory C:\Users\BETU\Desktop\coading\Spring-Core\Spring-core-JDBC\src\test\resources
2025-08-02 11:50:51,351 [Worker-113: Building] INFO  o.a.m.s.f.DefaultMavenResourcesFiltering - skip non existing resourceDirectory C:\Users\BETU\Desktop\coading\Spring-Core\Spring-core-JDBC\src\main\resources
2025-08-02 11:50:51,353 [Worker-113: Building] INFO  o.a.m.s.f.DefaultMavenResourcesFiltering - skip non existing resourceDirectory C:\Users\BETU\Desktop\coading\Spring-Core\Spring-core-JDBC\src\test\resources
2025-08-02 11:54:10,157 [Worker-102: Building] INFO  o.a.m.s.f.DefaultMavenResourcesFiltering - skip non existing resourceDirectory C:\Users\BETU\Desktop\coading\Spring-Core\Spring-core-JDBC\src\main\resources
2025-08-02 11:54:10,159 [Worker-102: Building] INFO  o.a.m.s.f.DefaultMavenResourcesFiltering - skip non existing resourceDirectory C:\Users\BETU\Desktop\coading\Spring-Core\Spring-core-JDBC\src\test\resources
2025-08-02 11:54:23,080 [Worker-115: Building] INFO  o.a.m.s.f.DefaultMavenResourcesFiltering - skip non existing resourceDirectory C:\Users\BETU\Desktop\coading\Spring-Core\Spring-core-JDBC\src\main\resources
2025-08-02 11:54:23,083 [Worker-115: Building] INFO  o.a.m.s.f.DefaultMavenResourcesFiltering - skip non existing resourceDirectory C:\Users\BETU\Desktop\coading\Spring-Core\Spring-core-JDBC\src\test\resources
2025-08-02 11:55:16,953 [Worker-102: Building] INFO  o.a.m.s.f.DefaultMavenResourcesFiltering - skip non existing resourceDirectory C:\Users\BETU\Desktop\coading\Spring-Core\Spring-core-JDBC\src\main\resources
2025-08-02 11:55:16,954 [Worker-102: Building] INFO  o.a.m.s.f.DefaultMavenResourcesFiltering - skip non existing resourceDirectory C:\Users\BETU\Desktop\coading\Spring-Core\Spring-core-JDBC\src\test\resources
2025-08-02 11:56:32,382 [Worker-102: Building] INFO  o.a.m.s.f.DefaultMavenResourcesFiltering - skip non existing resourceDirectory C:\Users\BETU\Desktop\coading\Spring-Core\Spring-core-JDBC\src\main\resources
2025-08-02 11:56:32,384 [Worker-102: Building] INFO  o.a.m.s.f.DefaultMavenResourcesFiltering - skip non existing resourceDirectory C:\Users\BETU\Desktop\coading\Spring-Core\Spring-core-JDBC\src\test\resources
2025-08-02 11:58:10,976 [Worker-110: Building] INFO  o.a.m.s.f.DefaultMavenResourcesFiltering - skip non existing resourceDirectory C:\Users\BETU\Desktop\coading\Spring-Core\Spring-core-JDBC\src\main\resources
2025-08-02 11:58:10,977 [Worker-110: Building] INFO  o.a.m.s.f.DefaultMavenResourcesFiltering - skip non existing resourceDirectory C:\Users\BETU\Desktop\coading\Spring-Core\Spring-core-JDBC\src\test\resources
2025-08-02 11:58:23,112 [Worker-110: Building] INFO  o.a.m.s.f.DefaultMavenResourcesFiltering - skip non existing resourceDirectory C:\Users\BETU\Desktop\coading\Spring-Core\Spring-core-JDBC\src\main\resources
2025-08-02 11:58:23,114 [Worker-110: Building] INFO  o.a.m.s.f.DefaultMavenResourcesFiltering - skip non existing resourceDirectory C:\Users\BETU\Desktop\coading\Spring-Core\Spring-core-JDBC\src\test\resources
2025-08-02 11:59:52,755 [Worker-111: Building] INFO  o.a.m.s.f.DefaultMavenResourcesFiltering - skip non existing resourceDirectory C:\Users\BETU\Desktop\coading\Spring-Core\Spring-core-JDBC\src\main\resources
2025-08-02 11:59:52,757 [Worker-111: Building] INFO  o.a.m.s.f.DefaultMavenResourcesFiltering - skip non existing resourceDirectory C:\Users\BETU\Desktop\coading\Spring-Core\Spring-core-JDBC\src\test\resources
2025-08-02 12:00:10,263 [Worker-114: Building] INFO  o.a.m.s.f.DefaultMavenResourcesFiltering - skip non existing resourceDirectory C:\Users\BETU\Desktop\coading\Spring-Core\Spring-core-JDBC\src\main\resources
2025-08-02 12:00:10,264 [Worker-114: Building] INFO  o.a.m.s.f.DefaultMavenResourcesFiltering - skip non existing resourceDirectory C:\Users\BETU\Desktop\coading\Spring-Core\Spring-core-JDBC\src\test\resources
2025-08-02 12:01:22,617 [Worker-110: Building] INFO  o.a.m.s.f.DefaultMavenResourcesFiltering - skip non existing resourceDirectory C:\Users\BETU\Desktop\coading\Spring-Core\Spring-core-JDBC\src\main\resources
2025-08-02 12:01:22,619 [Worker-110: Building] INFO  o.a.m.s.f.DefaultMavenResourcesFiltering - skip non existing resourceDirectory C:\Users\BETU\Desktop\coading\Spring-Core\Spring-core-JDBC\src\test\resources
2025-08-02 12:01:40,149 [Worker-110: Building] INFO  o.a.m.s.f.DefaultMavenResourcesFiltering - skip non existing resourceDirectory C:\Users\BETU\Desktop\coading\Spring-Core\Spring-core-JDBC\src\main\resources
2025-08-02 12:01:40,153 [Worker-110: Building] INFO  o.a.m.s.f.DefaultMavenResourcesFiltering - skip non existing resourceDirectory C:\Users\BETU\Desktop\coading\Spring-Core\Spring-core-JDBC\src\test\resources
2025-08-02 12:01:54,269 [Worker-116: Building] INFO  o.a.m.s.f.DefaultMavenResourcesFiltering - skip non existing resourceDirectory C:\Users\BETU\Desktop\coading\Spring-Core\Spring-core-JDBC\src\main\resources
2025-08-02 12:01:54,272 [Worker-116: Building] INFO  o.a.m.s.f.DefaultMavenResourcesFiltering - skip non existing resourceDirectory C:\Users\BETU\Desktop\coading\Spring-Core\Spring-core-JDBC\src\test\resources
2025-08-02 12:01:57,831 [Worker-111: Building] INFO  o.a.m.s.f.DefaultMavenResourcesFiltering - skip non existing resourceDirectory C:\Users\BETU\Desktop\coading\Spring-Core\Spring-core-JDBC\src\main\resources
2025-08-02 12:01:57,832 [Worker-111: Building] INFO  o.a.m.s.f.DefaultMavenResourcesFiltering - skip non existing resourceDirectory C:\Users\BETU\Desktop\coading\Spring-Core\Spring-core-JDBC\src\test\resources
2025-08-02 12:06:42,626 [Worker-117: Building] INFO  o.a.m.s.f.DefaultMavenResourcesFiltering - skip non existing resourceDirectory C:\Users\BETU\Desktop\coading\Spring-Core\Spring-core-JDBC\src\main\resources
2025-08-02 12:06:42,628 [Worker-117: Building] INFO  o.a.m.s.f.DefaultMavenResourcesFiltering - skip non existing resourceDirectory C:\Users\BETU\Desktop\coading\Spring-Core\Spring-core-JDBC\src\test\resources
2025-08-02 12:07:42,191 [Worker-114: Building] INFO  o.a.m.s.f.DefaultMavenResourcesFiltering - skip non existing resourceDirectory C:\Users\BETU\Desktop\coading\Spring-Core\Spring-core-JDBC\src\main\resources
2025-08-02 12:07:42,193 [Worker-114: Building] INFO  o.a.m.s.f.DefaultMavenResourcesFiltering - skip non existing resourceDirectory C:\Users\BETU\Desktop\coading\Spring-Core\Spring-core-JDBC\src\test\resources
2025-08-02 12:08:22,095 [Worker-119: Building] INFO  o.a.m.s.f.DefaultMavenResourcesFiltering - skip non existing resourceDirectory C:\Users\BETU\Desktop\coading\Spring-Core\Spring-core-JDBC\src\main\resources
2025-08-02 12:08:22,097 [Worker-119: Building] INFO  o.a.m.s.f.DefaultMavenResourcesFiltering - skip non existing resourceDirectory C:\Users\BETU\Desktop\coading\Spring-Core\Spring-core-JDBC\src\test\resources
2025-08-02 12:09:28,190 [Worker-114: Building] INFO  o.a.m.s.f.DefaultMavenResourcesFiltering - skip non existing resourceDirectory C:\Users\BETU\Desktop\coading\Spring-Core\Spring-core-JDBC\src\main\resources
2025-08-02 12:09:28,193 [Worker-114: Building] INFO  o.a.m.s.f.DefaultMavenResourcesFiltering - skip non existing resourceDirectory C:\Users\BETU\Desktop\coading\Spring-Core\Spring-core-JDBC\src\test\resources
2025-08-02 12:11:47,461 [Worker-120: Building] INFO  o.a.m.s.f.DefaultMavenResourcesFiltering - skip non existing resourceDirectory C:\Users\BETU\Desktop\coading\Spring-Core\Spring-Jdbc-Product\src\main\resources
2025-08-02 12:11:47,463 [Worker-120: Building] INFO  o.a.m.s.f.DefaultMavenResourcesFiltering - skip non existing resourceDirectory C:\Users\BETU\Desktop\coading\Spring-Core\Spring-Jdbc-Product\src\test\resources
2025-08-02 12:13:32,526 [Worker-114: Building] INFO  o.a.m.s.f.DefaultMavenResourcesFiltering - skip non existing resourceDirectory C:\Users\BETU\Desktop\coading\Spring-Core\Spring-Jdbc-Product\src\main\resources
2025-08-02 12:13:32,529 [Worker-114: Building] INFO  o.a.m.s.f.DefaultMavenResourcesFiltering - skip non existing resourceDirectory C:\Users\BETU\Desktop\coading\Spring-Core\Spring-Jdbc-Product\src\test\resources
2025-08-02 12:14:01,455 [Worker-118: Building] INFO  o.a.m.s.f.DefaultMavenResourcesFiltering - skip non existing resourceDirectory C:\Users\BETU\Desktop\coading\Spring-Core\Spring-Jdbc-Product\src\main\resources
2025-08-02 12:14:01,456 [Worker-118: Building] INFO  o.a.m.s.f.DefaultMavenResourcesFiltering - skip non existing resourceDirectory C:\Users\BETU\Desktop\coading\Spring-Core\Spring-Jdbc-Product\src\test\resources
2025-08-02 12:14:13,762 [Worker-119: Building] INFO  o.a.m.s.f.DefaultMavenResourcesFiltering - skip non existing resourceDirectory C:\Users\BETU\Desktop\coading\Spring-Core\Spring-Jdbc-Product\src\main\resources
2025-08-02 12:14:13,764 [Worker-119: Building] INFO  o.a.m.s.f.DefaultMavenResourcesFiltering - skip non existing resourceDirectory C:\Users\BETU\Desktop\coading\Spring-Core\Spring-Jdbc-Product\src\test\resources
2025-08-02 12:15:06,786 [Worker-119: Building] INFO  o.a.m.s.f.DefaultMavenResourcesFiltering - skip non existing resourceDirectory C:\Users\BETU\Desktop\coading\Spring-Core\Spring-Jdbc-Product\src\main\resources
2025-08-02 12:15:06,791 [Worker-119: Building] INFO  o.a.m.s.f.DefaultMavenResourcesFiltering - skip non existing resourceDirectory C:\Users\BETU\Desktop\coading\Spring-Core\Spring-Jdbc-Product\src\test\resources
2025-08-02 12:17:11,975 [Worker-123: Building] INFO  o.a.m.s.f.DefaultMavenResourcesFiltering - skip non existing resourceDirectory C:\Users\BETU\Desktop\coading\Spring-Core\Spring-Jdbc-Student\src\main\resources
2025-08-02 12:17:11,976 [Worker-123: Building] INFO  o.a.m.s.f.DefaultMavenResourcesFiltering - skip non existing resourceDirectory C:\Users\BETU\Desktop\coading\Spring-Core\Spring-Jdbc-Student\src\test\resources
2025-08-02 12:18:35,820 [Worker-117: Building] INFO  o.a.m.s.f.DefaultMavenResourcesFiltering - skip non existing resourceDirectory C:\Users\BETU\Desktop\coading\Spring-Core\Spring-Jdbc-Student\src\main\resources
2025-08-02 12:18:35,822 [Worker-117: Building] INFO  o.a.m.s.f.DefaultMavenResourcesFiltering - skip non existing resourceDirectory C:\Users\BETU\Desktop\coading\Spring-Core\Spring-Jdbc-Student\src\test\resources
2025-08-02 12:19:30,792 [Worker-122: Building] INFO  o.a.m.s.f.DefaultMavenResourcesFiltering - skip non existing resourceDirectory C:\Users\BETU\Desktop\coading\Spring-Core\Spring-Jdbc-Student\src\main\resources
2025-08-02 12:19:30,794 [Worker-122: Building] INFO  o.a.m.s.f.DefaultMavenResourcesFiltering - skip non existing resourceDirectory C:\Users\BETU\Desktop\coading\Spring-Core\Spring-Jdbc-Student\src\test\resources
2025-08-02 12:20:18,291 [Worker-117: Building] INFO  o.a.m.s.f.DefaultMavenResourcesFiltering - skip non existing resourceDirectory C:\Users\BETU\Desktop\coading\Spring-Core\Spring-Jdbc-Student\src\main\resources
2025-08-02 12:20:18,293 [Worker-117: Building] INFO  o.a.m.s.f.DefaultMavenResourcesFiltering - skip non existing resourceDirectory C:\Users\BETU\Desktop\coading\Spring-Core\Spring-Jdbc-Student\src\test\resources
2025-08-02 12:22:05,896 [Worker-122: Building] INFO  o.a.m.s.f.DefaultMavenResourcesFiltering - skip non existing resourceDirectory C:\Users\BETU\Desktop\coading\Spring-Core\Spring-Jdbc-Student\src\main\resources
2025-08-02 12:22:05,897 [Worker-122: Building] INFO  o.a.m.s.f.DefaultMavenResourcesFiltering - skip non existing resourceDirectory C:\Users\BETU\Desktop\coading\Spring-Core\Spring-Jdbc-Student\src\test\resources
2025-08-02 12:26:13,251 [Worker-125: Building] INFO  o.a.m.s.f.DefaultMavenResourcesFiltering - skip non existing resourceDirectory C:\Users\BETU\Desktop\coading\Spring-Core\Spring-Jdbc-Student\src\main\resources
2025-08-02 12:26:13,253 [Worker-125: Building] INFO  o.a.m.s.f.DefaultMavenResourcesFiltering - skip non existing resourceDirectory C:\Users\BETU\Desktop\coading\Spring-Core\Spring-Jdbc-Student\src\test\resources
2025-08-02 12:28:55,877 [Worker-122: Building] INFO  o.a.m.s.f.DefaultMavenResourcesFiltering - skip non existing resourceDirectory C:\Users\BETU\Desktop\coading\Spring-Core\Spring-Jdbc-Student\src\main\resources
2025-08-02 12:28:55,879 [Worker-122: Building] INFO  o.a.m.s.f.DefaultMavenResourcesFiltering - skip non existing resourceDirectory C:\Users\BETU\Desktop\coading\Spring-Core\Spring-Jdbc-Student\src\test\resources
2025-08-02 12:30:47,806 [Worker-131: Building] INFO  o.a.m.s.f.DefaultMavenResourcesFiltering - skip non existing resourceDirectory C:\Users\BETU\Desktop\coading\Spring-Core\Spring-Jdbc-Student\src\main\resources
2025-08-02 12:30:47,807 [Worker-131: Building] INFO  o.a.m.s.f.DefaultMavenResourcesFiltering - skip non existing resourceDirectory C:\Users\BETU\Desktop\coading\Spring-Core\Spring-Jdbc-Student\src\test\resources
2025-08-02 12:31:15,457 [Worker-131: Building] INFO  o.a.m.s.f.DefaultMavenResourcesFiltering - skip non existing resourceDirectory C:\Users\BETU\Desktop\coading\Spring-Core\Spring-Jdbc-Student\src\main\resources
2025-08-02 12:31:15,458 [Worker-131: Building] INFO  o.a.m.s.f.DefaultMavenResourcesFiltering - skip non existing resourceDirectory C:\Users\BETU\Desktop\coading\Spring-Core\Spring-Jdbc-Student\src\test\resources
2025-08-02 12:32:43,337 [Worker-130: Building] INFO  o.a.m.s.f.DefaultMavenResourcesFiltering - skip non existing resourceDirectory C:\Users\BETU\Desktop\coading\Spring-Core\Spring-Jdbc-Student\src\main\resources
2025-08-02 12:32:43,338 [Worker-130: Building] INFO  o.a.m.s.f.DefaultMavenResourcesFiltering - skip non existing resourceDirectory C:\Users\BETU\Desktop\coading\Spring-Core\Spring-Jdbc-Student\src\test\resources
2025-08-02 12:32:51,824 [Worker-132: Building] INFO  o.a.m.s.f.DefaultMavenResourcesFiltering - skip non existing resourceDirectory C:\Users\BETU\Desktop\coading\Spring-Core\Spring-Jdbc-Student\src\main\resources
2025-08-02 12:32:51,826 [Worker-132: Building] INFO  o.a.m.s.f.DefaultMavenResourcesFiltering - skip non existing resourceDirectory C:\Users\BETU\Desktop\coading\Spring-Core\Spring-Jdbc-Student\src\test\resources
2025-08-02 12:35:43,178 [Worker-130: Building] INFO  o.a.m.s.f.DefaultMavenResourcesFiltering - skip non existing resourceDirectory C:\Users\BETU\Desktop\coading\Spring-Core\Spring-Jdbc-Student\src\main\resources
2025-08-02 12:35:43,179 [Worker-130: Building] INFO  o.a.m.s.f.DefaultMavenResourcesFiltering - skip non existing resourceDirectory C:\Users\BETU\Desktop\coading\Spring-Core\Spring-Jdbc-Student\src\test\resources
2025-08-02 12:36:00,616 [Worker-130: Building] INFO  o.a.m.s.f.DefaultMavenResourcesFiltering - skip non existing resourceDirectory C:\Users\BETU\Desktop\coading\Spring-Core\Spring-Jdbc-Student\src\main\resources
2025-08-02 12:36:00,619 [Worker-130: Building] INFO  o.a.m.s.f.DefaultMavenResourcesFiltering - skip non existing resourceDirectory C:\Users\BETU\Desktop\coading\Spring-Core\Spring-Jdbc-Student\src\test\resources
2025-08-02 12:37:17,213 [Worker-130: Building] INFO  o.a.m.s.f.DefaultMavenResourcesFiltering - skip non existing resourceDirectory C:\Users\BETU\Desktop\coading\Spring-Core\Spring-Jdbc-Student\src\main\resources
2025-08-02 12:37:17,214 [Worker-130: Building] INFO  o.a.m.s.f.DefaultMavenResourcesFiltering - skip non existing resourceDirectory C:\Users\BETU\Desktop\coading\Spring-Core\Spring-Jdbc-Student\src\test\resources
2025-08-02 12:37:28,850 [Worker-131: Building] INFO  o.a.m.s.f.DefaultMavenResourcesFiltering - skip non existing resourceDirectory C:\Users\BETU\Desktop\coading\Spring-Core\Spring-Jdbc-Student\src\main\resources
2025-08-02 12:37:28,852 [Worker-131: Building] INFO  o.a.m.s.f.DefaultMavenResourcesFiltering - skip non existing resourceDirectory C:\Users\BETU\Desktop\coading\Spring-Core\Spring-Jdbc-Student\src\test\resources
2025-08-02 12:38:27,056 [Worker-135: Building] INFO  o.a.m.s.f.DefaultMavenResourcesFiltering - skip non existing resourceDirectory C:\Users\BETU\Desktop\coading\Spring-Core\Spring-Jdbc-Student\src\main\resources
2025-08-02 12:38:27,058 [Worker-135: Building] INFO  o.a.m.s.f.DefaultMavenResourcesFiltering - skip non existing resourceDirectory C:\Users\BETU\Desktop\coading\Spring-Core\Spring-Jdbc-Student\src\test\resources
2025-08-02 12:39:07,857 [Worker-136: Building] INFO  o.a.m.s.f.DefaultMavenResourcesFiltering - skip non existing resourceDirectory C:\Users\BETU\Desktop\coading\Spring-Core\Spring-Jdbc-Student\src\main\resources
2025-08-02 12:39:07,859 [Worker-136: Building] INFO  o.a.m.s.f.DefaultMavenResourcesFiltering - skip non existing resourceDirectory C:\Users\BETU\Desktop\coading\Spring-Core\Spring-Jdbc-Student\src\test\resources
2025-08-02 12:39:16,653 [Worker-130: Building] INFO  o.a.m.s.f.DefaultMavenResourcesFiltering - skip non existing resourceDirectory C:\Users\BETU\Desktop\coading\Spring-Core\Spring-Jdbc-Student\src\main\resources
2025-08-02 12:39:16,654 [Worker-130: Building] INFO  o.a.m.s.f.DefaultMavenResourcesFiltering - skip non existing resourceDirectory C:\Users\BETU\Desktop\coading\Spring-Core\Spring-Jdbc-Student\src\test\resources
2025-08-02 12:40:23,631 [Worker-134: Building] INFO  o.a.m.s.f.DefaultMavenResourcesFiltering - skip non existing resourceDirectory C:\Users\BETU\Desktop\coading\Spring-Core\Spring-Jdbc-Student\src\main\resources
2025-08-02 12:40:23,633 [Worker-134: Building] INFO  o.a.m.s.f.DefaultMavenResourcesFiltering - skip non existing resourceDirectory C:\Users\BETU\Desktop\coading\Spring-Core\Spring-Jdbc-Student\src\test\resources
2025-08-02 12:40:38,667 [Worker-136: Building] INFO  o.a.m.s.f.DefaultMavenResourcesFiltering - skip non existing resourceDirectory C:\Users\BETU\Desktop\coading\Spring-Core\Spring-Jdbc-Student\src\main\resources
2025-08-02 12:40:38,669 [Worker-136: Building] INFO  o.a.m.s.f.DefaultMavenResourcesFiltering - skip non existing resourceDirectory C:\Users\BETU\Desktop\coading\Spring-Core\Spring-Jdbc-Student\src\test\resources
2025-08-02 12:41:02,810 [Worker-130: Building] INFO  o.a.m.s.f.DefaultMavenResourcesFiltering - skip non existing resourceDirectory C:\Users\BETU\Desktop\coading\Spring-Core\Spring-Jdbc-Student\src\main\resources
2025-08-02 12:41:02,811 [Worker-130: Building] INFO  o.a.m.s.f.DefaultMavenResourcesFiltering - skip non existing resourceDirectory C:\Users\BETU\Desktop\coading\Spring-Core\Spring-Jdbc-Student\src\test\resources
2025-08-02 12:44:36,771 [Worker-136: Launching mavenrun-7b59a43d-397c-4b17-950f-ac3379d43830] INFO  o.eclipse.m2e.core.internal.Bundles - getClasspathEntries(Bundle=org.eclipse.m2e.maven.runtime_3.9.900.20240824-1409 [638])
2025-08-02 12:44:36,776 [Worker-136: Launching mavenrun-7b59a43d-397c-4b17-950f-ac3379d43830] INFO  o.eclipse.m2e.core.internal.Bundles - 	Entry: C:\Users\BETU\.p2\pool\plugins\org.eclipse.m2e.maven.runtime_3.9.900.20240824-1409
2025-08-02 12:44:36,776 [Worker-136: Launching mavenrun-7b59a43d-397c-4b17-950f-ac3379d43830] INFO  o.eclipse.m2e.core.internal.Bundles - 	Entry: C:\Users\BETU\.p2\pool\plugins\org.eclipse.m2e.maven.runtime_3.9.900.20240824-1409\jars\aopalliance-1.0.jar
2025-08-02 12:44:36,777 [Worker-136: Launching mavenrun-7b59a43d-397c-4b17-950f-ac3379d43830] INFO  o.eclipse.m2e.core.internal.Bundles - 	Entry: C:\Users\BETU\.p2\pool\plugins\org.eclipse.m2e.maven.runtime_3.9.900.20240824-1409\jars\guice-5.1.0.jar
2025-08-02 12:44:36,778 [Worker-136: Launching mavenrun-7b59a43d-397c-4b17-950f-ac3379d43830] INFO  o.eclipse.m2e.core.internal.Bundles - 	Entry: C:\Users\BETU\.p2\pool\plugins\org.eclipse.m2e.maven.runtime_3.9.900.20240824-1409\jars\httpclient-4.5.14.jar
2025-08-02 12:44:36,778 [Worker-136: Launching mavenrun-7b59a43d-397c-4b17-950f-ac3379d43830] INFO  o.eclipse.m2e.core.internal.Bundles - 	Entry: C:\Users\BETU\.p2\pool\plugins\org.eclipse.m2e.maven.runtime_3.9.900.20240824-1409\jars\httpcore-4.4.16.jar
2025-08-02 12:44:36,779 [Worker-136: Launching mavenrun-7b59a43d-397c-4b17-950f-ac3379d43830] INFO  o.eclipse.m2e.core.internal.Bundles - 	Entry: C:\Users\BETU\.p2\pool\plugins\org.eclipse.m2e.maven.runtime_3.9.900.20240824-1409\jars\jansi-2.4.1.jar
2025-08-02 12:44:36,781 [Worker-136: Launching mavenrun-7b59a43d-397c-4b17-950f-ac3379d43830] INFO  o.eclipse.m2e.core.internal.Bundles - 	Entry: C:\Users\BETU\.p2\pool\plugins\org.eclipse.m2e.maven.runtime_3.9.900.20240824-1409\jars\jcl-over-slf4j-1.7.36.jar
2025-08-02 12:44:36,782 [Worker-136: Launching mavenrun-7b59a43d-397c-4b17-950f-ac3379d43830] INFO  o.eclipse.m2e.core.internal.Bundles - 	Entry: C:\Users\BETU\.p2\pool\plugins\org.eclipse.m2e.maven.runtime_3.9.900.20240824-1409\jars\maven-artifact-3.9.9.jar
2025-08-02 12:44:36,783 [Worker-136: Launching mavenrun-7b59a43d-397c-4b17-950f-ac3379d43830] INFO  o.eclipse.m2e.core.internal.Bundles - 	Entry: C:\Users\BETU\.p2\pool\plugins\org.eclipse.m2e.maven.runtime_3.9.900.20240824-1409\jars\maven-builder-support-3.9.9.jar
2025-08-02 12:44:36,784 [Worker-136: Launching mavenrun-7b59a43d-397c-4b17-950f-ac3379d43830] INFO  o.eclipse.m2e.core.internal.Bundles - 	Entry: C:\Users\BETU\.p2\pool\plugins\org.eclipse.m2e.maven.runtime_3.9.900.20240824-1409\jars\maven-compat-3.9.9.jar
2025-08-02 12:44:36,784 [Worker-136: Launching mavenrun-7b59a43d-397c-4b17-950f-ac3379d43830] INFO  o.eclipse.m2e.core.internal.Bundles - 	Entry: C:\Users\BETU\.p2\pool\plugins\org.eclipse.m2e.maven.runtime_3.9.900.20240824-1409\jars\maven-core-3.9.9.jar
2025-08-02 12:44:36,785 [Worker-136: Launching mavenrun-7b59a43d-397c-4b17-950f-ac3379d43830] INFO  o.eclipse.m2e.core.internal.Bundles - 	Entry: C:\Users\BETU\.p2\pool\plugins\org.eclipse.m2e.maven.runtime_3.9.900.20240824-1409\jars\maven-embedder-3.9.9.jar
2025-08-02 12:44:36,785 [Worker-136: Launching mavenrun-7b59a43d-397c-4b17-950f-ac3379d43830] INFO  o.eclipse.m2e.core.internal.Bundles - 	Entry: C:\Users\BETU\.p2\pool\plugins\org.eclipse.m2e.maven.runtime_3.9.900.20240824-1409\jars\maven-model-3.9.9.jar
2025-08-02 12:44:36,786 [Worker-136: Launching mavenrun-7b59a43d-397c-4b17-950f-ac3379d43830] INFO  o.eclipse.m2e.core.internal.Bundles - 	Entry: C:\Users\BETU\.p2\pool\plugins\org.eclipse.m2e.maven.runtime_3.9.900.20240824-1409\jars\maven-model-builder-3.9.9.jar
2025-08-02 12:44:36,786 [Worker-136: Launching mavenrun-7b59a43d-397c-4b17-950f-ac3379d43830] INFO  o.eclipse.m2e.core.internal.Bundles - 	Entry: C:\Users\BETU\.p2\pool\plugins\org.eclipse.m2e.maven.runtime_3.9.900.20240824-1409\jars\maven-plugin-api-3.9.9.jar
2025-08-02 12:44:36,787 [Worker-136: Launching mavenrun-7b59a43d-397c-4b17-950f-ac3379d43830] INFO  o.eclipse.m2e.core.internal.Bundles - 	Entry: C:\Users\BETU\.p2\pool\plugins\org.eclipse.m2e.maven.runtime_3.9.900.20240824-1409\jars\maven-repository-metadata-3.9.9.jar
2025-08-02 12:44:36,787 [Worker-136: Launching mavenrun-7b59a43d-397c-4b17-950f-ac3379d43830] INFO  o.eclipse.m2e.core.internal.Bundles - 	Entry: C:\Users\BETU\.p2\pool\plugins\org.eclipse.m2e.maven.runtime_3.9.900.20240824-1409\jars\maven-resolver-api-1.9.22.jar
2025-08-02 12:44:36,788 [Worker-136: Launching mavenrun-7b59a43d-397c-4b17-950f-ac3379d43830] INFO  o.eclipse.m2e.core.internal.Bundles - 	Entry: C:\Users\BETU\.p2\pool\plugins\org.eclipse.m2e.maven.runtime_3.9.900.20240824-1409\jars\maven-resolver-connector-basic-1.9.22.jar
2025-08-02 12:44:36,788 [Worker-136: Launching mavenrun-7b59a43d-397c-4b17-950f-ac3379d43830] INFO  o.eclipse.m2e.core.internal.Bundles - 	Entry: C:\Users\BETU\.p2\pool\plugins\org.eclipse.m2e.maven.runtime_3.9.900.20240824-1409\jars\maven-resolver-impl-1.9.22.jar
2025-08-02 12:44:36,788 [Worker-136: Launching mavenrun-7b59a43d-397c-4b17-950f-ac3379d43830] INFO  o.eclipse.m2e.core.internal.Bundles - 	Entry: C:\Users\BETU\.p2\pool\plugins\org.eclipse.m2e.maven.runtime_3.9.900.20240824-1409\jars\maven-resolver-named-locks-1.9.22.jar
2025-08-02 12:44:36,789 [Worker-136: Launching mavenrun-7b59a43d-397c-4b17-950f-ac3379d43830] INFO  o.eclipse.m2e.core.internal.Bundles - 	Entry: C:\Users\BETU\.p2\pool\plugins\org.eclipse.m2e.maven.runtime_3.9.900.20240824-1409\jars\maven-resolver-provider-3.9.9.jar
2025-08-02 12:44:36,789 [Worker-136: Launching mavenrun-7b59a43d-397c-4b17-950f-ac3379d43830] INFO  o.eclipse.m2e.core.internal.Bundles - 	Entry: C:\Users\BETU\.p2\pool\plugins\org.eclipse.m2e.maven.runtime_3.9.900.20240824-1409\jars\maven-resolver-spi-1.9.22.jar
2025-08-02 12:44:36,790 [Worker-136: Launching mavenrun-7b59a43d-397c-4b17-950f-ac3379d43830] INFO  o.eclipse.m2e.core.internal.Bundles - 	Entry: C:\Users\BETU\.p2\pool\plugins\org.eclipse.m2e.maven.runtime_3.9.900.20240824-1409\jars\maven-resolver-transport-file-1.9.22.jar
2025-08-02 12:44:36,790 [Worker-136: Launching mavenrun-7b59a43d-397c-4b17-950f-ac3379d43830] INFO  o.eclipse.m2e.core.internal.Bundles - 	Entry: C:\Users\BETU\.p2\pool\plugins\org.eclipse.m2e.maven.runtime_3.9.900.20240824-1409\jars\maven-resolver-transport-http-1.9.22.jar
2025-08-02 12:44:36,790 [Worker-136: Launching mavenrun-7b59a43d-397c-4b17-950f-ac3379d43830] INFO  o.eclipse.m2e.core.internal.Bundles - 	Entry: C:\Users\BETU\.p2\pool\plugins\org.eclipse.m2e.maven.runtime_3.9.900.20240824-1409\jars\maven-resolver-transport-wagon-1.9.22.jar
2025-08-02 12:44:36,791 [Worker-136: Launching mavenrun-7b59a43d-397c-4b17-950f-ac3379d43830] INFO  o.eclipse.m2e.core.internal.Bundles - 	Entry: C:\Users\BETU\.p2\pool\plugins\org.eclipse.m2e.maven.runtime_3.9.900.20240824-1409\jars\maven-resolver-util-1.9.22.jar
2025-08-02 12:44:36,791 [Worker-136: Launching mavenrun-7b59a43d-397c-4b17-950f-ac3379d43830] INFO  o.eclipse.m2e.core.internal.Bundles - 	Entry: C:\Users\BETU\.p2\pool\plugins\org.eclipse.m2e.maven.runtime_3.9.900.20240824-1409\jars\maven-settings-3.9.9.jar
2025-08-02 12:44:36,791 [Worker-136: Launching mavenrun-7b59a43d-397c-4b17-950f-ac3379d43830] INFO  o.eclipse.m2e.core.internal.Bundles - 	Entry: C:\Users\BETU\.p2\pool\plugins\org.eclipse.m2e.maven.runtime_3.9.900.20240824-1409\jars\maven-settings-builder-3.9.9.jar
2025-08-02 12:44:36,792 [Worker-136: Launching mavenrun-7b59a43d-397c-4b17-950f-ac3379d43830] INFO  o.eclipse.m2e.core.internal.Bundles - 	Entry: C:\Users\BETU\.p2\pool\plugins\org.eclipse.m2e.maven.runtime_3.9.900.20240824-1409\jars\maven-shared-utils-3.4.2.jar
2025-08-02 12:44:36,792 [Worker-136: Launching mavenrun-7b59a43d-397c-4b17-950f-ac3379d43830] INFO  o.eclipse.m2e.core.internal.Bundles - 	Entry: C:\Users\BETU\.p2\pool\plugins\org.eclipse.m2e.maven.runtime_3.9.900.20240824-1409\jars\org.eclipse.sisu.inject-0.9.0.M3.jar
2025-08-02 12:44:36,792 [Worker-136: Launching mavenrun-7b59a43d-397c-4b17-950f-ac3379d43830] INFO  o.eclipse.m2e.core.internal.Bundles - 	Entry: C:\Users\BETU\.p2\pool\plugins\org.eclipse.m2e.maven.runtime_3.9.900.20240824-1409\jars\org.eclipse.sisu.plexus-0.9.0.M3.jar
2025-08-02 12:44:36,792 [Worker-136: Launching mavenrun-7b59a43d-397c-4b17-950f-ac3379d43830] INFO  o.eclipse.m2e.core.internal.Bundles - 	Entry: C:\Users\BETU\.p2\pool\plugins\org.eclipse.m2e.maven.runtime_3.9.900.20240824-1409\jars\plexus-build-api-0.0.7.jar
2025-08-02 12:44:36,793 [Worker-136: Launching mavenrun-7b59a43d-397c-4b17-950f-ac3379d43830] INFO  o.eclipse.m2e.core.internal.Bundles - 	Entry: C:\Users\BETU\.p2\pool\plugins\org.eclipse.m2e.maven.runtime_3.9.900.20240824-1409\jars\plexus-build-api-1.2.0.jar
2025-08-02 12:44:36,793 [Worker-136: Launching mavenrun-7b59a43d-397c-4b17-950f-ac3379d43830] INFO  o.eclipse.m2e.core.internal.Bundles - 	Entry: C:\Users\BETU\.p2\pool\plugins\org.eclipse.m2e.maven.runtime_3.9.900.20240824-1409\jars\plexus-cipher-2.0.jar
2025-08-02 12:44:36,793 [Worker-136: Launching mavenrun-7b59a43d-397c-4b17-950f-ac3379d43830] INFO  o.eclipse.m2e.core.internal.Bundles - 	Entry: C:\Users\BETU\.p2\pool\plugins\org.eclipse.m2e.maven.runtime_3.9.900.20240824-1409\jars\plexus-classworlds-2.8.0.jar
2025-08-02 12:44:36,794 [Worker-136: Launching mavenrun-7b59a43d-397c-4b17-950f-ac3379d43830] INFO  o.eclipse.m2e.core.internal.Bundles - 	Entry: C:\Users\BETU\.p2\pool\plugins\org.eclipse.m2e.maven.runtime_3.9.900.20240824-1409\jars\plexus-component-annotations-2.1.0.jar
2025-08-02 12:44:36,794 [Worker-136: Launching mavenrun-7b59a43d-397c-4b17-950f-ac3379d43830] INFO  o.eclipse.m2e.core.internal.Bundles - 	Entry: C:\Users\BETU\.p2\pool\plugins\org.eclipse.m2e.maven.runtime_3.9.900.20240824-1409\jars\plexus-interpolation-1.27.jar
2025-08-02 12:44:36,795 [Worker-136: Launching mavenrun-7b59a43d-397c-4b17-950f-ac3379d43830] INFO  o.eclipse.m2e.core.internal.Bundles - 	Entry: C:\Users\BETU\.p2\pool\plugins\org.eclipse.m2e.maven.runtime_3.9.900.20240824-1409\jars\plexus-sec-dispatcher-2.0.jar
2025-08-02 12:44:36,795 [Worker-136: Launching mavenrun-7b59a43d-397c-4b17-950f-ac3379d43830] INFO  o.eclipse.m2e.core.internal.Bundles - 	Entry: C:\Users\BETU\.p2\pool\plugins\org.eclipse.m2e.maven.runtime_3.9.900.20240824-1409\jars\plexus-utils-3.5.1.jar
2025-08-02 12:44:36,796 [Worker-136: Launching mavenrun-7b59a43d-397c-4b17-950f-ac3379d43830] INFO  o.eclipse.m2e.core.internal.Bundles - 	Entry: C:\Users\BETU\.p2\pool\plugins\org.eclipse.m2e.maven.runtime_3.9.900.20240824-1409\jars\plexus-xml-3.0.1.jar
2025-08-02 12:44:36,796 [Worker-136: Launching mavenrun-7b59a43d-397c-4b17-950f-ac3379d43830] INFO  o.eclipse.m2e.core.internal.Bundles - 	Entry: C:\Users\BETU\.p2\pool\plugins\org.eclipse.m2e.maven.runtime_3.9.900.20240824-1409\jars\wagon-file-3.5.3.jar
2025-08-02 12:44:36,796 [Worker-136: Launching mavenrun-7b59a43d-397c-4b17-950f-ac3379d43830] INFO  o.eclipse.m2e.core.internal.Bundles - 	Entry: C:\Users\BETU\.p2\pool\plugins\org.eclipse.m2e.maven.runtime_3.9.900.20240824-1409\jars\wagon-http-3.5.3.jar
2025-08-02 12:44:36,797 [Worker-136: Launching mavenrun-7b59a43d-397c-4b17-950f-ac3379d43830] INFO  o.eclipse.m2e.core.internal.Bundles - 	Entry: C:\Users\BETU\.p2\pool\plugins\org.eclipse.m2e.maven.runtime_3.9.900.20240824-1409\jars\wagon-http-shared-3.5.3.jar
2025-08-02 12:44:36,797 [Worker-136: Launching mavenrun-7b59a43d-397c-4b17-950f-ac3379d43830] INFO  o.eclipse.m2e.core.internal.Bundles - 	Entry: C:\Users\BETU\.p2\pool\plugins\org.eclipse.m2e.maven.runtime_3.9.900.20240824-1409\jars\wagon-provider-api-3.5.3.jar
2025-08-02 12:44:36,798 [Worker-136: Launching mavenrun-7b59a43d-397c-4b17-950f-ac3379d43830] INFO  o.eclipse.m2e.core.internal.Bundles - getClasspathEntries(Bundle=com.google.guava_33.3.1.jre [16])
2025-08-02 12:44:36,799 [Worker-136: Launching mavenrun-7b59a43d-397c-4b17-950f-ac3379d43830] INFO  o.eclipse.m2e.core.internal.Bundles - 	Entry: C:\Users\BETU\.p2\pool\plugins\com.google.guava_33.3.1.jre.jar
2025-08-02 12:44:36,799 [Worker-136: Launching mavenrun-7b59a43d-397c-4b17-950f-ac3379d43830] INFO  o.eclipse.m2e.core.internal.Bundles - getClasspathEntries(Bundle=slf4j.api_2.0.16 [1005])
2025-08-02 12:44:36,800 [Worker-136: Launching mavenrun-7b59a43d-397c-4b17-950f-ac3379d43830] INFO  o.eclipse.m2e.core.internal.Bundles - 	Entry: C:\Users\BETU\.p2\pool\plugins\slf4j.api_2.0.16.jar
2025-08-02 12:44:36,800 [Worker-136: Launching mavenrun-7b59a43d-397c-4b17-950f-ac3379d43830] INFO  o.eclipse.m2e.core.internal.Bundles - getClasspathEntries(Bundle=jakarta.inject.jakarta.inject-api_1.0.5 [34])
2025-08-02 12:44:36,801 [Worker-136: Launching mavenrun-7b59a43d-397c-4b17-950f-ac3379d43830] INFO  o.eclipse.m2e.core.internal.Bundles - 	Entry: C:\Users\BETU\.p2\pool\plugins\jakarta.inject.jakarta.inject-api_1.0.5.jar
2025-08-02 12:44:36,802 [Worker-136: Launching mavenrun-7b59a43d-397c-4b17-950f-ac3379d43830] INFO  o.eclipse.m2e.core.internal.Bundles - getClasspathEntries(Bundle=jakarta.annotation-api_1.3.5 [29])
2025-08-02 12:44:36,802 [Worker-136: Launching mavenrun-7b59a43d-397c-4b17-950f-ac3379d43830] INFO  o.eclipse.m2e.core.internal.Bundles - 	Entry: C:\Users\BETU\.p2\pool\plugins\jakarta.annotation-api_1.3.5.jar
2025-08-02 12:44:36,803 [Worker-136: Launching mavenrun-7b59a43d-397c-4b17-950f-ac3379d43830] INFO  o.eclipse.m2e.core.internal.Bundles - getClasspathEntries(Bundle=org.apache.commons.cli_1.9.0 [75])
2025-08-02 12:44:36,803 [Worker-136: Launching mavenrun-7b59a43d-397c-4b17-950f-ac3379d43830] INFO  o.eclipse.m2e.core.internal.Bundles - 	Entry: C:\Users\BETU\.p2\pool\plugins\org.apache.commons.cli_1.9.0.jar
2025-08-02 12:44:36,804 [Worker-136: Launching mavenrun-7b59a43d-397c-4b17-950f-ac3379d43830] INFO  o.eclipse.m2e.core.internal.Bundles - getClasspathEntries(Bundle=org.apache.commons.commons-codec_1.16.0 [78])
2025-08-02 12:44:36,806 [Worker-136: Launching mavenrun-7b59a43d-397c-4b17-950f-ac3379d43830] INFO  o.eclipse.m2e.core.internal.Bundles - 	Entry: C:\Users\BETU\.p2\pool\plugins\org.apache.commons.commons-codec_1.16.0.jar
2025-08-02 12:44:36,806 [Worker-136: Launching mavenrun-7b59a43d-397c-4b17-950f-ac3379d43830] INFO  o.eclipse.m2e.core.internal.Bundles - getClasspathEntries(Bundle=com.google.guava.failureaccess_1.0.2 [17])
2025-08-02 12:44:36,807 [Worker-136: Launching mavenrun-7b59a43d-397c-4b17-950f-ac3379d43830] INFO  o.eclipse.m2e.core.internal.Bundles - 	Entry: C:\Users\BETU\.p2\pool\plugins\com.google.guava.failureaccess_1.0.2.jar
2025-08-02 12:44:36,813 [Worker-136: Launching mavenrun-7b59a43d-397c-4b17-950f-ac3379d43830] INFO  o.e.m.i.launch.MavenLaunchDelegate - Run build in "C:\Users\BETU\AppData\Local\Temp\m2e-archetypeGenerator13855988299914483806":
2025-08-02 12:44:36,813 [Worker-136: Launching mavenrun-7b59a43d-397c-4b17-950f-ac3379d43830] INFO  o.e.m.i.launch.MavenLaunchDelegate -  mvn  -DarchetypeGroupId=org.apache.maven.archetypes -DarchetypeArtifactId=maven-archetype-quickstart -DarchetypeVersion=1.1 -DgroupId=com.univ -DartifactId=Spring-Jdbc-WithOutXml -Dversion=0.0.1-SNAPSHOT -Dpackage=com.univ -DoutputDirectory=C:\Users\BETU\Desktop\coading\Spring-Core -Dstyle.color=always -U archetype:generate
2025-08-02 12:49:01,483 [Worker-130: Creating maven-archetype-quickstart] INFO  o.e.m.c.i.p.ProjectConfigurationManager - Collecting project info '/pom.xml' C:\Users\BETU\Desktop\coading\Spring-Core\Spring-Jdbc-WithOutXml\pom.xml
2025-08-02 12:49:02,264 [Worker-130: Creating maven-archetype-quickstart] INFO  o.e.m.c.i.l.LifecycleMappingFactory - Using org.eclipse.m2e.jdt.JarLifecycleMapping lifecycle mapping for MavenProject: com.univ:Spring-Jdbc-WithOutXml:0.0.1-SNAPSHOT @ C:\Users\BETU\Desktop\coading\Spring-Core\Spring-Jdbc-WithOutXml\pom.xml.
2025-08-02 12:49:04,073 [Worker-130: Creating maven-archetype-quickstart] INFO  o.e.m.j.i.AbstractJavaProjectConfigurator - Adding source folder /Spring-Jdbc-WithOutXml/src/main/java
2025-08-02 12:49:04,074 [Worker-130: Creating maven-archetype-quickstart] INFO  o.e.m.j.i.AbstractJavaProjectConfigurator - Adding resource folder /Spring-Jdbc-WithOutXml/src/main/resources
2025-08-02 12:49:04,087 [Worker-130: Creating maven-archetype-quickstart] INFO  o.e.m.j.i.AbstractJavaProjectConfigurator - Adding source folder /Spring-Jdbc-WithOutXml/src/test/java
2025-08-02 12:49:04,088 [Worker-130: Creating maven-archetype-quickstart] INFO  o.e.m.j.i.AbstractJavaProjectConfigurator - Adding resource folder /Spring-Jdbc-WithOutXml/src/test/resources
2025-08-02 12:49:04,212 [Worker-130: Creating maven-archetype-quickstart] INFO  o.e.m.c.i.p.ProjectConfigurationManager - Imported and configured 1 project(s) in 2 sec
2025-08-02 12:49:04,471 [Worker-131: Building] INFO  o.a.m.s.f.DefaultMavenResourcesFiltering - skip non existing resourceDirectory C:\Users\BETU\Desktop\coading\Spring-Core\Spring-Jdbc-WithOutXml\src\main\resources
2025-08-02 12:49:04,474 [Worker-131: Building] INFO  o.a.m.s.f.DefaultMavenResourcesFiltering - skip non existing resourceDirectory C:\Users\BETU\Desktop\coading\Spring-Core\Spring-Jdbc-WithOutXml\src\test\resources
2025-08-02 12:50:10,902 [Worker-131: Building] INFO  o.a.m.s.f.DefaultMavenResourcesFiltering - skip non existing resourceDirectory C:\Users\BETU\Desktop\coading\Spring-Core\Spring-Jdbc-WithOutXml\src\main\resources
2025-08-02 12:50:10,905 [Worker-131: Building] INFO  o.a.m.s.f.DefaultMavenResourcesFiltering - skip non existing resourceDirectory C:\Users\BETU\Desktop\coading\Spring-Core\Spring-Jdbc-WithOutXml\src\test\resources
2025-08-02 12:51:11,161 [Worker-130: Building] INFO  o.a.m.s.f.DefaultMavenResourcesFiltering - skip non existing resourceDirectory C:\Users\BETU\Desktop\coading\Spring-Core\Spring-Jdbc-WithOutXml\src\main\resources
2025-08-02 12:51:11,164 [Worker-130: Building] INFO  o.a.m.s.f.DefaultMavenResourcesFiltering - skip non existing resourceDirectory C:\Users\BETU\Desktop\coading\Spring-Core\Spring-Jdbc-WithOutXml\src\test\resources
2025-08-02 12:51:18,734 [Worker-139: Building] INFO  o.a.m.s.f.DefaultMavenResourcesFiltering - skip non existing resourceDirectory C:\Users\BETU\Desktop\coading\Spring-Core\Spring-Jdbc-WithOutXml\src\main\resources
2025-08-02 12:51:18,736 [Worker-139: Building] INFO  o.a.m.s.f.DefaultMavenResourcesFiltering - skip non existing resourceDirectory C:\Users\BETU\Desktop\coading\Spring-Core\Spring-Jdbc-WithOutXml\src\test\resources
2025-08-02 12:52:01,502 [Worker-136: Building] INFO  o.a.m.s.f.DefaultMavenResourcesFiltering - skip non existing resourceDirectory C:\Users\BETU\Desktop\coading\Spring-Core\Spring-Jdbc-WithOutXml\src\main\resources
2025-08-02 12:52:01,505 [Worker-136: Building] INFO  o.a.m.s.f.DefaultMavenResourcesFiltering - skip non existing resourceDirectory C:\Users\BETU\Desktop\coading\Spring-Core\Spring-Jdbc-WithOutXml\src\test\resources
2025-08-02 12:52:27,501 [Worker-140: Building] INFO  o.a.m.s.f.DefaultMavenResourcesFiltering - skip non existing resourceDirectory C:\Users\BETU\Desktop\coading\Spring-Core\Spring-Jdbc-WithOutXml\src\main\resources
2025-08-02 12:52:27,502 [Worker-140: Building] INFO  o.a.m.s.f.DefaultMavenResourcesFiltering - skip non existing resourceDirectory C:\Users\BETU\Desktop\coading\Spring-Core\Spring-Jdbc-WithOutXml\src\test\resources
2025-08-02 12:52:44,921 [Worker-141: Building] INFO  o.a.m.s.f.DefaultMavenResourcesFiltering - skip non existing resourceDirectory C:\Users\BETU\Desktop\coading\Spring-Core\Spring-Jdbc-WithOutXml\src\main\resources
2025-08-02 12:52:44,924 [Worker-141: Building] INFO  o.a.m.s.f.DefaultMavenResourcesFiltering - skip non existing resourceDirectory C:\Users\BETU\Desktop\coading\Spring-Core\Spring-Jdbc-WithOutXml\src\test\resources
2025-08-02 12:54:30,373 [Worker-138: Building] INFO  o.a.m.s.f.DefaultMavenResourcesFiltering - skip non existing resourceDirectory C:\Users\BETU\Desktop\coading\Spring-Core\Spring-Jdbc-WithOutXml\src\main\resources
2025-08-02 12:54:30,376 [Worker-138: Building] INFO  o.a.m.s.f.DefaultMavenResourcesFiltering - skip non existing resourceDirectory C:\Users\BETU\Desktop\coading\Spring-Core\Spring-Jdbc-WithOutXml\src\test\resources
2025-08-02 12:56:52,576 [Worker-136: Building] INFO  o.a.m.s.f.DefaultMavenResourcesFiltering - skip non existing resourceDirectory C:\Users\BETU\Desktop\coading\Spring-Core\Spring-Jdbc-WithOutXml\src\main\resources
2025-08-02 12:56:52,578 [Worker-136: Building] INFO  o.a.m.s.f.DefaultMavenResourcesFiltering - skip non existing resourceDirectory C:\Users\BETU\Desktop\coading\Spring-Core\Spring-Jdbc-WithOutXml\src\test\resources
2025-08-02 12:57:46,853 [Worker-138: Building] INFO  o.e.m.c.i.l.LifecycleMappingFactory - Using org.eclipse.m2e.jdt.JarLifecycleMapping lifecycle mapping for MavenProject: com.univ:Spring-Jdbc-WithOutXml:0.0.1-SNAPSHOT @ C:\Users\BETU\Desktop\coading\Spring-Core\Spring-Jdbc-WithOutXml\pom.xml.
2025-08-02 12:57:47,258 [Worker-138: Building] INFO  o.a.m.s.f.DefaultMavenResourcesFiltering - skip non existing resourceDirectory C:\Users\BETU\Desktop\coading\Spring-Core\Spring-Jdbc-WithOutXml\src\main\resources
2025-08-02 12:57:47,260 [Worker-138: Building] INFO  o.a.m.s.f.DefaultMavenResourcesFiltering - skip non existing resourceDirectory C:\Users\BETU\Desktop\coading\Spring-Core\Spring-Jdbc-WithOutXml\src\test\resources
2025-08-02 12:57:48,458 [Worker-142: Building] INFO  o.a.m.s.f.DefaultMavenResourcesFiltering - skip non existing resourceDirectory C:\Users\BETU\Desktop\coading\Spring-Core\Spring-Jdbc-WithOutXml\src\main\resources
2025-08-02 12:57:48,460 [Worker-142: Building] INFO  o.a.m.s.f.DefaultMavenResourcesFiltering - skip non existing resourceDirectory C:\Users\BETU\Desktop\coading\Spring-Core\Spring-Jdbc-WithOutXml\src\test\resources
2025-08-02 13:18:48,456 [Worker-146: Building] INFO  o.a.m.s.f.DefaultMavenResourcesFiltering - skip non existing resourceDirectory C:\Users\BETU\Desktop\coading\Spring-Core\Spring-Jdbc-WithOutXml\src\main\resources
2025-08-02 13:18:48,460 [Worker-146: Building] INFO  o.a.m.s.f.DefaultMavenResourcesFiltering - skip non existing resourceDirectory C:\Users\BETU\Desktop\coading\Spring-Core\Spring-Jdbc-WithOutXml\src\test\resources
2025-08-02 13:31:06,222 [Worker-151: Building] INFO  o.a.m.s.f.DefaultMavenResourcesFiltering - skip non existing resourceDirectory C:\Users\BETU\Desktop\coading\Spring-Core\Spring-Jdbc-WithOutXml\src\main\resources
2025-08-02 13:31:06,227 [Worker-151: Building] INFO  o.a.m.s.f.DefaultMavenResourcesFiltering - skip non existing resourceDirectory C:\Users\BETU\Desktop\coading\Spring-Core\Spring-Jdbc-WithOutXml\src\test\resources
2025-08-02 13:31:50,266 [Worker-150: Building] INFO  o.a.m.s.f.DefaultMavenResourcesFiltering - skip non existing resourceDirectory C:\Users\BETU\Desktop\coading\Spring-Core\Spring-Jdbc-WithOutXml\src\main\resources
2025-08-02 13:31:50,268 [Worker-150: Building] INFO  o.a.m.s.f.DefaultMavenResourcesFiltering - skip non existing resourceDirectory C:\Users\BETU\Desktop\coading\Spring-Core\Spring-Jdbc-WithOutXml\src\test\resources
2025-08-02 13:34:17,980 [Worker-154: Building] INFO  o.a.m.s.f.DefaultMavenResourcesFiltering - skip non existing resourceDirectory C:\Users\BETU\Desktop\coading\Spring-Core\Spring-Jdbc-WithOutXml\src\main\resources
2025-08-02 13:34:17,982 [Worker-154: Building] INFO  o.a.m.s.f.DefaultMavenResourcesFiltering - skip non existing resourceDirectory C:\Users\BETU\Desktop\coading\Spring-Core\Spring-Jdbc-WithOutXml\src\test\resources
2025-08-02 13:34:38,996 [Worker-136: Building] INFO  o.a.m.s.f.DefaultMavenResourcesFiltering - skip non existing resourceDirectory C:\Users\BETU\Desktop\coading\Spring-Core\Spring-Jdbc-WithOutXml\src\main\resources
2025-08-02 13:34:38,997 [Worker-136: Building] INFO  o.a.m.s.f.DefaultMavenResourcesFiltering - skip non existing resourceDirectory C:\Users\BETU\Desktop\coading\Spring-Core\Spring-Jdbc-WithOutXml\src\test\resources
2025-08-02 13:35:11,137 [Worker-151: Building] INFO  o.a.m.s.f.DefaultMavenResourcesFiltering - skip non existing resourceDirectory C:\Users\BETU\Desktop\coading\Spring-Core\Spring-Jdbc-WithOutXml\src\main\resources
2025-08-02 13:35:11,139 [Worker-151: Building] INFO  o.a.m.s.f.DefaultMavenResourcesFiltering - skip non existing resourceDirectory C:\Users\BETU\Desktop\coading\Spring-Core\Spring-Jdbc-WithOutXml\src\test\resources
2025-08-02 13:36:02,370 [Worker-151: Building] INFO  o.a.m.s.f.DefaultMavenResourcesFiltering - skip non existing resourceDirectory C:\Users\BETU\Desktop\coading\Spring-Core\Spring-Jdbc-WithOutXml\src\main\resources
2025-08-02 13:36:02,372 [Worker-151: Building] INFO  o.a.m.s.f.DefaultMavenResourcesFiltering - skip non existing resourceDirectory C:\Users\BETU\Desktop\coading\Spring-Core\Spring-Jdbc-WithOutXml\src\test\resources
2025-08-02 13:36:15,300 [Worker-151: Building] INFO  o.a.m.s.f.DefaultMavenResourcesFiltering - skip non existing resourceDirectory C:\Users\BETU\Desktop\coading\Spring-Core\Spring-Jdbc-WithOutXml\src\main\resources
2025-08-02 13:36:15,301 [Worker-151: Building] INFO  o.a.m.s.f.DefaultMavenResourcesFiltering - skip non existing resourceDirectory C:\Users\BETU\Desktop\coading\Spring-Core\Spring-Jdbc-WithOutXml\src\test\resources
2025-08-02 13:39:07,632 [Worker-155: Launching mavenrun-1c82c5fd-a5b0-4e47-8e5e-9d6e3e5fa093] INFO  o.eclipse.m2e.core.internal.Bundles - getClasspathEntries(Bundle=org.eclipse.m2e.maven.runtime_3.9.900.20240824-1409 [638])
2025-08-02 13:39:07,636 [Worker-155: Launching mavenrun-1c82c5fd-a5b0-4e47-8e5e-9d6e3e5fa093] INFO  o.eclipse.m2e.core.internal.Bundles - 	Entry: C:\Users\BETU\.p2\pool\plugins\org.eclipse.m2e.maven.runtime_3.9.900.20240824-1409
2025-08-02 13:39:07,637 [Worker-155: Launching mavenrun-1c82c5fd-a5b0-4e47-8e5e-9d6e3e5fa093] INFO  o.eclipse.m2e.core.internal.Bundles - 	Entry: C:\Users\BETU\.p2\pool\plugins\org.eclipse.m2e.maven.runtime_3.9.900.20240824-1409\jars\aopalliance-1.0.jar
2025-08-02 13:39:07,638 [Worker-155: Launching mavenrun-1c82c5fd-a5b0-4e47-8e5e-9d6e3e5fa093] INFO  o.eclipse.m2e.core.internal.Bundles - 	Entry: C:\Users\BETU\.p2\pool\plugins\org.eclipse.m2e.maven.runtime_3.9.900.20240824-1409\jars\guice-5.1.0.jar
2025-08-02 13:39:07,639 [Worker-155: Launching mavenrun-1c82c5fd-a5b0-4e47-8e5e-9d6e3e5fa093] INFO  o.eclipse.m2e.core.internal.Bundles - 	Entry: C:\Users\BETU\.p2\pool\plugins\org.eclipse.m2e.maven.runtime_3.9.900.20240824-1409\jars\httpclient-4.5.14.jar
2025-08-02 13:39:07,639 [Worker-155: Launching mavenrun-1c82c5fd-a5b0-4e47-8e5e-9d6e3e5fa093] INFO  o.eclipse.m2e.core.internal.Bundles - 	Entry: C:\Users\BETU\.p2\pool\plugins\org.eclipse.m2e.maven.runtime_3.9.900.20240824-1409\jars\httpcore-4.4.16.jar
2025-08-02 13:39:07,640 [Worker-155: Launching mavenrun-1c82c5fd-a5b0-4e47-8e5e-9d6e3e5fa093] INFO  o.eclipse.m2e.core.internal.Bundles - 	Entry: C:\Users\BETU\.p2\pool\plugins\org.eclipse.m2e.maven.runtime_3.9.900.20240824-1409\jars\jansi-2.4.1.jar
2025-08-02 13:39:07,641 [Worker-155: Launching mavenrun-1c82c5fd-a5b0-4e47-8e5e-9d6e3e5fa093] INFO  o.eclipse.m2e.core.internal.Bundles - 	Entry: C:\Users\BETU\.p2\pool\plugins\org.eclipse.m2e.maven.runtime_3.9.900.20240824-1409\jars\jcl-over-slf4j-1.7.36.jar
2025-08-02 13:39:07,641 [Worker-155: Launching mavenrun-1c82c5fd-a5b0-4e47-8e5e-9d6e3e5fa093] INFO  o.eclipse.m2e.core.internal.Bundles - 	Entry: C:\Users\BETU\.p2\pool\plugins\org.eclipse.m2e.maven.runtime_3.9.900.20240824-1409\jars\maven-artifact-3.9.9.jar
2025-08-02 13:39:07,642 [Worker-155: Launching mavenrun-1c82c5fd-a5b0-4e47-8e5e-9d6e3e5fa093] INFO  o.eclipse.m2e.core.internal.Bundles - 	Entry: C:\Users\BETU\.p2\pool\plugins\org.eclipse.m2e.maven.runtime_3.9.900.20240824-1409\jars\maven-builder-support-3.9.9.jar
2025-08-02 13:39:07,643 [Worker-155: Launching mavenrun-1c82c5fd-a5b0-4e47-8e5e-9d6e3e5fa093] INFO  o.eclipse.m2e.core.internal.Bundles - 	Entry: C:\Users\BETU\.p2\pool\plugins\org.eclipse.m2e.maven.runtime_3.9.900.20240824-1409\jars\maven-compat-3.9.9.jar
2025-08-02 13:39:07,644 [Worker-155: Launching mavenrun-1c82c5fd-a5b0-4e47-8e5e-9d6e3e5fa093] INFO  o.eclipse.m2e.core.internal.Bundles - 	Entry: C:\Users\BETU\.p2\pool\plugins\org.eclipse.m2e.maven.runtime_3.9.900.20240824-1409\jars\maven-core-3.9.9.jar
2025-08-02 13:39:07,645 [Worker-155: Launching mavenrun-1c82c5fd-a5b0-4e47-8e5e-9d6e3e5fa093] INFO  o.eclipse.m2e.core.internal.Bundles - 	Entry: C:\Users\BETU\.p2\pool\plugins\org.eclipse.m2e.maven.runtime_3.9.900.20240824-1409\jars\maven-embedder-3.9.9.jar
2025-08-02 13:39:07,646 [Worker-155: Launching mavenrun-1c82c5fd-a5b0-4e47-8e5e-9d6e3e5fa093] INFO  o.eclipse.m2e.core.internal.Bundles - 	Entry: C:\Users\BETU\.p2\pool\plugins\org.eclipse.m2e.maven.runtime_3.9.900.20240824-1409\jars\maven-model-3.9.9.jar
2025-08-02 13:39:07,646 [Worker-155: Launching mavenrun-1c82c5fd-a5b0-4e47-8e5e-9d6e3e5fa093] INFO  o.eclipse.m2e.core.internal.Bundles - 	Entry: C:\Users\BETU\.p2\pool\plugins\org.eclipse.m2e.maven.runtime_3.9.900.20240824-1409\jars\maven-model-builder-3.9.9.jar
2025-08-02 13:39:07,647 [Worker-155: Launching mavenrun-1c82c5fd-a5b0-4e47-8e5e-9d6e3e5fa093] INFO  o.eclipse.m2e.core.internal.Bundles - 	Entry: C:\Users\BETU\.p2\pool\plugins\org.eclipse.m2e.maven.runtime_3.9.900.20240824-1409\jars\maven-plugin-api-3.9.9.jar
2025-08-02 13:39:07,647 [Worker-155: Launching mavenrun-1c82c5fd-a5b0-4e47-8e5e-9d6e3e5fa093] INFO  o.eclipse.m2e.core.internal.Bundles - 	Entry: C:\Users\BETU\.p2\pool\plugins\org.eclipse.m2e.maven.runtime_3.9.900.20240824-1409\jars\maven-repository-metadata-3.9.9.jar
2025-08-02 13:39:07,648 [Worker-155: Launching mavenrun-1c82c5fd-a5b0-4e47-8e5e-9d6e3e5fa093] INFO  o.eclipse.m2e.core.internal.Bundles - 	Entry: C:\Users\BETU\.p2\pool\plugins\org.eclipse.m2e.maven.runtime_3.9.900.20240824-1409\jars\maven-resolver-api-1.9.22.jar
2025-08-02 13:39:07,648 [Worker-155: Launching mavenrun-1c82c5fd-a5b0-4e47-8e5e-9d6e3e5fa093] INFO  o.eclipse.m2e.core.internal.Bundles - 	Entry: C:\Users\BETU\.p2\pool\plugins\org.eclipse.m2e.maven.runtime_3.9.900.20240824-1409\jars\maven-resolver-connector-basic-1.9.22.jar
2025-08-02 13:39:07,648 [Worker-155: Launching mavenrun-1c82c5fd-a5b0-4e47-8e5e-9d6e3e5fa093] INFO  o.eclipse.m2e.core.internal.Bundles - 	Entry: C:\Users\BETU\.p2\pool\plugins\org.eclipse.m2e.maven.runtime_3.9.900.20240824-1409\jars\maven-resolver-impl-1.9.22.jar
2025-08-02 13:39:07,649 [Worker-155: Launching mavenrun-1c82c5fd-a5b0-4e47-8e5e-9d6e3e5fa093] INFO  o.eclipse.m2e.core.internal.Bundles - 	Entry: C:\Users\BETU\.p2\pool\plugins\org.eclipse.m2e.maven.runtime_3.9.900.20240824-1409\jars\maven-resolver-named-locks-1.9.22.jar
2025-08-02 13:39:07,650 [Worker-155: Launching mavenrun-1c82c5fd-a5b0-4e47-8e5e-9d6e3e5fa093] INFO  o.eclipse.m2e.core.internal.Bundles - 	Entry: C:\Users\BETU\.p2\pool\plugins\org.eclipse.m2e.maven.runtime_3.9.900.20240824-1409\jars\maven-resolver-provider-3.9.9.jar
2025-08-02 13:39:07,651 [Worker-155: Launching mavenrun-1c82c5fd-a5b0-4e47-8e5e-9d6e3e5fa093] INFO  o.eclipse.m2e.core.internal.Bundles - 	Entry: C:\Users\BETU\.p2\pool\plugins\org.eclipse.m2e.maven.runtime_3.9.900.20240824-1409\jars\maven-resolver-spi-1.9.22.jar
2025-08-02 13:39:07,651 [Worker-155: Launching mavenrun-1c82c5fd-a5b0-4e47-8e5e-9d6e3e5fa093] INFO  o.eclipse.m2e.core.internal.Bundles - 	Entry: C:\Users\BETU\.p2\pool\plugins\org.eclipse.m2e.maven.runtime_3.9.900.20240824-1409\jars\maven-resolver-transport-file-1.9.22.jar
2025-08-02 13:39:07,652 [Worker-155: Launching mavenrun-1c82c5fd-a5b0-4e47-8e5e-9d6e3e5fa093] INFO  o.eclipse.m2e.core.internal.Bundles - 	Entry: C:\Users\BETU\.p2\pool\plugins\org.eclipse.m2e.maven.runtime_3.9.900.20240824-1409\jars\maven-resolver-transport-http-1.9.22.jar
2025-08-02 13:39:07,652 [Worker-155: Launching mavenrun-1c82c5fd-a5b0-4e47-8e5e-9d6e3e5fa093] INFO  o.eclipse.m2e.core.internal.Bundles - 	Entry: C:\Users\BETU\.p2\pool\plugins\org.eclipse.m2e.maven.runtime_3.9.900.20240824-1409\jars\maven-resolver-transport-wagon-1.9.22.jar
2025-08-02 13:39:07,653 [Worker-155: Launching mavenrun-1c82c5fd-a5b0-4e47-8e5e-9d6e3e5fa093] INFO  o.eclipse.m2e.core.internal.Bundles - 	Entry: C:\Users\BETU\.p2\pool\plugins\org.eclipse.m2e.maven.runtime_3.9.900.20240824-1409\jars\maven-resolver-util-1.9.22.jar
2025-08-02 13:39:07,654 [Worker-155: Launching mavenrun-1c82c5fd-a5b0-4e47-8e5e-9d6e3e5fa093] INFO  o.eclipse.m2e.core.internal.Bundles - 	Entry: C:\Users\BETU\.p2\pool\plugins\org.eclipse.m2e.maven.runtime_3.9.900.20240824-1409\jars\maven-settings-3.9.9.jar
2025-08-02 13:39:07,655 [Worker-155: Launching mavenrun-1c82c5fd-a5b0-4e47-8e5e-9d6e3e5fa093] INFO  o.eclipse.m2e.core.internal.Bundles - 	Entry: C:\Users\BETU\.p2\pool\plugins\org.eclipse.m2e.maven.runtime_3.9.900.20240824-1409\jars\maven-settings-builder-3.9.9.jar
2025-08-02 13:39:07,655 [Worker-155: Launching mavenrun-1c82c5fd-a5b0-4e47-8e5e-9d6e3e5fa093] INFO  o.eclipse.m2e.core.internal.Bundles - 	Entry: C:\Users\BETU\.p2\pool\plugins\org.eclipse.m2e.maven.runtime_3.9.900.20240824-1409\jars\maven-shared-utils-3.4.2.jar
2025-08-02 13:39:07,656 [Worker-155: Launching mavenrun-1c82c5fd-a5b0-4e47-8e5e-9d6e3e5fa093] INFO  o.eclipse.m2e.core.internal.Bundles - 	Entry: C:\Users\BETU\.p2\pool\plugins\org.eclipse.m2e.maven.runtime_3.9.900.20240824-1409\jars\org.eclipse.sisu.inject-0.9.0.M3.jar
2025-08-02 13:39:07,656 [Worker-155: Launching mavenrun-1c82c5fd-a5b0-4e47-8e5e-9d6e3e5fa093] INFO  o.eclipse.m2e.core.internal.Bundles - 	Entry: C:\Users\BETU\.p2\pool\plugins\org.eclipse.m2e.maven.runtime_3.9.900.20240824-1409\jars\org.eclipse.sisu.plexus-0.9.0.M3.jar
2025-08-02 13:39:07,657 [Worker-155: Launching mavenrun-1c82c5fd-a5b0-4e47-8e5e-9d6e3e5fa093] INFO  o.eclipse.m2e.core.internal.Bundles - 	Entry: C:\Users\BETU\.p2\pool\plugins\org.eclipse.m2e.maven.runtime_3.9.900.20240824-1409\jars\plexus-build-api-0.0.7.jar
2025-08-02 13:39:07,658 [Worker-155: Launching mavenrun-1c82c5fd-a5b0-4e47-8e5e-9d6e3e5fa093] INFO  o.eclipse.m2e.core.internal.Bundles - 	Entry: C:\Users\BETU\.p2\pool\plugins\org.eclipse.m2e.maven.runtime_3.9.900.20240824-1409\jars\plexus-build-api-1.2.0.jar
2025-08-02 13:39:07,658 [Worker-155: Launching mavenrun-1c82c5fd-a5b0-4e47-8e5e-9d6e3e5fa093] INFO  o.eclipse.m2e.core.internal.Bundles - 	Entry: C:\Users\BETU\.p2\pool\plugins\org.eclipse.m2e.maven.runtime_3.9.900.20240824-1409\jars\plexus-cipher-2.0.jar
2025-08-02 13:39:07,659 [Worker-155: Launching mavenrun-1c82c5fd-a5b0-4e47-8e5e-9d6e3e5fa093] INFO  o.eclipse.m2e.core.internal.Bundles - 	Entry: C:\Users\BETU\.p2\pool\plugins\org.eclipse.m2e.maven.runtime_3.9.900.20240824-1409\jars\plexus-classworlds-2.8.0.jar
2025-08-02 13:39:07,659 [Worker-155: Launching mavenrun-1c82c5fd-a5b0-4e47-8e5e-9d6e3e5fa093] INFO  o.eclipse.m2e.core.internal.Bundles - 	Entry: C:\Users\BETU\.p2\pool\plugins\org.eclipse.m2e.maven.runtime_3.9.900.20240824-1409\jars\plexus-component-annotations-2.1.0.jar
2025-08-02 13:39:07,660 [Worker-155: Launching mavenrun-1c82c5fd-a5b0-4e47-8e5e-9d6e3e5fa093] INFO  o.eclipse.m2e.core.internal.Bundles - 	Entry: C:\Users\BETU\.p2\pool\plugins\org.eclipse.m2e.maven.runtime_3.9.900.20240824-1409\jars\plexus-interpolation-1.27.jar
2025-08-02 13:39:07,660 [Worker-155: Launching mavenrun-1c82c5fd-a5b0-4e47-8e5e-9d6e3e5fa093] INFO  o.eclipse.m2e.core.internal.Bundles - 	Entry: C:\Users\BETU\.p2\pool\plugins\org.eclipse.m2e.maven.runtime_3.9.900.20240824-1409\jars\plexus-sec-dispatcher-2.0.jar
2025-08-02 13:39:07,661 [Worker-155: Launching mavenrun-1c82c5fd-a5b0-4e47-8e5e-9d6e3e5fa093] INFO  o.eclipse.m2e.core.internal.Bundles - 	Entry: C:\Users\BETU\.p2\pool\plugins\org.eclipse.m2e.maven.runtime_3.9.900.20240824-1409\jars\plexus-utils-3.5.1.jar
2025-08-02 13:39:07,661 [Worker-155: Launching mavenrun-1c82c5fd-a5b0-4e47-8e5e-9d6e3e5fa093] INFO  o.eclipse.m2e.core.internal.Bundles - 	Entry: C:\Users\BETU\.p2\pool\plugins\org.eclipse.m2e.maven.runtime_3.9.900.20240824-1409\jars\plexus-xml-3.0.1.jar
2025-08-02 13:39:07,661 [Worker-155: Launching mavenrun-1c82c5fd-a5b0-4e47-8e5e-9d6e3e5fa093] INFO  o.eclipse.m2e.core.internal.Bundles - 	Entry: C:\Users\BETU\.p2\pool\plugins\org.eclipse.m2e.maven.runtime_3.9.900.20240824-1409\jars\wagon-file-3.5.3.jar
2025-08-02 13:39:07,662 [Worker-155: Launching mavenrun-1c82c5fd-a5b0-4e47-8e5e-9d6e3e5fa093] INFO  o.eclipse.m2e.core.internal.Bundles - 	Entry: C:\Users\BETU\.p2\pool\plugins\org.eclipse.m2e.maven.runtime_3.9.900.20240824-1409\jars\wagon-http-3.5.3.jar
2025-08-02 13:39:07,662 [Worker-155: Launching mavenrun-1c82c5fd-a5b0-4e47-8e5e-9d6e3e5fa093] INFO  o.eclipse.m2e.core.internal.Bundles - 	Entry: C:\Users\BETU\.p2\pool\plugins\org.eclipse.m2e.maven.runtime_3.9.900.20240824-1409\jars\wagon-http-shared-3.5.3.jar
2025-08-02 13:39:07,663 [Worker-155: Launching mavenrun-1c82c5fd-a5b0-4e47-8e5e-9d6e3e5fa093] INFO  o.eclipse.m2e.core.internal.Bundles - 	Entry: C:\Users\BETU\.p2\pool\plugins\org.eclipse.m2e.maven.runtime_3.9.900.20240824-1409\jars\wagon-provider-api-3.5.3.jar
2025-08-02 13:39:07,664 [Worker-155: Launching mavenrun-1c82c5fd-a5b0-4e47-8e5e-9d6e3e5fa093] INFO  o.eclipse.m2e.core.internal.Bundles - getClasspathEntries(Bundle=com.google.guava_33.3.1.jre [16])
2025-08-02 13:39:07,665 [Worker-155: Launching mavenrun-1c82c5fd-a5b0-4e47-8e5e-9d6e3e5fa093] INFO  o.eclipse.m2e.core.internal.Bundles - 	Entry: C:\Users\BETU\.p2\pool\plugins\com.google.guava_33.3.1.jre.jar
2025-08-02 13:39:07,665 [Worker-155: Launching mavenrun-1c82c5fd-a5b0-4e47-8e5e-9d6e3e5fa093] INFO  o.eclipse.m2e.core.internal.Bundles - getClasspathEntries(Bundle=slf4j.api_2.0.16 [1005])
2025-08-02 13:39:07,666 [Worker-155: Launching mavenrun-1c82c5fd-a5b0-4e47-8e5e-9d6e3e5fa093] INFO  o.eclipse.m2e.core.internal.Bundles - 	Entry: C:\Users\BETU\.p2\pool\plugins\slf4j.api_2.0.16.jar
2025-08-02 13:39:07,666 [Worker-155: Launching mavenrun-1c82c5fd-a5b0-4e47-8e5e-9d6e3e5fa093] INFO  o.eclipse.m2e.core.internal.Bundles - getClasspathEntries(Bundle=jakarta.inject.jakarta.inject-api_1.0.5 [34])
2025-08-02 13:39:07,667 [Worker-155: Launching mavenrun-1c82c5fd-a5b0-4e47-8e5e-9d6e3e5fa093] INFO  o.eclipse.m2e.core.internal.Bundles - 	Entry: C:\Users\BETU\.p2\pool\plugins\jakarta.inject.jakarta.inject-api_1.0.5.jar
2025-08-02 13:39:07,667 [Worker-155: Launching mavenrun-1c82c5fd-a5b0-4e47-8e5e-9d6e3e5fa093] INFO  o.eclipse.m2e.core.internal.Bundles - getClasspathEntries(Bundle=jakarta.annotation-api_1.3.5 [29])
2025-08-02 13:39:07,668 [Worker-155: Launching mavenrun-1c82c5fd-a5b0-4e47-8e5e-9d6e3e5fa093] INFO  o.eclipse.m2e.core.internal.Bundles - 	Entry: C:\Users\BETU\.p2\pool\plugins\jakarta.annotation-api_1.3.5.jar
2025-08-02 13:39:07,668 [Worker-155: Launching mavenrun-1c82c5fd-a5b0-4e47-8e5e-9d6e3e5fa093] INFO  o.eclipse.m2e.core.internal.Bundles - getClasspathEntries(Bundle=org.apache.commons.cli_1.9.0 [75])
2025-08-02 13:39:07,669 [Worker-155: Launching mavenrun-1c82c5fd-a5b0-4e47-8e5e-9d6e3e5fa093] INFO  o.eclipse.m2e.core.internal.Bundles - 	Entry: C:\Users\BETU\.p2\pool\plugins\org.apache.commons.cli_1.9.0.jar
2025-08-02 13:39:07,669 [Worker-155: Launching mavenrun-1c82c5fd-a5b0-4e47-8e5e-9d6e3e5fa093] INFO  o.eclipse.m2e.core.internal.Bundles - getClasspathEntries(Bundle=org.apache.commons.commons-codec_1.16.0 [78])
2025-08-02 13:39:07,670 [Worker-155: Launching mavenrun-1c82c5fd-a5b0-4e47-8e5e-9d6e3e5fa093] INFO  o.eclipse.m2e.core.internal.Bundles - 	Entry: C:\Users\BETU\.p2\pool\plugins\org.apache.commons.commons-codec_1.16.0.jar
2025-08-02 13:39:07,670 [Worker-155: Launching mavenrun-1c82c5fd-a5b0-4e47-8e5e-9d6e3e5fa093] INFO  o.eclipse.m2e.core.internal.Bundles - getClasspathEntries(Bundle=com.google.guava.failureaccess_1.0.2 [17])
2025-08-02 13:39:07,670 [Worker-155: Launching mavenrun-1c82c5fd-a5b0-4e47-8e5e-9d6e3e5fa093] INFO  o.eclipse.m2e.core.internal.Bundles - 	Entry: C:\Users\BETU\.p2\pool\plugins\com.google.guava.failureaccess_1.0.2.jar
2025-08-02 13:39:07,674 [Worker-155: Launching mavenrun-1c82c5fd-a5b0-4e47-8e5e-9d6e3e5fa093] INFO  o.e.m.i.launch.MavenLaunchDelegate - Run build in "C:\Users\BETU\AppData\Local\Temp\m2e-archetypeGenerator16816031163890273150":
2025-08-02 13:39:07,674 [Worker-155: Launching mavenrun-1c82c5fd-a5b0-4e47-8e5e-9d6e3e5fa093] INFO  o.e.m.i.launch.MavenLaunchDelegate -  mvn  -DarchetypeGroupId=org.apache.maven.archetypes -DarchetypeArtifactId=maven-archetype-quickstart -DarchetypeVersion=1.1 -DgroupId=com.univ -DartifactId=Spring-Core-jdbc-withoutxml -Dversion=0.0.1-SNAPSHOT -Dpackage=com.univ -DoutputDirectory=C:\Users\BETU\Desktop\coading\Spring-Core -Dstyle.color=always -U archetype:generate
2025-08-02 13:39:20,049 [Worker-153: Creating maven-archetype-quickstart] INFO  o.e.m.c.i.p.ProjectConfigurationManager - Collecting project info '/pom.xml' C:\Users\BETU\Desktop\coading\Spring-Core\Spring-Core-jdbc-withoutxml\pom.xml
2025-08-02 13:39:20,149 [Worker-153: Creating maven-archetype-quickstart] INFO  o.e.m.c.i.l.LifecycleMappingFactory - Using org.eclipse.m2e.jdt.JarLifecycleMapping lifecycle mapping for MavenProject: com.univ:Spring-Core-jdbc-withoutxml:0.0.1-SNAPSHOT @ C:\Users\BETU\Desktop\coading\Spring-Core\Spring-Core-jdbc-withoutxml\pom.xml.
2025-08-02 13:39:20,644 [Worker-153: Creating maven-archetype-quickstart] INFO  o.e.m.j.i.AbstractJavaProjectConfigurator - Adding source folder /Spring-Core-jdbc-withoutxml/src/main/java
2025-08-02 13:39:20,645 [Worker-153: Creating maven-archetype-quickstart] INFO  o.e.m.j.i.AbstractJavaProjectConfigurator - Adding resource folder /Spring-Core-jdbc-withoutxml/src/main/resources
2025-08-02 13:39:20,650 [Worker-153: Creating maven-archetype-quickstart] INFO  o.e.m.j.i.AbstractJavaProjectConfigurator - Adding source folder /Spring-Core-jdbc-withoutxml/src/test/java
2025-08-02 13:39:20,651 [Worker-153: Creating maven-archetype-quickstart] INFO  o.e.m.j.i.AbstractJavaProjectConfigurator - Adding resource folder /Spring-Core-jdbc-withoutxml/src/test/resources
2025-08-02 13:39:20,699 [Worker-153: Creating maven-archetype-quickstart] INFO  o.e.m.c.i.p.ProjectConfigurationManager - Imported and configured 1 project(s) in 0 sec
2025-08-02 13:39:20,948 [Worker-153: Building] INFO  o.a.m.s.f.DefaultMavenResourcesFiltering - skip non existing resourceDirectory C:\Users\BETU\Desktop\coading\Spring-Core\Spring-Core-jdbc-withoutxml\src\main\resources
2025-08-02 13:39:20,950 [Worker-153: Building] INFO  o.a.m.s.f.DefaultMavenResourcesFiltering - skip non existing resourceDirectory C:\Users\BETU\Desktop\coading\Spring-Core\Spring-Core-jdbc-withoutxml\src\test\resources
2025-08-02 13:41:07,028 [Worker-158: Building] INFO  o.e.m.c.i.l.LifecycleMappingFactory - Using org.eclipse.m2e.jdt.JarLifecycleMapping lifecycle mapping for MavenProject: com.univ:Spring-Core-jdbc-withoutxml:0.0.1-SNAPSHOT @ C:\Users\BETU\Desktop\coading\Spring-Core\Spring-Core-jdbc-withoutxml\pom.xml.
2025-08-02 13:41:07,094 [Worker-158: Building] INFO  o.a.m.s.f.DefaultMavenResourcesFiltering - skip non existing resourceDirectory C:\Users\BETU\Desktop\coading\Spring-Core\Spring-Core-jdbc-withoutxml\src\main\resources
2025-08-02 13:41:07,101 [Worker-158: Building] INFO  o.a.m.s.f.DefaultMavenResourcesFiltering - skip non existing resourceDirectory C:\Users\BETU\Desktop\coading\Spring-Core\Spring-Core-jdbc-withoutxml\src\test\resources
2025-08-02 13:41:08,342 [Worker-160: Building] INFO  o.a.m.s.f.DefaultMavenResourcesFiltering - skip non existing resourceDirectory C:\Users\BETU\Desktop\coading\Spring-Core\Spring-Core-jdbc-withoutxml\src\main\resources
2025-08-02 13:41:08,345 [Worker-160: Building] INFO  o.a.m.s.f.DefaultMavenResourcesFiltering - skip non existing resourceDirectory C:\Users\BETU\Desktop\coading\Spring-Core\Spring-Core-jdbc-withoutxml\src\test\resources
2025-08-02 13:43:01,194 [Worker-153: Building] INFO  o.a.m.s.f.DefaultMavenResourcesFiltering - skip non existing resourceDirectory C:\Users\BETU\Desktop\coading\Spring-Core\Spring-Core-jdbc-withoutxml\src\main\resources
2025-08-02 13:43:01,197 [Worker-153: Building] INFO  o.a.m.s.f.DefaultMavenResourcesFiltering - skip non existing resourceDirectory C:\Users\BETU\Desktop\coading\Spring-Core\Spring-Core-jdbc-withoutxml\src\test\resources
2025-08-02 13:43:21,571 [Worker-160: Building] INFO  o.a.m.s.f.DefaultMavenResourcesFiltering - skip non existing resourceDirectory C:\Users\BETU\Desktop\coading\Spring-Core\Spring-Core-jdbc-withoutxml\src\main\resources
2025-08-02 13:43:21,573 [Worker-160: Building] INFO  o.a.m.s.f.DefaultMavenResourcesFiltering - skip non existing resourceDirectory C:\Users\BETU\Desktop\coading\Spring-Core\Spring-Core-jdbc-withoutxml\src\test\resources
2025-08-02 13:43:36,030 [Worker-156: Building] INFO  o.a.m.s.f.DefaultMavenResourcesFiltering - skip non existing resourceDirectory C:\Users\BETU\Desktop\coading\Spring-Core\Spring-Core-jdbc-withoutxml\src\main\resources
2025-08-02 13:43:36,032 [Worker-156: Building] INFO  o.a.m.s.f.DefaultMavenResourcesFiltering - skip non existing resourceDirectory C:\Users\BETU\Desktop\coading\Spring-Core\Spring-Core-jdbc-withoutxml\src\test\resources
2025-08-02 13:43:53,497 [Worker-153: Building] INFO  o.a.m.s.f.DefaultMavenResourcesFiltering - skip non existing resourceDirectory C:\Users\BETU\Desktop\coading\Spring-Core\Spring-Core-jdbc-withoutxml\src\main\resources
2025-08-02 13:43:53,499 [Worker-153: Building] INFO  o.a.m.s.f.DefaultMavenResourcesFiltering - skip non existing resourceDirectory C:\Users\BETU\Desktop\coading\Spring-Core\Spring-Core-jdbc-withoutxml\src\test\resources
2025-08-02 13:44:10,389 [Worker-156: Building] INFO  o.a.m.s.f.DefaultMavenResourcesFiltering - skip non existing resourceDirectory C:\Users\BETU\Desktop\coading\Spring-Core\Spring-Core-jdbc-withoutxml\src\main\resources
2025-08-02 13:44:10,392 [Worker-156: Building] INFO  o.a.m.s.f.DefaultMavenResourcesFiltering - skip non existing resourceDirectory C:\Users\BETU\Desktop\coading\Spring-Core\Spring-Core-jdbc-withoutxml\src\test\resources
2025-08-02 13:44:25,782 [Worker-160: Building] INFO  o.a.m.s.f.DefaultMavenResourcesFiltering - skip non existing resourceDirectory C:\Users\BETU\Desktop\coading\Spring-Core\Spring-Core-jdbc-withoutxml\src\main\resources
2025-08-02 13:44:25,782 [Worker-160: Building] INFO  o.a.m.s.f.DefaultMavenResourcesFiltering - skip non existing resourceDirectory C:\Users\BETU\Desktop\coading\Spring-Core\Spring-Core-jdbc-withoutxml\src\test\resources
2025-08-02 13:46:00,044 [Worker-153: Building] INFO  o.a.m.s.f.DefaultMavenResourcesFiltering - skip non existing resourceDirectory C:\Users\BETU\Desktop\coading\Spring-Core\Spring-Core-jdbc-withoutxml\src\main\resources
2025-08-02 13:46:00,046 [Worker-153: Building] INFO  o.a.m.s.f.DefaultMavenResourcesFiltering - skip non existing resourceDirectory C:\Users\BETU\Desktop\coading\Spring-Core\Spring-Core-jdbc-withoutxml\src\test\resources
2025-08-02 13:47:46,989 [Worker-158: Building] INFO  o.a.m.s.f.DefaultMavenResourcesFiltering - skip non existing resourceDirectory C:\Users\BETU\Desktop\coading\Spring-Core\Spring-Core-jdbc-withoutxml\src\main\resources
2025-08-02 13:47:46,994 [Worker-158: Building] INFO  o.a.m.s.f.DefaultMavenResourcesFiltering - skip non existing resourceDirectory C:\Users\BETU\Desktop\coading\Spring-Core\Spring-Core-jdbc-withoutxml\src\test\resources
2025-08-02 13:50:07,617 [Worker-158: Building] INFO  o.a.m.s.f.DefaultMavenResourcesFiltering - skip non existing resourceDirectory C:\Users\BETU\Desktop\coading\Spring-Core\Spring-Core-jdbc-withoutxml\src\main\resources
2025-08-02 13:50:07,619 [Worker-158: Building] INFO  o.a.m.s.f.DefaultMavenResourcesFiltering - skip non existing resourceDirectory C:\Users\BETU\Desktop\coading\Spring-Core\Spring-Core-jdbc-withoutxml\src\test\resources
2025-08-02 13:51:56,611 [Worker-161: Building] INFO  o.e.m.c.i.l.LifecycleMappingFactory - Using org.eclipse.m2e.jdt.JarLifecycleMapping lifecycle mapping for MavenProject: com.univ:Spring-Core-jdbc-withoutxml:0.0.1-SNAPSHOT @ C:\Users\BETU\Desktop\coading\Spring-Core\Spring-Core-jdbc-withoutxml\pom.xml.
2025-08-02 13:51:56,680 [Worker-161: Building] INFO  o.a.m.s.f.DefaultMavenResourcesFiltering - skip non existing resourceDirectory C:\Users\BETU\Desktop\coading\Spring-Core\Spring-Core-jdbc-withoutxml\src\main\resources
2025-08-02 13:51:56,681 [Worker-161: Building] INFO  o.a.m.s.f.DefaultMavenResourcesFiltering - skip non existing resourceDirectory C:\Users\BETU\Desktop\coading\Spring-Core\Spring-Core-jdbc-withoutxml\src\test\resources
2025-08-02 13:51:57,819 [Worker-156: Building] INFO  o.a.m.s.f.DefaultMavenResourcesFiltering - skip non existing resourceDirectory C:\Users\BETU\Desktop\coading\Spring-Core\Spring-Core-jdbc-withoutxml\src\main\resources
2025-08-02 13:51:57,820 [Worker-156: Building] INFO  o.a.m.s.f.DefaultMavenResourcesFiltering - skip non existing resourceDirectory C:\Users\BETU\Desktop\coading\Spring-Core\Spring-Core-jdbc-withoutxml\src\test\resources
2025-08-02 13:52:37,232 [Worker-156: Building] INFO  o.a.m.s.f.DefaultMavenResourcesFiltering - skip non existing resourceDirectory C:\Users\BETU\Desktop\coading\Spring-Core\Spring-Core-jdbc-withoutxml\src\main\resources
2025-08-02 13:52:37,233 [Worker-156: Building] INFO  o.a.m.s.f.DefaultMavenResourcesFiltering - skip non existing resourceDirectory C:\Users\BETU\Desktop\coading\Spring-Core\Spring-Core-jdbc-withoutxml\src\test\resources
2025-08-02 13:52:45,192 [Worker-160: Building] INFO  o.a.m.s.f.DefaultMavenResourcesFiltering - skip non existing resourceDirectory C:\Users\BETU\Desktop\coading\Spring-Core\Spring-Core-jdbc-withoutxml\src\main\resources
2025-08-02 13:52:45,193 [Worker-160: Building] INFO  o.a.m.s.f.DefaultMavenResourcesFiltering - skip non existing resourceDirectory C:\Users\BETU\Desktop\coading\Spring-Core\Spring-Core-jdbc-withoutxml\src\test\resources
2025-08-02 14:00:59,363 [Worker-160: Building] INFO  o.a.m.s.f.DefaultMavenResourcesFiltering - skip non existing resourceDirectory C:\Users\BETU\Desktop\coading\Spring-Core\Spring-Core-jdbc-withoutxml\src\main\resources
2025-08-02 14:00:59,365 [Worker-160: Building] INFO  o.a.m.s.f.DefaultMavenResourcesFiltering - skip non existing resourceDirectory C:\Users\BETU\Desktop\coading\Spring-Core\Spring-Core-jdbc-withoutxml\src\test\resources
2025-08-02 14:02:19,315 [Worker-161: Building] INFO  o.a.m.s.f.DefaultMavenResourcesFiltering - skip non existing resourceDirectory C:\Users\BETU\Desktop\coading\Spring-Core\Spring-Core-jdbc-withoutxml\src\main\resources
2025-08-02 14:02:19,316 [Worker-161: Building] INFO  o.a.m.s.f.DefaultMavenResourcesFiltering - skip non existing resourceDirectory C:\Users\BETU\Desktop\coading\Spring-Core\Spring-Core-jdbc-withoutxml\src\test\resources
2025-08-02 14:06:24,927 [Worker-161: Building] INFO  o.a.m.s.f.DefaultMavenResourcesFiltering - skip non existing resourceDirectory C:\Users\BETU\Desktop\coading\Spring-Core\Spring-Core-jdbc-withoutxml\src\main\resources
2025-08-02 14:06:24,929 [Worker-161: Building] INFO  o.a.m.s.f.DefaultMavenResourcesFiltering - skip non existing resourceDirectory C:\Users\BETU\Desktop\coading\Spring-Core\Spring-Core-jdbc-withoutxml\src\test\resources
2025-08-02 14:12:24,965 [Worker-161: Building] INFO  o.a.m.s.f.DefaultMavenResourcesFiltering - skip non existing resourceDirectory C:\Users\BETU\Desktop\coading\Spring-Core\Spring-Core-jdbc-withoutxml\src\main\resources
2025-08-02 14:12:24,966 [Worker-161: Building] INFO  o.a.m.s.f.DefaultMavenResourcesFiltering - skip non existing resourceDirectory C:\Users\BETU\Desktop\coading\Spring-Core\Spring-Core-jdbc-withoutxml\src\test\resources
2025-08-02 14:22:46,397 [Worker-166: Building] INFO  o.a.m.s.f.DefaultMavenResourcesFiltering - skip non existing resourceDirectory C:\Users\BETU\Desktop\coading\Spring-Core\Spring-Core-jdbc-withoutxml\src\main\resources
2025-08-02 14:22:46,399 [Worker-166: Building] INFO  o.a.m.s.f.DefaultMavenResourcesFiltering - skip non existing resourceDirectory C:\Users\BETU\Desktop\coading\Spring-Core\Spring-Core-jdbc-withoutxml\src\test\resources
2025-08-02 14:25:12,137 [Worker-163: Building] INFO  o.a.m.s.f.DefaultMavenResourcesFiltering - skip non existing resourceDirectory C:\Users\BETU\Desktop\coading\Spring-Core\Spring-Core-jdbc-withoutxml\src\main\resources
2025-08-02 14:25:12,139 [Worker-163: Building] INFO  o.a.m.s.f.DefaultMavenResourcesFiltering - skip non existing resourceDirectory C:\Users\BETU\Desktop\coading\Spring-Core\Spring-Core-jdbc-withoutxml\src\test\resources
2025-08-02 14:25:25,378 [Worker-165: Building] INFO  o.a.m.s.f.DefaultMavenResourcesFiltering - skip non existing resourceDirectory C:\Users\BETU\Desktop\coading\Spring-Core\Spring-Core-jdbc-withoutxml\src\main\resources
2025-08-02 14:25:25,378 [Worker-165: Building] INFO  o.a.m.s.f.DefaultMavenResourcesFiltering - skip non existing resourceDirectory C:\Users\BETU\Desktop\coading\Spring-Core\Spring-Core-jdbc-withoutxml\src\test\resources
2025-08-02 14:27:39,602 [Worker-170: Building] INFO  o.a.m.s.f.DefaultMavenResourcesFiltering - skip non existing resourceDirectory C:\Users\BETU\Desktop\coading\Spring-Core\Spring-Core-jdbc-withoutxml\src\main\resources
2025-08-02 14:27:39,605 [Worker-170: Building] INFO  o.a.m.s.f.DefaultMavenResourcesFiltering - skip non existing resourceDirectory C:\Users\BETU\Desktop\coading\Spring-Core\Spring-Core-jdbc-withoutxml\src\test\resources
2025-08-02 14:30:32,350 [Worker-170: Launching App (16)] INFO  o.a.m.s.f.DefaultMavenResourcesFiltering - skip non existing resourceDirectory C:\Users\BETU\Desktop\coading\Spring-Core\Spring-Core-jdbc-withoutxml\src\main\resources
2025-08-02 14:30:32,352 [Worker-170: Launching App (16)] INFO  o.a.m.s.f.DefaultMavenResourcesFiltering - skip non existing resourceDirectory C:\Users\BETU\Desktop\coading\Spring-Core\Spring-Core-jdbc-withoutxml\src\test\resources
2025-08-02 14:30:51,081 [Worker-163: Building] INFO  o.a.m.s.f.DefaultMavenResourcesFiltering - skip non existing resourceDirectory C:\Users\BETU\Desktop\coading\Spring-Core\Spring-Core-jdbc-withoutxml\src\main\resources
2025-08-02 14:30:51,082 [Worker-163: Building] INFO  o.a.m.s.f.DefaultMavenResourcesFiltering - skip non existing resourceDirectory C:\Users\BETU\Desktop\coading\Spring-Core\Spring-Core-jdbc-withoutxml\src\test\resources
2025-08-02 14:31:25,743 [Worker-163: Building] INFO  o.a.m.s.f.DefaultMavenResourcesFiltering - skip non existing resourceDirectory C:\Users\BETU\Desktop\coading\Spring-Core\Spring-Core-jdbc-withoutxml\src\main\resources
2025-08-02 14:31:25,745 [Worker-163: Building] INFO  o.a.m.s.f.DefaultMavenResourcesFiltering - skip non existing resourceDirectory C:\Users\BETU\Desktop\coading\Spring-Core\Spring-Core-jdbc-withoutxml\src\test\resources
2025-08-02 14:31:50,167 [Worker-165: Building] INFO  o.a.m.s.f.DefaultMavenResourcesFiltering - skip non existing resourceDirectory C:\Users\BETU\Desktop\coading\Spring-Core\Spring-Core-jdbc-withoutxml\src\main\resources
2025-08-02 14:31:50,170 [Worker-165: Building] INFO  o.a.m.s.f.DefaultMavenResourcesFiltering - skip non existing resourceDirectory C:\Users\BETU\Desktop\coading\Spring-Core\Spring-Core-jdbc-withoutxml\src\test\resources
2025-08-02 14:32:09,066 [Worker-168: Building] INFO  o.a.m.s.f.DefaultMavenResourcesFiltering - skip non existing resourceDirectory C:\Users\BETU\Desktop\coading\Spring-Core\Spring-Core-jdbc-withoutxml\src\main\resources
2025-08-02 14:32:09,067 [Worker-168: Building] INFO  o.a.m.s.f.DefaultMavenResourcesFiltering - skip non existing resourceDirectory C:\Users\BETU\Desktop\coading\Spring-Core\Spring-Core-jdbc-withoutxml\src\test\resources
2025-08-02 15:24:30,673 [Worker-167: Launching mavenrun-9ff29a72-5d13-43e1-aa53-8ce433d1a8ac] INFO  o.eclipse.m2e.core.internal.Bundles - getClasspathEntries(Bundle=org.eclipse.m2e.maven.runtime_3.9.900.20240824-1409 [638])
2025-08-02 15:24:30,676 [Worker-167: Launching mavenrun-9ff29a72-5d13-43e1-aa53-8ce433d1a8ac] INFO  o.eclipse.m2e.core.internal.Bundles - 	Entry: C:\Users\BETU\.p2\pool\plugins\org.eclipse.m2e.maven.runtime_3.9.900.20240824-1409
2025-08-02 15:24:30,677 [Worker-167: Launching mavenrun-9ff29a72-5d13-43e1-aa53-8ce433d1a8ac] INFO  o.eclipse.m2e.core.internal.Bundles - 	Entry: C:\Users\BETU\.p2\pool\plugins\org.eclipse.m2e.maven.runtime_3.9.900.20240824-1409\jars\aopalliance-1.0.jar
2025-08-02 15:24:30,677 [Worker-167: Launching mavenrun-9ff29a72-5d13-43e1-aa53-8ce433d1a8ac] INFO  o.eclipse.m2e.core.internal.Bundles - 	Entry: C:\Users\BETU\.p2\pool\plugins\org.eclipse.m2e.maven.runtime_3.9.900.20240824-1409\jars\guice-5.1.0.jar
2025-08-02 15:24:30,678 [Worker-167: Launching mavenrun-9ff29a72-5d13-43e1-aa53-8ce433d1a8ac] INFO  o.eclipse.m2e.core.internal.Bundles - 	Entry: C:\Users\BETU\.p2\pool\plugins\org.eclipse.m2e.maven.runtime_3.9.900.20240824-1409\jars\httpclient-4.5.14.jar
2025-08-02 15:24:30,678 [Worker-167: Launching mavenrun-9ff29a72-5d13-43e1-aa53-8ce433d1a8ac] INFO  o.eclipse.m2e.core.internal.Bundles - 	Entry: C:\Users\BETU\.p2\pool\plugins\org.eclipse.m2e.maven.runtime_3.9.900.20240824-1409\jars\httpcore-4.4.16.jar
2025-08-02 15:24:30,678 [Worker-167: Launching mavenrun-9ff29a72-5d13-43e1-aa53-8ce433d1a8ac] INFO  o.eclipse.m2e.core.internal.Bundles - 	Entry: C:\Users\BETU\.p2\pool\plugins\org.eclipse.m2e.maven.runtime_3.9.900.20240824-1409\jars\jansi-2.4.1.jar
2025-08-02 15:24:30,679 [Worker-167: Launching mavenrun-9ff29a72-5d13-43e1-aa53-8ce433d1a8ac] INFO  o.eclipse.m2e.core.internal.Bundles - 	Entry: C:\Users\BETU\.p2\pool\plugins\org.eclipse.m2e.maven.runtime_3.9.900.20240824-1409\jars\jcl-over-slf4j-1.7.36.jar
2025-08-02 15:24:30,679 [Worker-167: Launching mavenrun-9ff29a72-5d13-43e1-aa53-8ce433d1a8ac] INFO  o.eclipse.m2e.core.internal.Bundles - 	Entry: C:\Users\BETU\.p2\pool\plugins\org.eclipse.m2e.maven.runtime_3.9.900.20240824-1409\jars\maven-artifact-3.9.9.jar
2025-08-02 15:24:30,680 [Worker-167: Launching mavenrun-9ff29a72-5d13-43e1-aa53-8ce433d1a8ac] INFO  o.eclipse.m2e.core.internal.Bundles - 	Entry: C:\Users\BETU\.p2\pool\plugins\org.eclipse.m2e.maven.runtime_3.9.900.20240824-1409\jars\maven-builder-support-3.9.9.jar
2025-08-02 15:24:30,680 [Worker-167: Launching mavenrun-9ff29a72-5d13-43e1-aa53-8ce433d1a8ac] INFO  o.eclipse.m2e.core.internal.Bundles - 	Entry: C:\Users\BETU\.p2\pool\plugins\org.eclipse.m2e.maven.runtime_3.9.900.20240824-1409\jars\maven-compat-3.9.9.jar
2025-08-02 15:24:30,681 [Worker-167: Launching mavenrun-9ff29a72-5d13-43e1-aa53-8ce433d1a8ac] INFO  o.eclipse.m2e.core.internal.Bundles - 	Entry: C:\Users\BETU\.p2\pool\plugins\org.eclipse.m2e.maven.runtime_3.9.900.20240824-1409\jars\maven-core-3.9.9.jar
2025-08-02 15:24:30,681 [Worker-167: Launching mavenrun-9ff29a72-5d13-43e1-aa53-8ce433d1a8ac] INFO  o.eclipse.m2e.core.internal.Bundles - 	Entry: C:\Users\BETU\.p2\pool\plugins\org.eclipse.m2e.maven.runtime_3.9.900.20240824-1409\jars\maven-embedder-3.9.9.jar
2025-08-02 15:24:30,682 [Worker-167: Launching mavenrun-9ff29a72-5d13-43e1-aa53-8ce433d1a8ac] INFO  o.eclipse.m2e.core.internal.Bundles - 	Entry: C:\Users\BETU\.p2\pool\plugins\org.eclipse.m2e.maven.runtime_3.9.900.20240824-1409\jars\maven-model-3.9.9.jar
2025-08-02 15:24:30,682 [Worker-167: Launching mavenrun-9ff29a72-5d13-43e1-aa53-8ce433d1a8ac] INFO  o.eclipse.m2e.core.internal.Bundles - 	Entry: C:\Users\BETU\.p2\pool\plugins\org.eclipse.m2e.maven.runtime_3.9.900.20240824-1409\jars\maven-model-builder-3.9.9.jar
2025-08-02 15:24:30,683 [Worker-167: Launching mavenrun-9ff29a72-5d13-43e1-aa53-8ce433d1a8ac] INFO  o.eclipse.m2e.core.internal.Bundles - 	Entry: C:\Users\BETU\.p2\pool\plugins\org.eclipse.m2e.maven.runtime_3.9.900.20240824-1409\jars\maven-plugin-api-3.9.9.jar
2025-08-02 15:24:30,683 [Worker-167: Launching mavenrun-9ff29a72-5d13-43e1-aa53-8ce433d1a8ac] INFO  o.eclipse.m2e.core.internal.Bundles - 	Entry: C:\Users\BETU\.p2\pool\plugins\org.eclipse.m2e.maven.runtime_3.9.900.20240824-1409\jars\maven-repository-metadata-3.9.9.jar
2025-08-02 15:24:30,684 [Worker-167: Launching mavenrun-9ff29a72-5d13-43e1-aa53-8ce433d1a8ac] INFO  o.eclipse.m2e.core.internal.Bundles - 	Entry: C:\Users\BETU\.p2\pool\plugins\org.eclipse.m2e.maven.runtime_3.9.900.20240824-1409\jars\maven-resolver-api-1.9.22.jar
2025-08-02 15:24:30,684 [Worker-167: Launching mavenrun-9ff29a72-5d13-43e1-aa53-8ce433d1a8ac] INFO  o.eclipse.m2e.core.internal.Bundles - 	Entry: C:\Users\BETU\.p2\pool\plugins\org.eclipse.m2e.maven.runtime_3.9.900.20240824-1409\jars\maven-resolver-connector-basic-1.9.22.jar
2025-08-02 15:24:30,685 [Worker-167: Launching mavenrun-9ff29a72-5d13-43e1-aa53-8ce433d1a8ac] INFO  o.eclipse.m2e.core.internal.Bundles - 	Entry: C:\Users\BETU\.p2\pool\plugins\org.eclipse.m2e.maven.runtime_3.9.900.20240824-1409\jars\maven-resolver-impl-1.9.22.jar
2025-08-02 15:24:30,686 [Worker-167: Launching mavenrun-9ff29a72-5d13-43e1-aa53-8ce433d1a8ac] INFO  o.eclipse.m2e.core.internal.Bundles - 	Entry: C:\Users\BETU\.p2\pool\plugins\org.eclipse.m2e.maven.runtime_3.9.900.20240824-1409\jars\maven-resolver-named-locks-1.9.22.jar
2025-08-02 15:24:30,687 [Worker-167: Launching mavenrun-9ff29a72-5d13-43e1-aa53-8ce433d1a8ac] INFO  o.eclipse.m2e.core.internal.Bundles - 	Entry: C:\Users\BETU\.p2\pool\plugins\org.eclipse.m2e.maven.runtime_3.9.900.20240824-1409\jars\maven-resolver-provider-3.9.9.jar
2025-08-02 15:24:30,688 [Worker-167: Launching mavenrun-9ff29a72-5d13-43e1-aa53-8ce433d1a8ac] INFO  o.eclipse.m2e.core.internal.Bundles - 	Entry: C:\Users\BETU\.p2\pool\plugins\org.eclipse.m2e.maven.runtime_3.9.900.20240824-1409\jars\maven-resolver-spi-1.9.22.jar
2025-08-02 15:24:30,689 [Worker-167: Launching mavenrun-9ff29a72-5d13-43e1-aa53-8ce433d1a8ac] INFO  o.eclipse.m2e.core.internal.Bundles - 	Entry: C:\Users\BETU\.p2\pool\plugins\org.eclipse.m2e.maven.runtime_3.9.900.20240824-1409\jars\maven-resolver-transport-file-1.9.22.jar
2025-08-02 15:24:30,690 [Worker-167: Launching mavenrun-9ff29a72-5d13-43e1-aa53-8ce433d1a8ac] INFO  o.eclipse.m2e.core.internal.Bundles - 	Entry: C:\Users\BETU\.p2\pool\plugins\org.eclipse.m2e.maven.runtime_3.9.900.20240824-1409\jars\maven-resolver-transport-http-1.9.22.jar
2025-08-02 15:24:30,691 [Worker-167: Launching mavenrun-9ff29a72-5d13-43e1-aa53-8ce433d1a8ac] INFO  o.eclipse.m2e.core.internal.Bundles - 	Entry: C:\Users\BETU\.p2\pool\plugins\org.eclipse.m2e.maven.runtime_3.9.900.20240824-1409\jars\maven-resolver-transport-wagon-1.9.22.jar
2025-08-02 15:24:30,692 [Worker-167: Launching mavenrun-9ff29a72-5d13-43e1-aa53-8ce433d1a8ac] INFO  o.eclipse.m2e.core.internal.Bundles - 	Entry: C:\Users\BETU\.p2\pool\plugins\org.eclipse.m2e.maven.runtime_3.9.900.20240824-1409\jars\maven-resolver-util-1.9.22.jar
2025-08-02 15:24:30,693 [Worker-167: Launching mavenrun-9ff29a72-5d13-43e1-aa53-8ce433d1a8ac] INFO  o.eclipse.m2e.core.internal.Bundles - 	Entry: C:\Users\BETU\.p2\pool\plugins\org.eclipse.m2e.maven.runtime_3.9.900.20240824-1409\jars\maven-settings-3.9.9.jar
2025-08-02 15:24:30,694 [Worker-167: Launching mavenrun-9ff29a72-5d13-43e1-aa53-8ce433d1a8ac] INFO  o.eclipse.m2e.core.internal.Bundles - 	Entry: C:\Users\BETU\.p2\pool\plugins\org.eclipse.m2e.maven.runtime_3.9.900.20240824-1409\jars\maven-settings-builder-3.9.9.jar
2025-08-02 15:24:30,694 [Worker-167: Launching mavenrun-9ff29a72-5d13-43e1-aa53-8ce433d1a8ac] INFO  o.eclipse.m2e.core.internal.Bundles - 	Entry: C:\Users\BETU\.p2\pool\plugins\org.eclipse.m2e.maven.runtime_3.9.900.20240824-1409\jars\maven-shared-utils-3.4.2.jar
2025-08-02 15:24:30,695 [Worker-167: Launching mavenrun-9ff29a72-5d13-43e1-aa53-8ce433d1a8ac] INFO  o.eclipse.m2e.core.internal.Bundles - 	Entry: C:\Users\BETU\.p2\pool\plugins\org.eclipse.m2e.maven.runtime_3.9.900.20240824-1409\jars\org.eclipse.sisu.inject-0.9.0.M3.jar
2025-08-02 15:24:30,696 [Worker-167: Launching mavenrun-9ff29a72-5d13-43e1-aa53-8ce433d1a8ac] INFO  o.eclipse.m2e.core.internal.Bundles - 	Entry: C:\Users\BETU\.p2\pool\plugins\org.eclipse.m2e.maven.runtime_3.9.900.20240824-1409\jars\org.eclipse.sisu.plexus-0.9.0.M3.jar
2025-08-02 15:24:30,697 [Worker-167: Launching mavenrun-9ff29a72-5d13-43e1-aa53-8ce433d1a8ac] INFO  o.eclipse.m2e.core.internal.Bundles - 	Entry: C:\Users\BETU\.p2\pool\plugins\org.eclipse.m2e.maven.runtime_3.9.900.20240824-1409\jars\plexus-build-api-0.0.7.jar
2025-08-02 15:24:30,697 [Worker-167: Launching mavenrun-9ff29a72-5d13-43e1-aa53-8ce433d1a8ac] INFO  o.eclipse.m2e.core.internal.Bundles - 	Entry: C:\Users\BETU\.p2\pool\plugins\org.eclipse.m2e.maven.runtime_3.9.900.20240824-1409\jars\plexus-build-api-1.2.0.jar
2025-08-02 15:24:30,698 [Worker-167: Launching mavenrun-9ff29a72-5d13-43e1-aa53-8ce433d1a8ac] INFO  o.eclipse.m2e.core.internal.Bundles - 	Entry: C:\Users\BETU\.p2\pool\plugins\org.eclipse.m2e.maven.runtime_3.9.900.20240824-1409\jars\plexus-cipher-2.0.jar
2025-08-02 15:24:30,699 [Worker-167: Launching mavenrun-9ff29a72-5d13-43e1-aa53-8ce433d1a8ac] INFO  o.eclipse.m2e.core.internal.Bundles - 	Entry: C:\Users\BETU\.p2\pool\plugins\org.eclipse.m2e.maven.runtime_3.9.900.20240824-1409\jars\plexus-classworlds-2.8.0.jar
2025-08-02 15:24:30,700 [Worker-167: Launching mavenrun-9ff29a72-5d13-43e1-aa53-8ce433d1a8ac] INFO  o.eclipse.m2e.core.internal.Bundles - 	Entry: C:\Users\BETU\.p2\pool\plugins\org.eclipse.m2e.maven.runtime_3.9.900.20240824-1409\jars\plexus-component-annotations-2.1.0.jar
2025-08-02 15:24:30,702 [Worker-167: Launching mavenrun-9ff29a72-5d13-43e1-aa53-8ce433d1a8ac] INFO  o.eclipse.m2e.core.internal.Bundles - 	Entry: C:\Users\BETU\.p2\pool\plugins\org.eclipse.m2e.maven.runtime_3.9.900.20240824-1409\jars\plexus-interpolation-1.27.jar
2025-08-02 15:24:30,703 [Worker-167: Launching mavenrun-9ff29a72-5d13-43e1-aa53-8ce433d1a8ac] INFO  o.eclipse.m2e.core.internal.Bundles - 	Entry: C:\Users\BETU\.p2\pool\plugins\org.eclipse.m2e.maven.runtime_3.9.900.20240824-1409\jars\plexus-sec-dispatcher-2.0.jar
2025-08-02 15:24:30,704 [Worker-167: Launching mavenrun-9ff29a72-5d13-43e1-aa53-8ce433d1a8ac] INFO  o.eclipse.m2e.core.internal.Bundles - 	Entry: C:\Users\BETU\.p2\pool\plugins\org.eclipse.m2e.maven.runtime_3.9.900.20240824-1409\jars\plexus-utils-3.5.1.jar
2025-08-02 15:24:30,705 [Worker-167: Launching mavenrun-9ff29a72-5d13-43e1-aa53-8ce433d1a8ac] INFO  o.eclipse.m2e.core.internal.Bundles - 	Entry: C:\Users\BETU\.p2\pool\plugins\org.eclipse.m2e.maven.runtime_3.9.900.20240824-1409\jars\plexus-xml-3.0.1.jar
2025-08-02 15:24:30,705 [Worker-167: Launching mavenrun-9ff29a72-5d13-43e1-aa53-8ce433d1a8ac] INFO  o.eclipse.m2e.core.internal.Bundles - 	Entry: C:\Users\BETU\.p2\pool\plugins\org.eclipse.m2e.maven.runtime_3.9.900.20240824-1409\jars\wagon-file-3.5.3.jar
2025-08-02 15:24:30,706 [Worker-167: Launching mavenrun-9ff29a72-5d13-43e1-aa53-8ce433d1a8ac] INFO  o.eclipse.m2e.core.internal.Bundles - 	Entry: C:\Users\BETU\.p2\pool\plugins\org.eclipse.m2e.maven.runtime_3.9.900.20240824-1409\jars\wagon-http-3.5.3.jar
2025-08-02 15:24:30,706 [Worker-167: Launching mavenrun-9ff29a72-5d13-43e1-aa53-8ce433d1a8ac] INFO  o.eclipse.m2e.core.internal.Bundles - 	Entry: C:\Users\BETU\.p2\pool\plugins\org.eclipse.m2e.maven.runtime_3.9.900.20240824-1409\jars\wagon-http-shared-3.5.3.jar
2025-08-02 15:24:30,707 [Worker-167: Launching mavenrun-9ff29a72-5d13-43e1-aa53-8ce433d1a8ac] INFO  o.eclipse.m2e.core.internal.Bundles - 	Entry: C:\Users\BETU\.p2\pool\plugins\org.eclipse.m2e.maven.runtime_3.9.900.20240824-1409\jars\wagon-provider-api-3.5.3.jar
2025-08-02 15:24:30,708 [Worker-167: Launching mavenrun-9ff29a72-5d13-43e1-aa53-8ce433d1a8ac] INFO  o.eclipse.m2e.core.internal.Bundles - getClasspathEntries(Bundle=com.google.guava_33.3.1.jre [16])
2025-08-02 15:24:30,710 [Worker-167: Launching mavenrun-9ff29a72-5d13-43e1-aa53-8ce433d1a8ac] INFO  o.eclipse.m2e.core.internal.Bundles - 	Entry: C:\Users\BETU\.p2\pool\plugins\com.google.guava_33.3.1.jre.jar
2025-08-02 15:24:30,710 [Worker-167: Launching mavenrun-9ff29a72-5d13-43e1-aa53-8ce433d1a8ac] INFO  o.eclipse.m2e.core.internal.Bundles - getClasspathEntries(Bundle=slf4j.api_2.0.16 [1005])
2025-08-02 15:24:30,712 [Worker-167: Launching mavenrun-9ff29a72-5d13-43e1-aa53-8ce433d1a8ac] INFO  o.eclipse.m2e.core.internal.Bundles - 	Entry: C:\Users\BETU\.p2\pool\plugins\slf4j.api_2.0.16.jar
2025-08-02 15:24:30,712 [Worker-167: Launching mavenrun-9ff29a72-5d13-43e1-aa53-8ce433d1a8ac] INFO  o.eclipse.m2e.core.internal.Bundles - getClasspathEntries(Bundle=jakarta.inject.jakarta.inject-api_1.0.5 [34])
2025-08-02 15:24:30,714 [Worker-167: Launching mavenrun-9ff29a72-5d13-43e1-aa53-8ce433d1a8ac] INFO  o.eclipse.m2e.core.internal.Bundles - 	Entry: C:\Users\BETU\.p2\pool\plugins\jakarta.inject.jakarta.inject-api_1.0.5.jar
2025-08-02 15:24:30,714 [Worker-167: Launching mavenrun-9ff29a72-5d13-43e1-aa53-8ce433d1a8ac] INFO  o.eclipse.m2e.core.internal.Bundles - getClasspathEntries(Bundle=jakarta.annotation-api_1.3.5 [29])
2025-08-02 15:24:30,715 [Worker-167: Launching mavenrun-9ff29a72-5d13-43e1-aa53-8ce433d1a8ac] INFO  o.eclipse.m2e.core.internal.Bundles - 	Entry: C:\Users\BETU\.p2\pool\plugins\jakarta.annotation-api_1.3.5.jar
2025-08-02 15:24:30,715 [Worker-167: Launching mavenrun-9ff29a72-5d13-43e1-aa53-8ce433d1a8ac] INFO  o.eclipse.m2e.core.internal.Bundles - getClasspathEntries(Bundle=org.apache.commons.cli_1.9.0 [75])
2025-08-02 15:24:30,716 [Worker-167: Launching mavenrun-9ff29a72-5d13-43e1-aa53-8ce433d1a8ac] INFO  o.eclipse.m2e.core.internal.Bundles - 	Entry: C:\Users\BETU\.p2\pool\plugins\org.apache.commons.cli_1.9.0.jar
2025-08-02 15:24:30,717 [Worker-167: Launching mavenrun-9ff29a72-5d13-43e1-aa53-8ce433d1a8ac] INFO  o.eclipse.m2e.core.internal.Bundles - getClasspathEntries(Bundle=org.apache.commons.commons-codec_1.16.0 [78])
2025-08-02 15:24:30,718 [Worker-167: Launching mavenrun-9ff29a72-5d13-43e1-aa53-8ce433d1a8ac] INFO  o.eclipse.m2e.core.internal.Bundles - 	Entry: C:\Users\BETU\.p2\pool\plugins\org.apache.commons.commons-codec_1.16.0.jar
2025-08-02 15:24:30,718 [Worker-167: Launching mavenrun-9ff29a72-5d13-43e1-aa53-8ce433d1a8ac] INFO  o.eclipse.m2e.core.internal.Bundles - getClasspathEntries(Bundle=com.google.guava.failureaccess_1.0.2 [17])
2025-08-02 15:24:30,720 [Worker-167: Launching mavenrun-9ff29a72-5d13-43e1-aa53-8ce433d1a8ac] INFO  o.eclipse.m2e.core.internal.Bundles - 	Entry: C:\Users\BETU\.p2\pool\plugins\com.google.guava.failureaccess_1.0.2.jar
2025-08-02 15:24:30,746 [Worker-167: Launching mavenrun-9ff29a72-5d13-43e1-aa53-8ce433d1a8ac] INFO  o.e.m.i.launch.MavenLaunchDelegate - Run build in "C:\Users\BETU\AppData\Local\Temp\m2e-archetypeGenerator13709372957665727127":
2025-08-02 15:24:30,747 [Worker-167: Launching mavenrun-9ff29a72-5d13-43e1-aa53-8ce433d1a8ac] INFO  o.e.m.i.launch.MavenLaunchDelegate -  mvn  -DarchetypeGroupId=org.apache.maven.archetypes -DarchetypeArtifactId=maven-archetype-quickstart -DarchetypeVersion=1.1 -DgroupId=com.univ -DartifactId=Spring-Core-JDBC-WithoutXml2 -Dversion=0.0.1-SNAPSHOT -Dpackage=com.univ -DoutputDirectory=C:\Users\BETU\Desktop\coading\Spring-Core -Dstyle.color=always -U archetype:generate
2025-08-02 15:25:35,875 [Worker-169: Creating maven-archetype-quickstart] INFO  o.e.m.c.i.p.ProjectConfigurationManager - Collecting project info '/pom.xml' C:\Users\BETU\Desktop\coading\Spring-Core\Spring-Core-JDBC-WithoutXml2\pom.xml
2025-08-02 15:25:36,454 [Worker-169: Creating maven-archetype-quickstart] INFO  o.e.m.c.i.l.LifecycleMappingFactory - Using org.eclipse.m2e.jdt.JarLifecycleMapping lifecycle mapping for MavenProject: com.univ:Spring-Core-JDBC-WithoutXml2:0.0.1-SNAPSHOT @ C:\Users\BETU\Desktop\coading\Spring-Core\Spring-Core-JDBC-WithoutXml2\pom.xml.
2025-08-02 15:25:37,350 [Worker-169: Creating maven-archetype-quickstart] INFO  o.e.m.j.i.AbstractJavaProjectConfigurator - Adding source folder /Spring-Core-JDBC-WithoutXml2/src/main/java
2025-08-02 15:25:37,351 [Worker-169: Creating maven-archetype-quickstart] INFO  o.e.m.j.i.AbstractJavaProjectConfigurator - Adding resource folder /Spring-Core-JDBC-WithoutXml2/src/main/resources
2025-08-02 15:25:37,359 [Worker-169: Creating maven-archetype-quickstart] INFO  o.e.m.j.i.AbstractJavaProjectConfigurator - Adding source folder /Spring-Core-JDBC-WithoutXml2/src/test/java
2025-08-02 15:25:37,360 [Worker-169: Creating maven-archetype-quickstart] INFO  o.e.m.j.i.AbstractJavaProjectConfigurator - Adding resource folder /Spring-Core-JDBC-WithoutXml2/src/test/resources
2025-08-02 15:25:37,480 [Worker-169: Creating maven-archetype-quickstart] INFO  o.e.m.c.i.p.ProjectConfigurationManager - Imported and configured 1 project(s) in 1 sec
2025-08-02 15:25:37,783 [Worker-167: Building] INFO  o.a.m.s.f.DefaultMavenResourcesFiltering - skip non existing resourceDirectory C:\Users\BETU\Desktop\coading\Spring-Core\Spring-Core-JDBC-WithoutXml2\src\main\resources
2025-08-02 15:25:37,785 [Worker-167: Building] INFO  o.a.m.s.f.DefaultMavenResourcesFiltering - skip non existing resourceDirectory C:\Users\BETU\Desktop\coading\Spring-Core\Spring-Core-JDBC-WithoutXml2\src\test\resources
2025-08-02 15:26:55,970 [Worker-175: Building] INFO  o.a.m.s.f.DefaultMavenResourcesFiltering - skip non existing resourceDirectory C:\Users\BETU\Desktop\coading\Spring-Core\Spring-Core-JDBC-WithoutXml2\src\main\resources
2025-08-02 15:26:55,973 [Worker-175: Building] INFO  o.a.m.s.f.DefaultMavenResourcesFiltering - skip non existing resourceDirectory C:\Users\BETU\Desktop\coading\Spring-Core\Spring-Core-JDBC-WithoutXml2\src\test\resources
2025-08-02 15:27:14,690 [Worker-174: Building] INFO  o.a.m.s.f.DefaultMavenResourcesFiltering - skip non existing resourceDirectory C:\Users\BETU\Desktop\coading\Spring-Core\Spring-Core-JDBC-WithoutXml2\src\main\resources
2025-08-02 15:27:14,691 [Worker-174: Building] INFO  o.a.m.s.f.DefaultMavenResourcesFiltering - skip non existing resourceDirectory C:\Users\BETU\Desktop\coading\Spring-Core\Spring-Core-JDBC-WithoutXml2\src\test\resources
2025-08-02 15:27:30,583 [Worker-176: Building] INFO  o.a.m.s.f.DefaultMavenResourcesFiltering - skip non existing resourceDirectory C:\Users\BETU\Desktop\coading\Spring-Core\Spring-Core-JDBC-WithoutXml2\src\main\resources
2025-08-02 15:27:30,587 [Worker-176: Building] INFO  o.a.m.s.f.DefaultMavenResourcesFiltering - skip non existing resourceDirectory C:\Users\BETU\Desktop\coading\Spring-Core\Spring-Core-JDBC-WithoutXml2\src\test\resources
2025-08-02 15:28:00,354 [Worker-167: Building] INFO  o.a.m.s.f.DefaultMavenResourcesFiltering - skip non existing resourceDirectory C:\Users\BETU\Desktop\coading\Spring-Core\Spring-Core-JDBC-WithoutXml2\src\main\resources
2025-08-02 15:28:00,356 [Worker-167: Building] INFO  o.a.m.s.f.DefaultMavenResourcesFiltering - skip non existing resourceDirectory C:\Users\BETU\Desktop\coading\Spring-Core\Spring-Core-JDBC-WithoutXml2\src\test\resources
2025-08-02 15:29:56,293 [Worker-176: Building] INFO  o.a.m.s.f.DefaultMavenResourcesFiltering - skip non existing resourceDirectory C:\Users\BETU\Desktop\coading\Spring-Core\Spring-Core-JDBC-WithoutXml2\src\main\resources
2025-08-02 15:29:56,295 [Worker-176: Building] INFO  o.a.m.s.f.DefaultMavenResourcesFiltering - skip non existing resourceDirectory C:\Users\BETU\Desktop\coading\Spring-Core\Spring-Core-JDBC-WithoutXml2\src\test\resources
2025-08-02 15:30:59,746 [Worker-173: Building] INFO  o.a.m.s.f.DefaultMavenResourcesFiltering - skip non existing resourceDirectory C:\Users\BETU\Desktop\coading\Spring-Core\Spring-Core-JDBC-WithoutXml2\src\main\resources
2025-08-02 15:30:59,748 [Worker-173: Building] INFO  o.a.m.s.f.DefaultMavenResourcesFiltering - skip non existing resourceDirectory C:\Users\BETU\Desktop\coading\Spring-Core\Spring-Core-JDBC-WithoutXml2\src\test\resources
2025-08-02 15:31:43,140 [Worker-167: Building] INFO  o.a.m.s.f.DefaultMavenResourcesFiltering - skip non existing resourceDirectory C:\Users\BETU\Desktop\coading\Spring-Core\Spring-Core-JDBC-WithoutXml2\src\main\resources
2025-08-02 15:31:43,143 [Worker-167: Building] INFO  o.a.m.s.f.DefaultMavenResourcesFiltering - skip non existing resourceDirectory C:\Users\BETU\Desktop\coading\Spring-Core\Spring-Core-JDBC-WithoutXml2\src\test\resources
2025-08-02 15:32:53,794 [Worker-174: Building] INFO  o.e.m.c.i.l.LifecycleMappingFactory - Using org.eclipse.m2e.jdt.JarLifecycleMapping lifecycle mapping for MavenProject: com.univ:Spring-Core-JDBC-WithoutXml2:0.0.1-SNAPSHOT @ C:\Users\BETU\Desktop\coading\Spring-Core\Spring-Core-JDBC-WithoutXml2\pom.xml.
2025-08-02 15:32:53,989 [Worker-174: Building] INFO  o.a.m.s.f.DefaultMavenResourcesFiltering - skip non existing resourceDirectory C:\Users\BETU\Desktop\coading\Spring-Core\Spring-Core-JDBC-WithoutXml2\src\main\resources
2025-08-02 15:32:53,991 [Worker-174: Building] INFO  o.a.m.s.f.DefaultMavenResourcesFiltering - skip non existing resourceDirectory C:\Users\BETU\Desktop\coading\Spring-Core\Spring-Core-JDBC-WithoutXml2\src\test\resources
2025-08-02 15:32:55,161 [Worker-173: Building] INFO  o.a.m.s.f.DefaultMavenResourcesFiltering - skip non existing resourceDirectory C:\Users\BETU\Desktop\coading\Spring-Core\Spring-Core-JDBC-WithoutXml2\src\main\resources
2025-08-02 15:32:55,163 [Worker-173: Building] INFO  o.a.m.s.f.DefaultMavenResourcesFiltering - skip non existing resourceDirectory C:\Users\BETU\Desktop\coading\Spring-Core\Spring-Core-JDBC-WithoutXml2\src\test\resources
2025-08-02 15:38:44,694 [Worker-174: Building] INFO  o.a.m.s.f.DefaultMavenResourcesFiltering - skip non existing resourceDirectory C:\Users\BETU\Desktop\coading\Spring-Core\Spring-Core-JDBC-WithoutXml2\src\main\resources
2025-08-02 15:38:44,696 [Worker-174: Building] INFO  o.a.m.s.f.DefaultMavenResourcesFiltering - skip non existing resourceDirectory C:\Users\BETU\Desktop\coading\Spring-Core\Spring-Core-JDBC-WithoutXml2\src\test\resources
2025-08-02 15:42:10,719 [Worker-176: Building] INFO  o.a.m.s.f.DefaultMavenResourcesFiltering - skip non existing resourceDirectory C:\Users\BETU\Desktop\coading\Spring-Core\Spring-Core-JDBC-WithoutXml2\src\main\resources
2025-08-02 15:42:10,721 [Worker-176: Building] INFO  o.a.m.s.f.DefaultMavenResourcesFiltering - skip non existing resourceDirectory C:\Users\BETU\Desktop\coading\Spring-Core\Spring-Core-JDBC-WithoutXml2\src\test\resources
2025-08-02 15:54:28,481 [Worker-176: Building] INFO  o.a.m.s.f.DefaultMavenResourcesFiltering - skip non existing resourceDirectory C:\Users\BETU\Desktop\coading\Spring-Core\Spring-Core-JDBC-WithoutXml2\src\main\resources
2025-08-02 15:54:28,483 [Worker-176: Building] INFO  o.a.m.s.f.DefaultMavenResourcesFiltering - skip non existing resourceDirectory C:\Users\BETU\Desktop\coading\Spring-Core\Spring-Core-JDBC-WithoutXml2\src\test\resources
2025-08-02 15:54:53,992 [Worker-172: Building] INFO  o.a.m.s.f.DefaultMavenResourcesFiltering - skip non existing resourceDirectory C:\Users\BETU\Desktop\coading\Spring-Core\Spring-Core-JDBC-WithoutXml2\src\main\resources
2025-08-02 15:54:53,993 [Worker-172: Building] INFO  o.a.m.s.f.DefaultMavenResourcesFiltering - skip non existing resourceDirectory C:\Users\BETU\Desktop\coading\Spring-Core\Spring-Core-JDBC-WithoutXml2\src\test\resources
2025-08-02 15:56:33,021 [Worker-176: Building] INFO  o.a.m.s.f.DefaultMavenResourcesFiltering - skip non existing resourceDirectory C:\Users\BETU\Desktop\coading\Spring-Core\Spring-Core-JDBC-WithoutXml2\src\main\resources
2025-08-02 15:56:33,023 [Worker-176: Building] INFO  o.a.m.s.f.DefaultMavenResourcesFiltering - skip non existing resourceDirectory C:\Users\BETU\Desktop\coading\Spring-Core\Spring-Core-JDBC-WithoutXml2\src\test\resources
2025-08-02 15:56:35,833 [Worker-169: Launching App (17)] INFO  o.a.m.s.f.DefaultMavenResourcesFiltering - skip non existing resourceDirectory C:\Users\BETU\Desktop\coading\Spring-Core\Spring-Core-JDBC-WithoutXml2\src\main\resources
2025-08-02 15:56:35,836 [Worker-169: Launching App (17)] INFO  o.a.m.s.f.DefaultMavenResourcesFiltering - skip non existing resourceDirectory C:\Users\BETU\Desktop\coading\Spring-Core\Spring-Core-JDBC-WithoutXml2\src\test\resources
2025-08-02 15:57:00,146 [Worker-167: Building] INFO  o.a.m.s.f.DefaultMavenResourcesFiltering - skip non existing resourceDirectory C:\Users\BETU\Desktop\coading\Spring-Core\Spring-Core-JDBC-WithoutXml2\src\main\resources
2025-08-02 15:57:00,148 [Worker-167: Building] INFO  o.a.m.s.f.DefaultMavenResourcesFiltering - skip non existing resourceDirectory C:\Users\BETU\Desktop\coading\Spring-Core\Spring-Core-JDBC-WithoutXml2\src\test\resources
2025-08-02 16:00:15,280 [Worker-179: Building] INFO  o.a.m.s.f.DefaultMavenResourcesFiltering - skip non existing resourceDirectory C:\Users\BETU\Desktop\coading\Spring-Core\Spring-Core-JDBC-WithoutXml2\src\main\resources
2025-08-02 16:00:15,281 [Worker-179: Building] INFO  o.a.m.s.f.DefaultMavenResourcesFiltering - skip non existing resourceDirectory C:\Users\BETU\Desktop\coading\Spring-Core\Spring-Core-JDBC-WithoutXml2\src\test\resources
2025-08-02 16:00:20,146 [Worker-179: Launching App (17)] INFO  o.a.m.s.f.DefaultMavenResourcesFiltering - skip non existing resourceDirectory C:\Users\BETU\Desktop\coading\Spring-Core\Spring-Core-JDBC-WithoutXml2\src\main\resources
2025-08-02 16:00:20,149 [Worker-179: Launching App (17)] INFO  o.a.m.s.f.DefaultMavenResourcesFiltering - skip non existing resourceDirectory C:\Users\BETU\Desktop\coading\Spring-Core\Spring-Core-JDBC-WithoutXml2\src\test\resources
2025-08-02 16:01:06,392 [Worker-180: Launching App (17)] INFO  o.a.m.s.f.DefaultMavenResourcesFiltering - skip non existing resourceDirectory C:\Users\BETU\Desktop\coading\Spring-Core\Spring-Core-JDBC-WithoutXml2\src\main\resources
2025-08-02 16:01:06,393 [Worker-180: Launching App (17)] INFO  o.a.m.s.f.DefaultMavenResourcesFiltering - skip non existing resourceDirectory C:\Users\BETU\Desktop\coading\Spring-Core\Spring-Core-JDBC-WithoutXml2\src\test\resources
2025-08-02 16:01:16,590 [Worker-178: Building] INFO  o.a.m.s.f.DefaultMavenResourcesFiltering - skip non existing resourceDirectory C:\Users\BETU\Desktop\coading\Spring-Core\Spring-Core-JDBC-WithoutXml2\src\main\resources
2025-08-02 16:01:16,592 [Worker-178: Building] INFO  o.a.m.s.f.DefaultMavenResourcesFiltering - skip non existing resourceDirectory C:\Users\BETU\Desktop\coading\Spring-Core\Spring-Core-JDBC-WithoutXml2\src\test\resources
2025-08-02 16:01:30,326 [Worker-180: Building] INFO  o.a.m.s.f.DefaultMavenResourcesFiltering - skip non existing resourceDirectory C:\Users\BETU\Desktop\coading\Spring-Core\Spring-Core-JDBC-WithoutXml2\src\main\resources
2025-08-02 16:01:30,327 [Worker-180: Building] INFO  o.a.m.s.f.DefaultMavenResourcesFiltering - skip non existing resourceDirectory C:\Users\BETU\Desktop\coading\Spring-Core\Spring-Core-JDBC-WithoutXml2\src\test\resources
2025-08-02 16:06:24,140 [Worker-183: Building] INFO  o.a.m.s.f.DefaultMavenResourcesFiltering - skip non existing resourceDirectory C:\Users\BETU\Desktop\coading\Spring-Core\Spring-Core-jdbc-withoutxml\src\main\resources
2025-08-02 16:06:24,142 [Worker-183: Building] INFO  o.a.m.s.f.DefaultMavenResourcesFiltering - skip non existing resourceDirectory C:\Users\BETU\Desktop\coading\Spring-Core\Spring-Core-jdbc-withoutxml\src\test\resources
2025-08-02 16:44:39,923 [Worker-182: Launching mavenrun-dea5d98a-b192-488d-972f-9afbc0b888a0] INFO  o.eclipse.m2e.core.internal.Bundles - getClasspathEntries(Bundle=org.eclipse.m2e.maven.runtime_3.9.900.20240824-1409 [638])
2025-08-02 16:44:39,926 [Worker-182: Launching mavenrun-dea5d98a-b192-488d-972f-9afbc0b888a0] INFO  o.eclipse.m2e.core.internal.Bundles - 	Entry: C:\Users\BETU\.p2\pool\plugins\org.eclipse.m2e.maven.runtime_3.9.900.20240824-1409
2025-08-02 16:44:39,927 [Worker-182: Launching mavenrun-dea5d98a-b192-488d-972f-9afbc0b888a0] INFO  o.eclipse.m2e.core.internal.Bundles - 	Entry: C:\Users\BETU\.p2\pool\plugins\org.eclipse.m2e.maven.runtime_3.9.900.20240824-1409\jars\aopalliance-1.0.jar
2025-08-02 16:44:39,928 [Worker-182: Launching mavenrun-dea5d98a-b192-488d-972f-9afbc0b888a0] INFO  o.eclipse.m2e.core.internal.Bundles - 	Entry: C:\Users\BETU\.p2\pool\plugins\org.eclipse.m2e.maven.runtime_3.9.900.20240824-1409\jars\guice-5.1.0.jar
2025-08-02 16:44:39,929 [Worker-182: Launching mavenrun-dea5d98a-b192-488d-972f-9afbc0b888a0] INFO  o.eclipse.m2e.core.internal.Bundles - 	Entry: C:\Users\BETU\.p2\pool\plugins\org.eclipse.m2e.maven.runtime_3.9.900.20240824-1409\jars\httpclient-4.5.14.jar
2025-08-02 16:44:39,929 [Worker-182: Launching mavenrun-dea5d98a-b192-488d-972f-9afbc0b888a0] INFO  o.eclipse.m2e.core.internal.Bundles - 	Entry: C:\Users\BETU\.p2\pool\plugins\org.eclipse.m2e.maven.runtime_3.9.900.20240824-1409\jars\httpcore-4.4.16.jar
2025-08-02 16:44:39,930 [Worker-182: Launching mavenrun-dea5d98a-b192-488d-972f-9afbc0b888a0] INFO  o.eclipse.m2e.core.internal.Bundles - 	Entry: C:\Users\BETU\.p2\pool\plugins\org.eclipse.m2e.maven.runtime_3.9.900.20240824-1409\jars\jansi-2.4.1.jar
2025-08-02 16:44:39,930 [Worker-182: Launching mavenrun-dea5d98a-b192-488d-972f-9afbc0b888a0] INFO  o.eclipse.m2e.core.internal.Bundles - 	Entry: C:\Users\BETU\.p2\pool\plugins\org.eclipse.m2e.maven.runtime_3.9.900.20240824-1409\jars\jcl-over-slf4j-1.7.36.jar
2025-08-02 16:44:39,930 [Worker-182: Launching mavenrun-dea5d98a-b192-488d-972f-9afbc0b888a0] INFO  o.eclipse.m2e.core.internal.Bundles - 	Entry: C:\Users\BETU\.p2\pool\plugins\org.eclipse.m2e.maven.runtime_3.9.900.20240824-1409\jars\maven-artifact-3.9.9.jar
2025-08-02 16:44:39,931 [Worker-182: Launching mavenrun-dea5d98a-b192-488d-972f-9afbc0b888a0] INFO  o.eclipse.m2e.core.internal.Bundles - 	Entry: C:\Users\BETU\.p2\pool\plugins\org.eclipse.m2e.maven.runtime_3.9.900.20240824-1409\jars\maven-builder-support-3.9.9.jar
2025-08-02 16:44:39,931 [Worker-182: Launching mavenrun-dea5d98a-b192-488d-972f-9afbc0b888a0] INFO  o.eclipse.m2e.core.internal.Bundles - 	Entry: C:\Users\BETU\.p2\pool\plugins\org.eclipse.m2e.maven.runtime_3.9.900.20240824-1409\jars\maven-compat-3.9.9.jar
2025-08-02 16:44:39,932 [Worker-182: Launching mavenrun-dea5d98a-b192-488d-972f-9afbc0b888a0] INFO  o.eclipse.m2e.core.internal.Bundles - 	Entry: C:\Users\BETU\.p2\pool\plugins\org.eclipse.m2e.maven.runtime_3.9.900.20240824-1409\jars\maven-core-3.9.9.jar
2025-08-02 16:44:39,933 [Worker-182: Launching mavenrun-dea5d98a-b192-488d-972f-9afbc0b888a0] INFO  o.eclipse.m2e.core.internal.Bundles - 	Entry: C:\Users\BETU\.p2\pool\plugins\org.eclipse.m2e.maven.runtime_3.9.900.20240824-1409\jars\maven-embedder-3.9.9.jar
2025-08-02 16:44:39,933 [Worker-182: Launching mavenrun-dea5d98a-b192-488d-972f-9afbc0b888a0] INFO  o.eclipse.m2e.core.internal.Bundles - 	Entry: C:\Users\BETU\.p2\pool\plugins\org.eclipse.m2e.maven.runtime_3.9.900.20240824-1409\jars\maven-model-3.9.9.jar
2025-08-02 16:44:39,934 [Worker-182: Launching mavenrun-dea5d98a-b192-488d-972f-9afbc0b888a0] INFO  o.eclipse.m2e.core.internal.Bundles - 	Entry: C:\Users\BETU\.p2\pool\plugins\org.eclipse.m2e.maven.runtime_3.9.900.20240824-1409\jars\maven-model-builder-3.9.9.jar
2025-08-02 16:44:39,934 [Worker-182: Launching mavenrun-dea5d98a-b192-488d-972f-9afbc0b888a0] INFO  o.eclipse.m2e.core.internal.Bundles - 	Entry: C:\Users\BETU\.p2\pool\plugins\org.eclipse.m2e.maven.runtime_3.9.900.20240824-1409\jars\maven-plugin-api-3.9.9.jar
2025-08-02 16:44:39,934 [Worker-182: Launching mavenrun-dea5d98a-b192-488d-972f-9afbc0b888a0] INFO  o.eclipse.m2e.core.internal.Bundles - 	Entry: C:\Users\BETU\.p2\pool\plugins\org.eclipse.m2e.maven.runtime_3.9.900.20240824-1409\jars\maven-repository-metadata-3.9.9.jar
2025-08-02 16:44:39,935 [Worker-182: Launching mavenrun-dea5d98a-b192-488d-972f-9afbc0b888a0] INFO  o.eclipse.m2e.core.internal.Bundles - 	Entry: C:\Users\BETU\.p2\pool\plugins\org.eclipse.m2e.maven.runtime_3.9.900.20240824-1409\jars\maven-resolver-api-1.9.22.jar
2025-08-02 16:44:39,935 [Worker-182: Launching mavenrun-dea5d98a-b192-488d-972f-9afbc0b888a0] INFO  o.eclipse.m2e.core.internal.Bundles - 	Entry: C:\Users\BETU\.p2\pool\plugins\org.eclipse.m2e.maven.runtime_3.9.900.20240824-1409\jars\maven-resolver-connector-basic-1.9.22.jar
2025-08-02 16:44:39,935 [Worker-182: Launching mavenrun-dea5d98a-b192-488d-972f-9afbc0b888a0] INFO  o.eclipse.m2e.core.internal.Bundles - 	Entry: C:\Users\BETU\.p2\pool\plugins\org.eclipse.m2e.maven.runtime_3.9.900.20240824-1409\jars\maven-resolver-impl-1.9.22.jar
2025-08-02 16:44:39,935 [Worker-182: Launching mavenrun-dea5d98a-b192-488d-972f-9afbc0b888a0] INFO  o.eclipse.m2e.core.internal.Bundles - 	Entry: C:\Users\BETU\.p2\pool\plugins\org.eclipse.m2e.maven.runtime_3.9.900.20240824-1409\jars\maven-resolver-named-locks-1.9.22.jar
2025-08-02 16:44:39,935 [Worker-182: Launching mavenrun-dea5d98a-b192-488d-972f-9afbc0b888a0] INFO  o.eclipse.m2e.core.internal.Bundles - 	Entry: C:\Users\BETU\.p2\pool\plugins\org.eclipse.m2e.maven.runtime_3.9.900.20240824-1409\jars\maven-resolver-provider-3.9.9.jar
2025-08-02 16:44:39,936 [Worker-182: Launching mavenrun-dea5d98a-b192-488d-972f-9afbc0b888a0] INFO  o.eclipse.m2e.core.internal.Bundles - 	Entry: C:\Users\BETU\.p2\pool\plugins\org.eclipse.m2e.maven.runtime_3.9.900.20240824-1409\jars\maven-resolver-spi-1.9.22.jar
2025-08-02 16:44:39,936 [Worker-182: Launching mavenrun-dea5d98a-b192-488d-972f-9afbc0b888a0] INFO  o.eclipse.m2e.core.internal.Bundles - 	Entry: C:\Users\BETU\.p2\pool\plugins\org.eclipse.m2e.maven.runtime_3.9.900.20240824-1409\jars\maven-resolver-transport-file-1.9.22.jar
2025-08-02 16:44:39,936 [Worker-182: Launching mavenrun-dea5d98a-b192-488d-972f-9afbc0b888a0] INFO  o.eclipse.m2e.core.internal.Bundles - 	Entry: C:\Users\BETU\.p2\pool\plugins\org.eclipse.m2e.maven.runtime_3.9.900.20240824-1409\jars\maven-resolver-transport-http-1.9.22.jar
2025-08-02 16:44:39,936 [Worker-182: Launching mavenrun-dea5d98a-b192-488d-972f-9afbc0b888a0] INFO  o.eclipse.m2e.core.internal.Bundles - 	Entry: C:\Users\BETU\.p2\pool\plugins\org.eclipse.m2e.maven.runtime_3.9.900.20240824-1409\jars\maven-resolver-transport-wagon-1.9.22.jar
2025-08-02 16:44:39,937 [Worker-182: Launching mavenrun-dea5d98a-b192-488d-972f-9afbc0b888a0] INFO  o.eclipse.m2e.core.internal.Bundles - 	Entry: C:\Users\BETU\.p2\pool\plugins\org.eclipse.m2e.maven.runtime_3.9.900.20240824-1409\jars\maven-resolver-util-1.9.22.jar
2025-08-02 16:44:39,937 [Worker-182: Launching mavenrun-dea5d98a-b192-488d-972f-9afbc0b888a0] INFO  o.eclipse.m2e.core.internal.Bundles - 	Entry: C:\Users\BETU\.p2\pool\plugins\org.eclipse.m2e.maven.runtime_3.9.900.20240824-1409\jars\maven-settings-3.9.9.jar
2025-08-02 16:44:39,937 [Worker-182: Launching mavenrun-dea5d98a-b192-488d-972f-9afbc0b888a0] INFO  o.eclipse.m2e.core.internal.Bundles - 	Entry: C:\Users\BETU\.p2\pool\plugins\org.eclipse.m2e.maven.runtime_3.9.900.20240824-1409\jars\maven-settings-builder-3.9.9.jar
2025-08-02 16:44:39,937 [Worker-182: Launching mavenrun-dea5d98a-b192-488d-972f-9afbc0b888a0] INFO  o.eclipse.m2e.core.internal.Bundles - 	Entry: C:\Users\BETU\.p2\pool\plugins\org.eclipse.m2e.maven.runtime_3.9.900.20240824-1409\jars\maven-shared-utils-3.4.2.jar
2025-08-02 16:44:39,938 [Worker-182: Launching mavenrun-dea5d98a-b192-488d-972f-9afbc0b888a0] INFO  o.eclipse.m2e.core.internal.Bundles - 	Entry: C:\Users\BETU\.p2\pool\plugins\org.eclipse.m2e.maven.runtime_3.9.900.20240824-1409\jars\org.eclipse.sisu.inject-0.9.0.M3.jar
2025-08-02 16:44:39,938 [Worker-182: Launching mavenrun-dea5d98a-b192-488d-972f-9afbc0b888a0] INFO  o.eclipse.m2e.core.internal.Bundles - 	Entry: C:\Users\BETU\.p2\pool\plugins\org.eclipse.m2e.maven.runtime_3.9.900.20240824-1409\jars\org.eclipse.sisu.plexus-0.9.0.M3.jar
2025-08-02 16:44:39,938 [Worker-182: Launching mavenrun-dea5d98a-b192-488d-972f-9afbc0b888a0] INFO  o.eclipse.m2e.core.internal.Bundles - 	Entry: C:\Users\BETU\.p2\pool\plugins\org.eclipse.m2e.maven.runtime_3.9.900.20240824-1409\jars\plexus-build-api-0.0.7.jar
2025-08-02 16:44:39,938 [Worker-182: Launching mavenrun-dea5d98a-b192-488d-972f-9afbc0b888a0] INFO  o.eclipse.m2e.core.internal.Bundles - 	Entry: C:\Users\BETU\.p2\pool\plugins\org.eclipse.m2e.maven.runtime_3.9.900.20240824-1409\jars\plexus-build-api-1.2.0.jar
2025-08-02 16:44:39,938 [Worker-182: Launching mavenrun-dea5d98a-b192-488d-972f-9afbc0b888a0] INFO  o.eclipse.m2e.core.internal.Bundles - 	Entry: C:\Users\BETU\.p2\pool\plugins\org.eclipse.m2e.maven.runtime_3.9.900.20240824-1409\jars\plexus-cipher-2.0.jar
2025-08-02 16:44:39,939 [Worker-182: Launching mavenrun-dea5d98a-b192-488d-972f-9afbc0b888a0] INFO  o.eclipse.m2e.core.internal.Bundles - 	Entry: C:\Users\BETU\.p2\pool\plugins\org.eclipse.m2e.maven.runtime_3.9.900.20240824-1409\jars\plexus-classworlds-2.8.0.jar
2025-08-02 16:44:39,939 [Worker-182: Launching mavenrun-dea5d98a-b192-488d-972f-9afbc0b888a0] INFO  o.eclipse.m2e.core.internal.Bundles - 	Entry: C:\Users\BETU\.p2\pool\plugins\org.eclipse.m2e.maven.runtime_3.9.900.20240824-1409\jars\plexus-component-annotations-2.1.0.jar
2025-08-02 16:44:39,940 [Worker-182: Launching mavenrun-dea5d98a-b192-488d-972f-9afbc0b888a0] INFO  o.eclipse.m2e.core.internal.Bundles - 	Entry: C:\Users\BETU\.p2\pool\plugins\org.eclipse.m2e.maven.runtime_3.9.900.20240824-1409\jars\plexus-interpolation-1.27.jar
2025-08-02 16:44:39,940 [Worker-182: Launching mavenrun-dea5d98a-b192-488d-972f-9afbc0b888a0] INFO  o.eclipse.m2e.core.internal.Bundles - 	Entry: C:\Users\BETU\.p2\pool\plugins\org.eclipse.m2e.maven.runtime_3.9.900.20240824-1409\jars\plexus-sec-dispatcher-2.0.jar
2025-08-02 16:44:39,941 [Worker-182: Launching mavenrun-dea5d98a-b192-488d-972f-9afbc0b888a0] INFO  o.eclipse.m2e.core.internal.Bundles - 	Entry: C:\Users\BETU\.p2\pool\plugins\org.eclipse.m2e.maven.runtime_3.9.900.20240824-1409\jars\plexus-utils-3.5.1.jar
2025-08-02 16:44:39,941 [Worker-182: Launching mavenrun-dea5d98a-b192-488d-972f-9afbc0b888a0] INFO  o.eclipse.m2e.core.internal.Bundles - 	Entry: C:\Users\BETU\.p2\pool\plugins\org.eclipse.m2e.maven.runtime_3.9.900.20240824-1409\jars\plexus-xml-3.0.1.jar
2025-08-02 16:44:39,941 [Worker-182: Launching mavenrun-dea5d98a-b192-488d-972f-9afbc0b888a0] INFO  o.eclipse.m2e.core.internal.Bundles - 	Entry: C:\Users\BETU\.p2\pool\plugins\org.eclipse.m2e.maven.runtime_3.9.900.20240824-1409\jars\wagon-file-3.5.3.jar
2025-08-02 16:44:39,941 [Worker-182: Launching mavenrun-dea5d98a-b192-488d-972f-9afbc0b888a0] INFO  o.eclipse.m2e.core.internal.Bundles - 	Entry: C:\Users\BETU\.p2\pool\plugins\org.eclipse.m2e.maven.runtime_3.9.900.20240824-1409\jars\wagon-http-3.5.3.jar
2025-08-02 16:44:39,941 [Worker-182: Launching mavenrun-dea5d98a-b192-488d-972f-9afbc0b888a0] INFO  o.eclipse.m2e.core.internal.Bundles - 	Entry: C:\Users\BETU\.p2\pool\plugins\org.eclipse.m2e.maven.runtime_3.9.900.20240824-1409\jars\wagon-http-shared-3.5.3.jar
2025-08-02 16:44:39,942 [Worker-182: Launching mavenrun-dea5d98a-b192-488d-972f-9afbc0b888a0] INFO  o.eclipse.m2e.core.internal.Bundles - 	Entry: C:\Users\BETU\.p2\pool\plugins\org.eclipse.m2e.maven.runtime_3.9.900.20240824-1409\jars\wagon-provider-api-3.5.3.jar
2025-08-02 16:44:39,942 [Worker-182: Launching mavenrun-dea5d98a-b192-488d-972f-9afbc0b888a0] INFO  o.eclipse.m2e.core.internal.Bundles - getClasspathEntries(Bundle=com.google.guava_33.3.1.jre [16])
2025-08-02 16:44:39,943 [Worker-182: Launching mavenrun-dea5d98a-b192-488d-972f-9afbc0b888a0] INFO  o.eclipse.m2e.core.internal.Bundles - 	Entry: C:\Users\BETU\.p2\pool\plugins\com.google.guava_33.3.1.jre.jar
2025-08-02 16:44:39,943 [Worker-182: Launching mavenrun-dea5d98a-b192-488d-972f-9afbc0b888a0] INFO  o.eclipse.m2e.core.internal.Bundles - getClasspathEntries(Bundle=slf4j.api_2.0.16 [1005])
2025-08-02 16:44:39,944 [Worker-182: Launching mavenrun-dea5d98a-b192-488d-972f-9afbc0b888a0] INFO  o.eclipse.m2e.core.internal.Bundles - 	Entry: C:\Users\BETU\.p2\pool\plugins\slf4j.api_2.0.16.jar
2025-08-02 16:44:39,944 [Worker-182: Launching mavenrun-dea5d98a-b192-488d-972f-9afbc0b888a0] INFO  o.eclipse.m2e.core.internal.Bundles - getClasspathEntries(Bundle=jakarta.inject.jakarta.inject-api_1.0.5 [34])
2025-08-02 16:44:39,944 [Worker-182: Launching mavenrun-dea5d98a-b192-488d-972f-9afbc0b888a0] INFO  o.eclipse.m2e.core.internal.Bundles - 	Entry: C:\Users\BETU\.p2\pool\plugins\jakarta.inject.jakarta.inject-api_1.0.5.jar
2025-08-02 16:44:39,944 [Worker-182: Launching mavenrun-dea5d98a-b192-488d-972f-9afbc0b888a0] INFO  o.eclipse.m2e.core.internal.Bundles - getClasspathEntries(Bundle=jakarta.annotation-api_1.3.5 [29])
2025-08-02 16:44:39,945 [Worker-182: Launching mavenrun-dea5d98a-b192-488d-972f-9afbc0b888a0] INFO  o.eclipse.m2e.core.internal.Bundles - 	Entry: C:\Users\BETU\.p2\pool\plugins\jakarta.annotation-api_1.3.5.jar
2025-08-02 16:44:39,945 [Worker-182: Launching mavenrun-dea5d98a-b192-488d-972f-9afbc0b888a0] INFO  o.eclipse.m2e.core.internal.Bundles - getClasspathEntries(Bundle=org.apache.commons.cli_1.9.0 [75])
2025-08-02 16:44:39,946 [Worker-182: Launching mavenrun-dea5d98a-b192-488d-972f-9afbc0b888a0] INFO  o.eclipse.m2e.core.internal.Bundles - 	Entry: C:\Users\BETU\.p2\pool\plugins\org.apache.commons.cli_1.9.0.jar
2025-08-02 16:44:39,946 [Worker-182: Launching mavenrun-dea5d98a-b192-488d-972f-9afbc0b888a0] INFO  o.eclipse.m2e.core.internal.Bundles - getClasspathEntries(Bundle=org.apache.commons.commons-codec_1.16.0 [78])
2025-08-02 16:44:39,946 [Worker-182: Launching mavenrun-dea5d98a-b192-488d-972f-9afbc0b888a0] INFO  o.eclipse.m2e.core.internal.Bundles - 	Entry: C:\Users\BETU\.p2\pool\plugins\org.apache.commons.commons-codec_1.16.0.jar
2025-08-02 16:44:39,946 [Worker-182: Launching mavenrun-dea5d98a-b192-488d-972f-9afbc0b888a0] INFO  o.eclipse.m2e.core.internal.Bundles - getClasspathEntries(Bundle=com.google.guava.failureaccess_1.0.2 [17])
2025-08-02 16:44:39,947 [Worker-182: Launching mavenrun-dea5d98a-b192-488d-972f-9afbc0b888a0] INFO  o.eclipse.m2e.core.internal.Bundles - 	Entry: C:\Users\BETU\.p2\pool\plugins\com.google.guava.failureaccess_1.0.2.jar
2025-08-02 16:44:39,951 [Worker-182: Launching mavenrun-dea5d98a-b192-488d-972f-9afbc0b888a0] INFO  o.e.m.i.launch.MavenLaunchDelegate - Run build in "C:\Users\BETU\AppData\Local\Temp\m2e-archetypeGenerator3707375391055400511":
2025-08-02 16:44:39,953 [Worker-182: Launching mavenrun-dea5d98a-b192-488d-972f-9afbc0b888a0] INFO  o.e.m.i.launch.MavenLaunchDelegate -  mvn  -DarchetypeGroupId=org.apache.maven.archetypes -DarchetypeArtifactId=maven-archetype-quickstart -DarchetypeVersion=1.1 -DgroupId=com.univ -DartifactId=Spring-Core-Hibernate -Dversion=0.0.1-SNAPSHOT -Dpackage=com.univ -DoutputDirectory=C:\Users\BETU\Desktop\coading\Spring-Core -Dstyle.color=always -U archetype:generate
2025-08-02 16:46:13,080 [Worker-187: Creating maven-archetype-quickstart] INFO  o.e.m.c.i.p.ProjectConfigurationManager - Collecting project info '/pom.xml' C:\Users\BETU\Desktop\coading\Spring-Core\Spring-Core-Hibernate\pom.xml
2025-08-02 16:46:13,163 [Worker-187: Creating maven-archetype-quickstart] INFO  o.e.m.c.i.l.LifecycleMappingFactory - Using org.eclipse.m2e.jdt.JarLifecycleMapping lifecycle mapping for MavenProject: com.univ:Spring-Core-Hibernate:0.0.1-SNAPSHOT @ C:\Users\BETU\Desktop\coading\Spring-Core\Spring-Core-Hibernate\pom.xml.
2025-08-02 16:46:13,646 [Worker-187: Creating maven-archetype-quickstart] INFO  o.e.m.j.i.AbstractJavaProjectConfigurator - Adding source folder /Spring-Core-Hibernate/src/main/java
2025-08-02 16:46:13,647 [Worker-187: Creating maven-archetype-quickstart] INFO  o.e.m.j.i.AbstractJavaProjectConfigurator - Adding resource folder /Spring-Core-Hibernate/src/main/resources
2025-08-02 16:46:13,653 [Worker-187: Creating maven-archetype-quickstart] INFO  o.e.m.j.i.AbstractJavaProjectConfigurator - Adding source folder /Spring-Core-Hibernate/src/test/java
2025-08-02 16:46:13,656 [Worker-187: Creating maven-archetype-quickstart] INFO  o.e.m.j.i.AbstractJavaProjectConfigurator - Adding resource folder /Spring-Core-Hibernate/src/test/resources
2025-08-02 16:46:13,710 [Worker-187: Creating maven-archetype-quickstart] INFO  o.e.m.c.i.p.ProjectConfigurationManager - Imported and configured 1 project(s) in 0 sec
2025-08-02 16:46:13,927 [Worker-182: Building] INFO  o.a.m.s.f.DefaultMavenResourcesFiltering - skip non existing resourceDirectory C:\Users\BETU\Desktop\coading\Spring-Core\Spring-Core-Hibernate\src\main\resources
2025-08-02 16:46:13,928 [Worker-182: Building] INFO  o.a.m.s.f.DefaultMavenResourcesFiltering - skip non existing resourceDirectory C:\Users\BETU\Desktop\coading\Spring-Core\Spring-Core-Hibernate\src\test\resources
2025-08-03 21:37:33,862 [Worker-216: Building] INFO  o.e.m.c.i.l.LifecycleMappingFactory - Using org.eclipse.m2e.jdt.JarLifecycleMapping lifecycle mapping for MavenProject: com.univ:Spring-Core-Hibernate:0.0.1-SNAPSHOT @ C:\Users\BETU\Desktop\coading\Spring-Core\Spring-Core-Hibernate\pom.xml.
2025-08-03 21:37:33,961 [Worker-216: Building] INFO  o.a.m.s.f.DefaultMavenResourcesFiltering - skip non existing resourceDirectory C:\Users\BETU\Desktop\coading\Spring-Core\Spring-Core-Hibernate\src\main\resources
2025-08-03 21:37:33,962 [Worker-216: Building] INFO  o.a.m.s.f.DefaultMavenResourcesFiltering - skip non existing resourceDirectory C:\Users\BETU\Desktop\coading\Spring-Core\Spring-Core-Hibernate\src\test\resources
2025-08-03 21:37:38,684 [Stop Help Server] INFO  org.eclipse.jetty.server.Server - Stopped oejs.Server@1bc325e1{STOPPING}[12.0.15,sto=0]
2025-08-03 21:37:38,707 [Stop Help Server] INFO  o.e.jetty.server.AbstractConnector - Stopped ServerConnector@6820e6f4{HTTP/1.1, (http/1.1)}{127.0.0.1:0}
2025-08-04 10:22:01,029 [Worker-1: Loading available Gradle versions] INFO  o.e.b.c.i.u.g.PublishedGradleVersions - Gradle version information cache is out-of-date. Trying to update.
2025-08-04 10:25:08,167 [Worker-6: Building] INFO  o.e.m.c.i.l.LifecycleMappingFactory - Using org.eclipse.m2e.jdt.JarLifecycleMapping lifecycle mapping for MavenProject: com.univ:Spring-Core-Hibernate:0.0.1-SNAPSHOT @ C:\Users\BETU\Desktop\coading\Spring-Core\Spring-Core-Hibernate\pom.xml.
2025-08-04 10:25:08,628 [Worker-6: Building] INFO  o.e.m.c.i.e.AbstractTransferListenerAdapter - Downloading https://repo.maven.apache.org/maven2/org/springframework/spring-orm/5.3.20/spring-orm-5.3.20.pom
2025-08-04 10:25:08,666 [Worker-6: Building] INFO  o.e.m.c.i.e.AbstractTransferListenerAdapter - Downloaded https://repo.maven.apache.org/maven2/org/springframework/spring-orm/5.3.20/spring-orm-5.3.20.pom
2025-08-04 10:25:08,809 [Worker-6: Building] WARN  o.e.m.c.i.embedder.EclipseLogger - The artifact mysql:mysql-connector-java:jar:8.0.32 has been relocated to com.mysql:mysql-connector-j:jar:8.0.32: MySQL Connector/J artifacts moved to reverse-DNS compliant Maven 2+ coordinates.
2025-08-04 10:25:08,900 [Worker-6: Building] INFO  o.e.m.c.i.e.AbstractTransferListenerAdapter - Downloading https://repo.maven.apache.org/maven2/org/springframework/spring-orm/5.3.20/spring-orm-5.3.20.jar
2025-08-04 10:25:09,134 [Worker-6: Building] INFO  o.e.m.c.i.e.AbstractTransferListenerAdapter - Downloaded https://repo.maven.apache.org/maven2/org/springframework/spring-orm/5.3.20/spring-orm-5.3.20.jar
2025-08-04 10:25:09,930 [Worker-6: Building] INFO  o.a.m.s.f.DefaultMavenResourcesFiltering - skip non existing resourceDirectory C:\Users\BETU\Desktop\coading\Spring-Core\Spring-Core-Hibernate\src\main\resources
2025-08-04 10:25:09,935 [Worker-6: Building] INFO  o.a.m.s.f.DefaultMavenResourcesFiltering - skip non existing resourceDirectory C:\Users\BETU\Desktop\coading\Spring-Core\Spring-Core-Hibernate\src\test\resources
2025-08-04 10:25:10,582 [Worker-26: Download sources and javadoc] INFO  o.e.m.c.i.e.AbstractTransferListenerAdapter - Downloading https://repo.maven.apache.org/maven2/org/springframework/spring-orm/5.3.20/spring-orm-5.3.20-sources.jar
2025-08-04 10:25:10,759 [Worker-26: Download sources and javadoc] INFO  o.e.m.c.i.e.AbstractTransferListenerAdapter - Downloaded https://repo.maven.apache.org/maven2/org/springframework/spring-orm/5.3.20/spring-orm-5.3.20-sources.jar
2025-08-04 10:25:10,764 [Worker-26: Download sources and javadoc] INFO  o.e.m.j.internal.DownloadSourcesJob - Downloaded sources for org.springframework:spring-orm:5.3.20
2025-08-04 10:25:11,394 [Worker-15: Building] INFO  o.a.m.s.f.DefaultMavenResourcesFiltering - skip non existing resourceDirectory C:\Users\BETU\Desktop\coading\Spring-Core\Spring-Core-Hibernate\src\main\resources
2025-08-04 10:25:11,396 [Worker-15: Building] INFO  o.a.m.s.f.DefaultMavenResourcesFiltering - skip non existing resourceDirectory C:\Users\BETU\Desktop\coading\Spring-Core\Spring-Core-Hibernate\src\test\resources
2025-08-04 10:29:38,051 [Worker-28: Building] INFO  o.a.m.s.f.DefaultMavenResourcesFiltering - skip non existing resourceDirectory C:\Users\BETU\Desktop\coading\Spring-Core\Spring-Core-Hibernate\src\main\resources
2025-08-04 10:29:38,055 [Worker-28: Building] INFO  o.a.m.s.f.DefaultMavenResourcesFiltering - skip non existing resourceDirectory C:\Users\BETU\Desktop\coading\Spring-Core\Spring-Core-Hibernate\src\test\resources
2025-08-04 10:29:48,625 [Worker-25: Building] INFO  o.a.m.s.f.DefaultMavenResourcesFiltering - skip non existing resourceDirectory C:\Users\BETU\Desktop\coading\Spring-Core\Spring-Core-Hibernate\src\main\resources
2025-08-04 10:29:48,630 [Worker-25: Building] INFO  o.a.m.s.f.DefaultMavenResourcesFiltering - skip non existing resourceDirectory C:\Users\BETU\Desktop\coading\Spring-Core\Spring-Core-Hibernate\src\test\resources
2025-08-04 10:30:03,240 [Worker-26: Building] INFO  o.a.m.s.f.DefaultMavenResourcesFiltering - skip non existing resourceDirectory C:\Users\BETU\Desktop\coading\Spring-Core\Spring-Core-Hibernate\src\main\resources
2025-08-04 10:30:03,243 [Worker-26: Building] INFO  o.a.m.s.f.DefaultMavenResourcesFiltering - skip non existing resourceDirectory C:\Users\BETU\Desktop\coading\Spring-Core\Spring-Core-Hibernate\src\test\resources
2025-08-04 10:30:14,244 [Worker-28: Building] INFO  o.a.m.s.f.DefaultMavenResourcesFiltering - skip non existing resourceDirectory C:\Users\BETU\Desktop\coading\Spring-Core\Spring-Core-Hibernate\src\main\resources
2025-08-04 10:30:14,247 [Worker-28: Building] INFO  o.a.m.s.f.DefaultMavenResourcesFiltering - skip non existing resourceDirectory C:\Users\BETU\Desktop\coading\Spring-Core\Spring-Core-Hibernate\src\test\resources
2025-08-04 10:31:23,263 [Worker-26: Building] INFO  o.a.m.s.f.DefaultMavenResourcesFiltering - skip non existing resourceDirectory C:\Users\BETU\Desktop\coading\Spring-Core\Spring-Core-Hibernate\src\main\resources
2025-08-04 10:31:23,266 [Worker-26: Building] INFO  o.a.m.s.f.DefaultMavenResourcesFiltering - skip non existing resourceDirectory C:\Users\BETU\Desktop\coading\Spring-Core\Spring-Core-Hibernate\src\test\resources
2025-08-04 10:34:49,495 [Worker-31: Building] INFO  o.a.m.s.f.DefaultMavenResourcesFiltering - skip non existing resourceDirectory C:\Users\BETU\Desktop\coading\Spring-Core\Spring-Core-Hibernate\src\main\resources
2025-08-04 10:34:49,499 [Worker-31: Building] INFO  o.a.m.s.f.DefaultMavenResourcesFiltering - skip non existing resourceDirectory C:\Users\BETU\Desktop\coading\Spring-Core\Spring-Core-Hibernate\src\test\resources
2025-08-04 10:36:35,992 [Worker-31: Building] INFO  o.a.m.s.f.DefaultMavenResourcesFiltering - skip non existing resourceDirectory C:\Users\BETU\Desktop\coading\Spring-Core\Spring-Core-Hibernate\src\main\resources
2025-08-04 10:36:35,994 [Worker-31: Building] INFO  o.a.m.s.f.DefaultMavenResourcesFiltering - skip non existing resourceDirectory C:\Users\BETU\Desktop\coading\Spring-Core\Spring-Core-Hibernate\src\test\resources
2025-08-04 12:00:58,289 [Worker-41: Building] INFO  o.a.m.s.f.DefaultMavenResourcesFiltering - skip non existing resourceDirectory C:\Users\BETU\Desktop\coading\Spring-Core\Spring-Core-Hibernate\src\main\resources
2025-08-04 12:00:58,291 [Worker-41: Building] INFO  o.a.m.s.f.DefaultMavenResourcesFiltering - skip non existing resourceDirectory C:\Users\BETU\Desktop\coading\Spring-Core\Spring-Core-Hibernate\src\test\resources
2025-08-04 12:01:38,334 [Worker-41: Building] INFO  o.a.m.s.f.DefaultMavenResourcesFiltering - skip non existing resourceDirectory C:\Users\BETU\Desktop\coading\Spring-Core\Spring-Core-Hibernate\src\main\resources
2025-08-04 12:01:38,335 [Worker-41: Building] INFO  o.a.m.s.f.DefaultMavenResourcesFiltering - skip non existing resourceDirectory C:\Users\BETU\Desktop\coading\Spring-Core\Spring-Core-Hibernate\src\test\resources
2025-08-04 12:02:27,922 [Worker-40: Building] INFO  o.a.m.s.f.DefaultMavenResourcesFiltering - skip non existing resourceDirectory C:\Users\BETU\Desktop\coading\Spring-Core\Spring-Core-Hibernate\src\main\resources
2025-08-04 12:02:27,924 [Worker-40: Building] INFO  o.a.m.s.f.DefaultMavenResourcesFiltering - skip non existing resourceDirectory C:\Users\BETU\Desktop\coading\Spring-Core\Spring-Core-Hibernate\src\test\resources
2025-08-04 12:03:09,696 [Worker-40: Building] INFO  o.a.m.s.f.DefaultMavenResourcesFiltering - skip non existing resourceDirectory C:\Users\BETU\Desktop\coading\Spring-Core\Spring-Core-Hibernate\src\main\resources
2025-08-04 12:03:09,698 [Worker-40: Building] INFO  o.a.m.s.f.DefaultMavenResourcesFiltering - skip non existing resourceDirectory C:\Users\BETU\Desktop\coading\Spring-Core\Spring-Core-Hibernate\src\test\resources
2025-08-04 12:03:32,213 [Worker-39: Building] INFO  o.a.m.s.f.DefaultMavenResourcesFiltering - skip non existing resourceDirectory C:\Users\BETU\Desktop\coading\Spring-Core\Spring-Core-Hibernate\src\main\resources
2025-08-04 12:03:32,215 [Worker-39: Building] INFO  o.a.m.s.f.DefaultMavenResourcesFiltering - skip non existing resourceDirectory C:\Users\BETU\Desktop\coading\Spring-Core\Spring-Core-Hibernate\src\test\resources
2025-08-04 12:04:48,205 [Worker-41: Building] INFO  o.a.m.s.f.DefaultMavenResourcesFiltering - skip non existing resourceDirectory C:\Users\BETU\Desktop\coading\Spring-Core\Spring-Core-Hibernate\src\main\resources
2025-08-04 12:04:48,208 [Worker-41: Building] INFO  o.a.m.s.f.DefaultMavenResourcesFiltering - skip non existing resourceDirectory C:\Users\BETU\Desktop\coading\Spring-Core\Spring-Core-Hibernate\src\test\resources
2025-08-04 12:05:00,992 [Worker-38: Building] INFO  o.a.m.s.f.DefaultMavenResourcesFiltering - skip non existing resourceDirectory C:\Users\BETU\Desktop\coading\Spring-Core\Spring-Core-Hibernate\src\main\resources
2025-08-04 12:05:00,993 [Worker-38: Building] INFO  o.a.m.s.f.DefaultMavenResourcesFiltering - skip non existing resourceDirectory C:\Users\BETU\Desktop\coading\Spring-Core\Spring-Core-Hibernate\src\test\resources
2025-08-04 13:55:03,349 [Worker-57: Building] INFO  o.a.m.s.f.DefaultMavenResourcesFiltering - skip non existing resourceDirectory C:\Users\BETU\Desktop\coading\Spring-Core\Spring-Core-Hibernate\src\main\resources
2025-08-04 13:55:03,366 [Worker-57: Building] INFO  o.a.m.s.f.DefaultMavenResourcesFiltering - skip non existing resourceDirectory C:\Users\BETU\Desktop\coading\Spring-Core\Spring-Core-Hibernate\src\test\resources
2025-08-04 15:45:26,235 [Worker-62: Building] INFO  o.a.m.s.f.DefaultMavenResourcesFiltering - skip non existing resourceDirectory C:\Users\BETU\Desktop\coading\Spring-Core\Spring-Core-Hibernate\src\main\resources
2025-08-04 15:45:26,239 [Worker-62: Building] INFO  o.a.m.s.f.DefaultMavenResourcesFiltering - skip non existing resourceDirectory C:\Users\BETU\Desktop\coading\Spring-Core\Spring-Core-Hibernate\src\test\resources
2025-08-04 15:45:26,459 [Worker-62: Building] INFO  o.e.m.c.i.l.LifecycleMappingFactory - Using org.eclipse.m2e.jdt.JarLifecycleMapping lifecycle mapping for MavenProject: com.univ:Spring-Core-Hibernate:0.0.1-SNAPSHOT @ C:\Users\BETU\Desktop\coading\Spring-Core\Spring-Core-Hibernate2\pom.xml.
2025-08-04 15:45:26,541 [Worker-62: Building] WARN  o.e.m.c.i.embedder.EclipseLogger - The artifact mysql:mysql-connector-java:jar:8.0.32 has been relocated to com.mysql:mysql-connector-j:jar:8.0.32: MySQL Connector/J artifacts moved to reverse-DNS compliant Maven 2+ coordinates.
2025-08-04 15:45:26,701 [Worker-62: Building] INFO  o.a.m.s.f.DefaultMavenResourcesFiltering - skip non existing resourceDirectory C:\Users\BETU\Desktop\coading\Spring-Core\Spring-Core-Hibernate2\src\main\resources
2025-08-04 15:45:26,705 [Worker-62: Building] INFO  o.a.m.s.f.DefaultMavenResourcesFiltering - skip non existing resourceDirectory C:\Users\BETU\Desktop\coading\Spring-Core\Spring-Core-Hibernate2\src\test\resources
2025-08-04 15:45:27,980 [Worker-66: Building] INFO  o.a.m.s.f.DefaultMavenResourcesFiltering - skip non existing resourceDirectory C:\Users\BETU\Desktop\coading\Spring-Core\Spring-Core-Hibernate2\src\main\resources
2025-08-04 15:45:27,982 [Worker-66: Building] INFO  o.a.m.s.f.DefaultMavenResourcesFiltering - skip non existing resourceDirectory C:\Users\BETU\Desktop\coading\Spring-Core\Spring-Core-Hibernate2\src\test\resources
2025-08-04 15:47:07,392 [Worker-71: Building] INFO  o.a.m.s.f.DefaultMavenResourcesFiltering - skip non existing resourceDirectory C:\Users\BETU\Desktop\coading\Spring-Core\Spring-Core-Hibernate2\src\main\resources
2025-08-04 15:47:07,396 [Worker-71: Building] INFO  o.a.m.s.f.DefaultMavenResourcesFiltering - skip non existing resourceDirectory C:\Users\BETU\Desktop\coading\Spring-Core\Spring-Core-Hibernate2\src\test\resources
2025-08-04 15:47:16,803 [Worker-62: Building] INFO  o.a.m.s.f.DefaultMavenResourcesFiltering - skip non existing resourceDirectory C:\Users\BETU\Desktop\coading\Spring-Core\Spring-Core-Hibernate2\src\main\resources
2025-08-04 15:47:16,807 [Worker-62: Building] INFO  o.a.m.s.f.DefaultMavenResourcesFiltering - skip non existing resourceDirectory C:\Users\BETU\Desktop\coading\Spring-Core\Spring-Core-Hibernate2\src\test\resources
2025-08-04 15:47:24,777 [Worker-72: Building] INFO  o.a.m.s.f.DefaultMavenResourcesFiltering - skip non existing resourceDirectory C:\Users\BETU\Desktop\coading\Spring-Core\Spring-Core-Hibernate2\src\main\resources
2025-08-04 15:47:24,781 [Worker-72: Building] INFO  o.a.m.s.f.DefaultMavenResourcesFiltering - skip non existing resourceDirectory C:\Users\BETU\Desktop\coading\Spring-Core\Spring-Core-Hibernate2\src\test\resources
2025-08-04 16:10:34,490 [Worker-71: Building] INFO  o.e.m.c.i.l.LifecycleMappingFactory - Using org.eclipse.m2e.jdt.JarLifecycleMapping lifecycle mapping for MavenProject: com.univ:Spring-Core-Hibernate:0.0.1-SNAPSHOT @ C:\Users\BETU\Desktop\coading\Spring-Core\Spring-Core-Hibernate2\pom.xml.
2025-08-04 16:10:35,344 [Worker-71: Building] INFO  o.e.m.c.i.e.AbstractTransferListenerAdapter - Downloading https://repo.maven.apache.org/maven2/org/springframework/spring-webmvc/5.3.20/spring-webmvc-5.3.20.pom
2025-08-04 16:10:35,429 [Worker-71: Building] INFO  o.e.m.c.i.e.AbstractTransferListenerAdapter - Downloaded https://repo.maven.apache.org/maven2/org/springframework/spring-webmvc/5.3.20/spring-webmvc-5.3.20.pom
2025-08-04 16:10:35,701 [Worker-71: Building] INFO  o.e.m.c.i.e.AbstractTransferListenerAdapter - Downloading https://repo.maven.apache.org/maven2/org/springframework/spring-web/5.3.20/spring-web-5.3.20.pom
2025-08-04 16:10:35,756 [Worker-71: Building] INFO  o.e.m.c.i.e.AbstractTransferListenerAdapter - Downloaded https://repo.maven.apache.org/maven2/org/springframework/spring-web/5.3.20/spring-web-5.3.20.pom
2025-08-04 16:10:36,997 [Worker-71: Building] INFO  o.e.m.c.i.e.AbstractTransferListenerAdapter - Downloading https://repo.maven.apache.org/maven2/commons-dbcp/commons-dbcp/1.2.2/commons-dbcp-1.2.2.pom
2025-08-04 16:10:37,054 [Worker-71: Building] INFO  o.e.m.c.i.e.AbstractTransferListenerAdapter - Downloaded https://repo.maven.apache.org/maven2/commons-dbcp/commons-dbcp/1.2.2/commons-dbcp-1.2.2.pom
2025-08-04 16:10:37,811 [Worker-71: Building] INFO  o.e.m.c.i.e.AbstractTransferListenerAdapter - Downloading https://repo.maven.apache.org/maven2/commons-pool/commons-pool/1.3/commons-pool-1.3.pom
2025-08-04 16:10:37,863 [Worker-71: Building] INFO  o.e.m.c.i.e.AbstractTransferListenerAdapter - Downloaded https://repo.maven.apache.org/maven2/commons-pool/commons-pool/1.3/commons-pool-1.3.pom
2025-08-04 16:10:38,124 [Worker-71: Building] INFO  o.e.m.c.i.e.AbstractTransferListenerAdapter - Downloading https://repo.maven.apache.org/maven2/javax/servlet/jstl/1.2/jstl-1.2.pom
2025-08-04 16:10:38,164 [Worker-71: Building] INFO  o.e.m.c.i.e.AbstractTransferListenerAdapter - Downloaded https://repo.maven.apache.org/maven2/javax/servlet/jstl/1.2/jstl-1.2.pom
2025-08-04 16:10:39,142 [Worker-71: Building] INFO  o.e.m.c.i.e.AbstractTransferListenerAdapter - Downloading https://repo.maven.apache.org/maven2/org/springframework/spring-webmvc/5.3.20/spring-webmvc-5.3.20.jar
2025-08-04 16:10:41,454 [Worker-71: Building] INFO  o.e.m.c.i.e.AbstractTransferListenerAdapter - Downloaded https://repo.maven.apache.org/maven2/org/springframework/spring-webmvc/5.3.20/spring-webmvc-5.3.20.jar
2025-08-04 16:10:41,587 [BasicRepositoryConnector-repo.maven.apache.org-0-3] INFO  o.e.m.c.i.e.AbstractTransferListenerAdapter - Downloading https://repo.maven.apache.org/maven2/javax/servlet/jstl/1.2/jstl-1.2.jar
2025-08-04 16:10:41,945 [BasicRepositoryConnector-repo.maven.apache.org-0-2] INFO  o.e.m.c.i.e.AbstractTransferListenerAdapter - Downloading https://repo.maven.apache.org/maven2/commons-pool/commons-pool/1.3/commons-pool-1.3.jar
2025-08-04 16:10:41,951 [BasicRepositoryConnector-repo.maven.apache.org-0-0] INFO  o.e.m.c.i.e.AbstractTransferListenerAdapter - Downloading https://repo.maven.apache.org/maven2/org/springframework/spring-web/5.3.20/spring-web-5.3.20.jar
2025-08-04 16:10:41,953 [BasicRepositoryConnector-repo.maven.apache.org-0-1] INFO  o.e.m.c.i.e.AbstractTransferListenerAdapter - Downloading https://repo.maven.apache.org/maven2/commons-dbcp/commons-dbcp/1.2.2/commons-dbcp-1.2.2.jar
2025-08-04 16:10:42,154 [BasicRepositoryConnector-repo.maven.apache.org-0-2] INFO  o.e.m.c.i.e.AbstractTransferListenerAdapter - Downloaded https://repo.maven.apache.org/maven2/commons-pool/commons-pool/1.3/commons-pool-1.3.jar
2025-08-04 16:10:42,241 [BasicRepositoryConnector-repo.maven.apache.org-0-3] INFO  o.e.m.c.i.e.AbstractTransferListenerAdapter - Downloaded https://repo.maven.apache.org/maven2/javax/servlet/jstl/1.2/jstl-1.2.jar
2025-08-04 16:10:42,444 [BasicRepositoryConnector-repo.maven.apache.org-0-1] INFO  o.e.m.c.i.e.AbstractTransferListenerAdapter - Downloaded https://repo.maven.apache.org/maven2/commons-dbcp/commons-dbcp/1.2.2/commons-dbcp-1.2.2.jar
2025-08-04 16:10:44,349 [BasicRepositoryConnector-repo.maven.apache.org-0-0] INFO  o.e.m.c.i.e.AbstractTransferListenerAdapter - Downloaded https://repo.maven.apache.org/maven2/org/springframework/spring-web/5.3.20/spring-web-5.3.20.jar
2025-08-04 16:10:44,770 [Worker-71: Building] INFO  o.a.m.s.f.DefaultMavenResourcesFiltering - skip non existing resourceDirectory C:\Users\BETU\Desktop\coading\Spring-Core\Spring-Core-Hibernate2\src\main\resources
2025-08-04 16:10:44,773 [Worker-71: Building] INFO  o.a.m.s.f.DefaultMavenResourcesFiltering - skip non existing resourceDirectory C:\Users\BETU\Desktop\coading\Spring-Core\Spring-Core-Hibernate2\src\test\resources
2025-08-04 16:10:45,880 [Worker-71: Download sources and javadoc] INFO  o.e.m.c.i.e.AbstractTransferListenerAdapter - Downloading https://repo.maven.apache.org/maven2/org/springframework/spring-webmvc/5.3.20/spring-webmvc-5.3.20-sources.jar
2025-08-04 16:10:46,641 [Worker-71: Download sources and javadoc] INFO  o.e.m.c.i.e.AbstractTransferListenerAdapter - Downloaded https://repo.maven.apache.org/maven2/org/springframework/spring-webmvc/5.3.20/spring-webmvc-5.3.20-sources.jar
2025-08-04 16:10:46,648 [Worker-71: Download sources and javadoc] INFO  o.e.m.j.internal.DownloadSourcesJob - Downloaded sources for org.springframework:spring-webmvc:5.3.20
2025-08-04 16:10:46,959 [Worker-71: Download sources and javadoc] INFO  o.e.m.c.i.e.AbstractTransferListenerAdapter - Downloading https://repo.maven.apache.org/maven2/org/springframework/spring-web/5.3.20/spring-web-5.3.20-sources.jar
2025-08-04 16:10:47,781 [Worker-71: Download sources and javadoc] INFO  o.e.m.c.i.e.AbstractTransferListenerAdapter - Downloaded https://repo.maven.apache.org/maven2/org/springframework/spring-web/5.3.20/spring-web-5.3.20-sources.jar
2025-08-04 16:10:47,787 [Worker-71: Download sources and javadoc] INFO  o.e.m.j.internal.DownloadSourcesJob - Downloaded sources for org.springframework:spring-web:5.3.20
2025-08-04 16:10:48,946 [Worker-71: Download sources and javadoc] INFO  o.e.m.c.i.e.AbstractTransferListenerAdapter - Downloaded https://repo.maven.apache.org/maven2/commons-dbcp/commons-dbcp/1.2.2/commons-dbcp-1.2.2-sources.jar
2025-08-04 16:10:48,955 [Worker-71: Download sources and javadoc] ERROR o.e.m.j.internal.DownloadSourcesJob - Could not download sources for commons-dbcp:commons-dbcp:1.2.2
org.eclipse.core.runtime.CoreException: Could not resolve artifact commons-dbcp:commons-dbcp:jar:sources:1.2.2
	at org.eclipse.m2e.core.internal.embedder.MavenImpl.lambda$7(MavenImpl.java:540)
	at org.eclipse.m2e.core.internal.embedder.MavenExecutionContext.executeBare(MavenExecutionContext.java:458)
	at org.eclipse.m2e.core.internal.embedder.MavenExecutionContext.execute(MavenExecutionContext.java:292)
	at org.eclipse.m2e.core.internal.embedder.MavenExecutionContext.execute(MavenExecutionContext.java:278)
	at org.eclipse.m2e.core.internal.embedder.MavenImpl.resolve(MavenImpl.java:509)
	at org.eclipse.m2e.core.internal.embedder.MavenImpl.resolve(MavenImpl.java:494)
	at org.eclipse.m2e.jdt.internal.DownloadSourcesJob.download(DownloadSourcesJob.java:308)
	at org.eclipse.m2e.jdt.internal.DownloadSourcesJob.downloadAttachments(DownloadSourcesJob.java:282)
	at org.eclipse.m2e.jdt.internal.DownloadSourcesJob.downloadMaven(DownloadSourcesJob.java:252)
	at org.eclipse.m2e.jdt.internal.DownloadSourcesJob.downloadFilesAndPopulateToUpdate(DownloadSourcesJob.java:220)
	at org.eclipse.m2e.jdt.internal.DownloadSourcesJob.lambda$0(DownloadSourcesJob.java:149)
	at org.eclipse.m2e.core.internal.embedder.MavenExecutionContext.executeBare(MavenExecutionContext.java:458)
	at org.eclipse.m2e.core.internal.embedder.MavenExecutionContext.execute(MavenExecutionContext.java:339)
	at org.eclipse.m2e.core.internal.embedder.MavenExecutionContext.execute(MavenExecutionContext.java:278)
	at org.eclipse.m2e.core.embedder.IMaven.execute(IMaven.java:300)
	at org.eclipse.m2e.jdt.internal.DownloadSourcesJob.run(DownloadSourcesJob.java:149)
	at org.eclipse.core.internal.jobs.Worker.run(Worker.java:63)
2025-08-04 16:10:49,374 [Worker-71: Download sources and javadoc] INFO  o.e.m.c.i.e.AbstractTransferListenerAdapter - Downloading https://repo.maven.apache.org/maven2/commons-pool/commons-pool/1.3/commons-pool-1.3-sources.jar
2025-08-04 16:10:49,514 [Worker-71: Download sources and javadoc] INFO  o.e.m.c.i.e.AbstractTransferListenerAdapter - Downloaded https://repo.maven.apache.org/maven2/commons-pool/commons-pool/1.3/commons-pool-1.3-sources.jar
2025-08-04 16:10:49,520 [Worker-71: Download sources and javadoc] INFO  o.e.m.j.internal.DownloadSourcesJob - Downloaded sources for commons-pool:commons-pool:1.3
2025-08-04 16:10:49,907 [Worker-71: Download sources and javadoc] INFO  o.e.m.c.i.e.AbstractTransferListenerAdapter - Downloading https://repo.maven.apache.org/maven2/javax/servlet/jstl/1.2/jstl-1.2-sources.jar
2025-08-04 16:10:50,440 [Worker-71: Download sources and javadoc] INFO  o.e.m.c.i.e.AbstractTransferListenerAdapter - Downloaded https://repo.maven.apache.org/maven2/javax/servlet/jstl/1.2/jstl-1.2-sources.jar
2025-08-04 16:10:50,445 [Worker-71: Download sources and javadoc] INFO  o.e.m.j.internal.DownloadSourcesJob - Downloaded sources for javax.servlet:jstl:1.2
2025-08-04 20:01:14,942 [Worker-82: Building] INFO  o.e.m.c.i.l.LifecycleMappingFactory - Using org.eclipse.m2e.jdt.JarLifecycleMapping lifecycle mapping for MavenProject: com.univ:Spring-Core-Hibernate:0.0.1-SNAPSHOT @ C:\Users\BETU\Desktop\coading\Spring-Core\Spring-Core-Hibernate2\pom.xml.
2025-08-04 20:01:15,985 [Worker-82: Building] INFO  o.e.m.c.i.e.AbstractTransferListenerAdapter - Downloading https://repo.maven.apache.org/maven2/mysql/mysql-connector-java/8.0.28/mysql-connector-java-8.0.28.pom
2025-08-04 20:01:16,106 [Worker-82: Building] INFO  o.e.m.c.i.e.AbstractTransferListenerAdapter - Downloaded https://repo.maven.apache.org/maven2/mysql/mysql-connector-java/8.0.28/mysql-connector-java-8.0.28.pom
2025-08-04 20:01:16,194 [Worker-82: Building] INFO  o.e.m.c.i.e.AbstractTransferListenerAdapter - Downloading https://repo.maven.apache.org/maven2/com/google/protobuf/protobuf-java/3.11.4/protobuf-java-3.11.4.pom
2025-08-04 20:01:16,329 [Worker-82: Building] INFO  o.e.m.c.i.e.AbstractTransferListenerAdapter - Downloaded https://repo.maven.apache.org/maven2/com/google/protobuf/protobuf-java/3.11.4/protobuf-java-3.11.4.pom
2025-08-04 20:01:16,442 [Worker-82: Building] INFO  o.e.m.c.i.e.AbstractTransferListenerAdapter - Downloading https://repo.maven.apache.org/maven2/com/google/protobuf/protobuf-parent/3.11.4/protobuf-parent-3.11.4.pom
2025-08-04 20:01:16,533 [Worker-82: Building] INFO  o.e.m.c.i.e.AbstractTransferListenerAdapter - Downloaded https://repo.maven.apache.org/maven2/com/google/protobuf/protobuf-parent/3.11.4/protobuf-parent-3.11.4.pom
2025-08-04 20:01:16,612 [Worker-82: Building] INFO  o.e.m.c.i.e.AbstractTransferListenerAdapter - Downloading https://repo.maven.apache.org/maven2/com/google/protobuf/protobuf-bom/3.11.4/protobuf-bom-3.11.4.pom
2025-08-04 20:01:16,667 [Worker-82: Building] INFO  o.e.m.c.i.e.AbstractTransferListenerAdapter - Downloaded https://repo.maven.apache.org/maven2/com/google/protobuf/protobuf-bom/3.11.4/protobuf-bom-3.11.4.pom
2025-08-04 20:01:16,772 [Worker-82: Building] INFO  o.e.m.c.i.e.AbstractTransferListenerAdapter - Downloading https://repo.maven.apache.org/maven2/mysql/mysql-connector-java/8.0.28/mysql-connector-java-8.0.28.jar
2025-08-04 20:01:30,273 [Worker-82: Building] INFO  o.e.m.c.i.e.AbstractTransferListenerAdapter - Downloaded https://repo.maven.apache.org/maven2/mysql/mysql-connector-java/8.0.28/mysql-connector-java-8.0.28.jar
2025-08-04 20:01:30,422 [BasicRepositoryConnector-repo.maven.apache.org-1-0] INFO  o.e.m.c.i.e.AbstractTransferListenerAdapter - Downloading https://repo.maven.apache.org/maven2/com/google/protobuf/protobuf-java/3.11.4/protobuf-java-3.11.4.jar
2025-08-04 20:01:34,681 [BasicRepositoryConnector-repo.maven.apache.org-1-0] INFO  o.e.m.c.i.e.AbstractTransferListenerAdapter - Downloaded https://repo.maven.apache.org/maven2/com/google/protobuf/protobuf-java/3.11.4/protobuf-java-3.11.4.jar
2025-08-04 20:01:36,279 [Worker-82: Building] INFO  o.a.m.s.f.DefaultMavenResourcesFiltering - skip non existing resourceDirectory C:\Users\BETU\Desktop\coading\Spring-Core\Spring-Core-Hibernate2\src\main\resources
2025-08-04 20:01:36,282 [Worker-82: Building] INFO  o.a.m.s.f.DefaultMavenResourcesFiltering - skip non existing resourceDirectory C:\Users\BETU\Desktop\coading\Spring-Core\Spring-Core-Hibernate2\src\test\resources
2025-08-04 20:01:36,367 [Worker-83: Download sources and javadoc] INFO  o.e.m.c.i.e.AbstractTransferListenerAdapter - Downloading https://repo.maven.apache.org/maven2/mysql/mysql-connector-java/8.0.28/mysql-connector-java-8.0.28-sources.jar
2025-08-04 20:01:36,477 [Worker-89: Building] INFO  o.a.m.s.f.DefaultMavenResourcesFiltering - skip non existing resourceDirectory C:\Users\BETU\Desktop\coading\Spring-Core\Spring-Core-Hibernate2\src\main\resources
2025-08-04 20:01:36,479 [Worker-89: Building] INFO  o.a.m.s.f.DefaultMavenResourcesFiltering - skip non existing resourceDirectory C:\Users\BETU\Desktop\coading\Spring-Core\Spring-Core-Hibernate2\src\test\resources
2025-08-04 20:01:38,295 [Worker-83: Download sources and javadoc] INFO  o.e.m.c.i.e.AbstractTransferListenerAdapter - Downloaded https://repo.maven.apache.org/maven2/mysql/mysql-connector-java/8.0.28/mysql-connector-java-8.0.28-sources.jar
2025-08-04 20:01:38,301 [Worker-83: Download sources and javadoc] INFO  o.e.m.j.internal.DownloadSourcesJob - Downloaded sources for mysql:mysql-connector-java:8.0.28
2025-08-04 20:01:38,633 [Worker-83: Download sources and javadoc] INFO  o.e.m.c.i.e.AbstractTransferListenerAdapter - Downloading https://repo.maven.apache.org/maven2/com/google/protobuf/protobuf-java/3.11.4/protobuf-java-3.11.4-sources.jar
2025-08-04 20:01:40,524 [Worker-83: Download sources and javadoc] INFO  o.e.m.c.i.e.AbstractTransferListenerAdapter - Downloaded https://repo.maven.apache.org/maven2/com/google/protobuf/protobuf-java/3.11.4/protobuf-java-3.11.4-sources.jar
2025-08-04 20:01:40,530 [Worker-83: Download sources and javadoc] INFO  o.e.m.j.internal.DownloadSourcesJob - Downloaded sources for com.google.protobuf:protobuf-java:3.11.4
2025-08-04 20:04:25,979 [Worker-89: Building] INFO  o.a.m.s.f.DefaultMavenResourcesFiltering - skip non existing resourceDirectory C:\Users\BETU\Desktop\coading\Spring-Core\Spring-Core-Hibernate2\src\main\resources
2025-08-04 20:04:25,982 [Worker-89: Building] INFO  o.a.m.s.f.DefaultMavenResourcesFiltering - skip non existing resourceDirectory C:\Users\BETU\Desktop\coading\Spring-Core\Spring-Core-Hibernate2\src\test\resources
2025-08-05 12:14:10,025 [Worker-3: Loading available Gradle versions] INFO  o.e.b.c.i.u.g.PublishedGradleVersions - Gradle version information cache is out-of-date. Trying to update.
2025-08-05 12:22:30,783 [Worker-16: Building] WARN  o.e.m.c.i.embedder.EclipseLogger - The artifact mysql:mysql-connector-java:jar:8.0.32 has been relocated to com.mysql:mysql-connector-j:jar:8.0.32: MySQL Connector/J artifacts moved to reverse-DNS compliant Maven 2+ coordinates.
2025-08-05 12:22:31,119 [Worker-16: Building] INFO  o.a.m.s.f.DefaultMavenResourcesFiltering - skip non existing resourceDirectory C:\Users\BETU\Desktop\coading\Spring-Core\Spring-Core-Hibernate\src\main\resources
2025-08-05 12:22:31,125 [Worker-16: Building] INFO  o.a.m.s.f.DefaultMavenResourcesFiltering - skip non existing resourceDirectory C:\Users\BETU\Desktop\coading\Spring-Core\Spring-Core-Hibernate\src\test\resources
2025-08-05 12:22:37,672 [Worker-27: Building] INFO  o.a.m.s.f.DefaultMavenResourcesFiltering - skip non existing resourceDirectory C:\Users\BETU\Desktop\coading\Spring-Core\Spring-Core-Hibernate\src\main\resources
2025-08-05 12:22:37,676 [Worker-27: Building] INFO  o.a.m.s.f.DefaultMavenResourcesFiltering - skip non existing resourceDirectory C:\Users\BETU\Desktop\coading\Spring-Core\Spring-Core-Hibernate\src\test\resources
2025-08-05 12:22:45,353 [Worker-16: Building] INFO  o.a.m.s.f.DefaultMavenResourcesFiltering - skip non existing resourceDirectory C:\Users\BETU\Desktop\coading\Spring-Core\Spring-Core-Hibernate\src\main\resources
2025-08-05 12:22:45,355 [Worker-16: Building] INFO  o.a.m.s.f.DefaultMavenResourcesFiltering - skip non existing resourceDirectory C:\Users\BETU\Desktop\coading\Spring-Core\Spring-Core-Hibernate\src\test\resources
2025-08-05 12:23:37,620 [Worker-28: Building] INFO  o.e.m.c.i.l.LifecycleMappingFactory - Using org.eclipse.m2e.jdt.JarLifecycleMapping lifecycle mapping for MavenProject: com.univ:Spring-Core-Hibernate:0.0.1-SNAPSHOT @ C:\Users\BETU\Desktop\coading\Spring-Core\Spring-Core-Hibernate\pom.xml.
2025-08-05 12:23:38,781 [Worker-28: Building] INFO  o.a.m.s.f.DefaultMavenResourcesFiltering - skip non existing resourceDirectory C:\Users\BETU\Desktop\coading\Spring-Core\Spring-Core-Hibernate\src\main\resources
2025-08-05 12:23:38,787 [Worker-28: Building] INFO  o.a.m.s.f.DefaultMavenResourcesFiltering - skip non existing resourceDirectory C:\Users\BETU\Desktop\coading\Spring-Core\Spring-Core-Hibernate\src\test\resources
2025-08-05 12:23:39,101 [Worker-27: Building] INFO  o.a.m.s.f.DefaultMavenResourcesFiltering - skip non existing resourceDirectory C:\Users\BETU\Desktop\coading\Spring-Core\Spring-Core-Hibernate\src\main\resources
2025-08-05 12:23:39,106 [Worker-27: Building] INFO  o.a.m.s.f.DefaultMavenResourcesFiltering - skip non existing resourceDirectory C:\Users\BETU\Desktop\coading\Spring-Core\Spring-Core-Hibernate\src\test\resources
2025-08-05 12:23:50,060 [Worker-25: Building] INFO  o.e.m.c.i.l.LifecycleMappingFactory - Using org.eclipse.m2e.jdt.JarLifecycleMapping lifecycle mapping for MavenProject: com.univ:Spring-Core-Hibernate:0.0.1-SNAPSHOT @ C:\Users\BETU\Desktop\coading\Spring-Core\Spring-Core-Hibernate\pom.xml.
2025-08-05 12:23:50,191 [Worker-25: Building] WARN  o.e.m.c.i.embedder.EclipseLogger - The artifact mysql:mysql-connector-java:jar:8.0.32 has been relocated to com.mysql:mysql-connector-j:jar:8.0.32: MySQL Connector/J artifacts moved to reverse-DNS compliant Maven 2+ coordinates.
2025-08-05 12:23:50,394 [Worker-25: Building] INFO  o.a.m.s.f.DefaultMavenResourcesFiltering - skip non existing resourceDirectory C:\Users\BETU\Desktop\coading\Spring-Core\Spring-Core-Hibernate\src\main\resources
2025-08-05 12:23:50,400 [Worker-25: Building] INFO  o.a.m.s.f.DefaultMavenResourcesFiltering - skip non existing resourceDirectory C:\Users\BETU\Desktop\coading\Spring-Core\Spring-Core-Hibernate\src\test\resources
2025-08-05 12:23:51,923 [Worker-26: Building] INFO  o.a.m.s.f.DefaultMavenResourcesFiltering - skip non existing resourceDirectory C:\Users\BETU\Desktop\coading\Spring-Core\Spring-Core-Hibernate\src\main\resources
2025-08-05 12:23:51,924 [Worker-26: Building] INFO  o.a.m.s.f.DefaultMavenResourcesFiltering - skip non existing resourceDirectory C:\Users\BETU\Desktop\coading\Spring-Core\Spring-Core-Hibernate\src\test\resources
2025-08-05 12:25:28,839 [Worker-28: Building] INFO  o.a.m.s.f.DefaultMavenResourcesFiltering - skip non existing resourceDirectory C:\Users\BETU\Desktop\coading\Spring-Core\Spring-Core-Hibernate\src\main\resources
2025-08-05 12:25:28,841 [Worker-28: Building] INFO  o.a.m.s.f.DefaultMavenResourcesFiltering - skip non existing resourceDirectory C:\Users\BETU\Desktop\coading\Spring-Core\Spring-Core-Hibernate\src\test\resources
2025-08-05 12:31:56,072 [Worker-35: Building] INFO  o.a.m.s.f.DefaultMavenResourcesFiltering - skip non existing resourceDirectory C:\Users\BETU\Desktop\coading\Spring-Core\Spring-Core-Hibernate\src\main\resources
2025-08-05 12:31:56,074 [Worker-35: Building] INFO  o.a.m.s.f.DefaultMavenResourcesFiltering - skip non existing resourceDirectory C:\Users\BETU\Desktop\coading\Spring-Core\Spring-Core-Hibernate\src\test\resources
2025-08-05 13:20:34,160 [Worker-42: Building] INFO  o.a.m.s.f.DefaultMavenResourcesFiltering - skip non existing resourceDirectory C:\Users\BETU\Desktop\coading\Spring-Core\Spring-Core-Hibernate\src\main\resources
2025-08-05 13:20:34,164 [Worker-42: Building] INFO  o.a.m.s.f.DefaultMavenResourcesFiltering - skip non existing resourceDirectory C:\Users\BETU\Desktop\coading\Spring-Core\Spring-Core-Hibernate\src\test\resources
2025-08-05 13:21:35,698 [Worker-41: Building] INFO  o.a.m.s.f.DefaultMavenResourcesFiltering - skip non existing resourceDirectory C:\Users\BETU\Desktop\coading\Spring-Core\Spring-Core-Hibernate\src\main\resources
2025-08-05 13:21:35,701 [Worker-41: Building] INFO  o.a.m.s.f.DefaultMavenResourcesFiltering - skip non existing resourceDirectory C:\Users\BETU\Desktop\coading\Spring-Core\Spring-Core-Hibernate\src\test\resources
2025-08-05 13:22:59,031 [Worker-46: Building] INFO  o.a.m.s.f.DefaultMavenResourcesFiltering - skip non existing resourceDirectory C:\Users\BETU\Desktop\coading\Spring-Core\Spring-Core-Hibernate\src\main\resources
2025-08-05 13:22:59,034 [Worker-46: Building] INFO  o.a.m.s.f.DefaultMavenResourcesFiltering - skip non existing resourceDirectory C:\Users\BETU\Desktop\coading\Spring-Core\Spring-Core-Hibernate\src\test\resources
2025-08-05 13:23:41,955 [Worker-44: Building] INFO  o.a.m.s.f.DefaultMavenResourcesFiltering - skip non existing resourceDirectory C:\Users\BETU\Desktop\coading\Spring-Core\Spring-Core-Hibernate\src\main\resources
2025-08-05 13:23:41,959 [Worker-44: Building] INFO  o.a.m.s.f.DefaultMavenResourcesFiltering - skip non existing resourceDirectory C:\Users\BETU\Desktop\coading\Spring-Core\Spring-Core-Hibernate\src\test\resources
2025-08-05 13:23:52,026 [Worker-46: Building] INFO  o.a.m.s.f.DefaultMavenResourcesFiltering - skip non existing resourceDirectory C:\Users\BETU\Desktop\coading\Spring-Core\Spring-Core-Hibernate\src\main\resources
2025-08-05 13:23:52,030 [Worker-46: Building] INFO  o.a.m.s.f.DefaultMavenResourcesFiltering - skip non existing resourceDirectory C:\Users\BETU\Desktop\coading\Spring-Core\Spring-Core-Hibernate\src\test\resources
2025-08-05 13:24:14,781 [Worker-45: Building] INFO  o.a.m.s.f.DefaultMavenResourcesFiltering - skip non existing resourceDirectory C:\Users\BETU\Desktop\coading\Spring-Core\Spring-Core-Hibernate\src\main\resources
2025-08-05 13:24:14,783 [Worker-45: Building] INFO  o.a.m.s.f.DefaultMavenResourcesFiltering - skip non existing resourceDirectory C:\Users\BETU\Desktop\coading\Spring-Core\Spring-Core-Hibernate\src\test\resources
2025-08-05 13:25:53,244 [Worker-45: Building] INFO  o.a.m.s.f.DefaultMavenResourcesFiltering - skip non existing resourceDirectory C:\Users\BETU\Desktop\coading\Spring-Core\Spring-Core-Hibernate\src\main\resources
2025-08-05 13:25:53,246 [Worker-45: Building] INFO  o.a.m.s.f.DefaultMavenResourcesFiltering - skip non existing resourceDirectory C:\Users\BETU\Desktop\coading\Spring-Core\Spring-Core-Hibernate\src\test\resources
2025-08-05 13:26:20,196 [Worker-45: Building] INFO  o.a.m.s.f.DefaultMavenResourcesFiltering - skip non existing resourceDirectory C:\Users\BETU\Desktop\coading\Spring-Core\Spring-Core-Hibernate\src\main\resources
2025-08-05 13:26:20,200 [Worker-45: Building] INFO  o.a.m.s.f.DefaultMavenResourcesFiltering - skip non existing resourceDirectory C:\Users\BETU\Desktop\coading\Spring-Core\Spring-Core-Hibernate\src\test\resources
2025-08-05 13:26:54,764 [Worker-42: Building] INFO  o.e.m.c.i.l.LifecycleMappingFactory - Using org.eclipse.m2e.jdt.JarLifecycleMapping lifecycle mapping for MavenProject: com.univ:Spring-Core-Hibernate:0.0.1-SNAPSHOT @ C:\Users\BETU\Desktop\coading\Spring-Core\Spring-Core-HibernateProduct\pom.xml.
2025-08-05 13:26:56,221 [Worker-42: Building] WARN  o.e.m.c.i.embedder.EclipseLogger - The artifact mysql:mysql-connector-java:jar:8.0.32 has been relocated to com.mysql:mysql-connector-j:jar:8.0.32: MySQL Connector/J artifacts moved to reverse-DNS compliant Maven 2+ coordinates.
2025-08-05 13:26:56,369 [Worker-42: Building] INFO  o.a.m.s.f.DefaultMavenResourcesFiltering - skip non existing resourceDirectory C:\Users\BETU\Desktop\coading\Spring-Core\Spring-Core-HibernateProduct\src\main\resources
2025-08-05 13:26:56,373 [Worker-42: Building] INFO  o.a.m.s.f.DefaultMavenResourcesFiltering - skip non existing resourceDirectory C:\Users\BETU\Desktop\coading\Spring-Core\Spring-Core-HibernateProduct\src\test\resources
2025-08-05 13:26:56,615 [Worker-49: Building] INFO  o.a.m.s.f.DefaultMavenResourcesFiltering - skip non existing resourceDirectory C:\Users\BETU\Desktop\coading\Spring-Core\Spring-Core-HibernateProduct\src\main\resources
2025-08-05 13:26:56,617 [Worker-49: Building] INFO  o.a.m.s.f.DefaultMavenResourcesFiltering - skip non existing resourceDirectory C:\Users\BETU\Desktop\coading\Spring-Core\Spring-Core-HibernateProduct\src\test\resources
2025-08-05 13:27:27,232 [Worker-45: Building] INFO  o.a.m.s.f.DefaultMavenResourcesFiltering - skip non existing resourceDirectory C:\Users\BETU\Desktop\coading\Spring-Core\Spring-Core-HibernateProduct\src\main\resources
2025-08-05 13:27:27,236 [Worker-45: Building] INFO  o.a.m.s.f.DefaultMavenResourcesFiltering - skip non existing resourceDirectory C:\Users\BETU\Desktop\coading\Spring-Core\Spring-Core-HibernateProduct\src\test\resources
2025-08-05 13:27:46,786 [Worker-45: Building] INFO  o.a.m.s.f.DefaultMavenResourcesFiltering - skip non existing resourceDirectory C:\Users\BETU\Desktop\coading\Spring-Core\Spring-Core-HibernateProduct\src\main\resources
2025-08-05 13:27:46,788 [Worker-45: Building] INFO  o.a.m.s.f.DefaultMavenResourcesFiltering - skip non existing resourceDirectory C:\Users\BETU\Desktop\coading\Spring-Core\Spring-Core-HibernateProduct\src\test\resources
2025-08-05 13:27:52,842 [Start Help Server] INFO  org.eclipse.jetty.server.Server - jetty-12.0.15; built: 2024-11-05T19:44:57.623Z; git: 8281ae9740d4b4225e8166cc476bad237c70213a; jvm 23.0.2+7-58
2025-08-05 13:27:52,967 [Start Help Server] INFO  o.e.j.server.handler.ContextHandler - Started oeje8n.ContextHandler$CoreContextHandler@675deccb{/help,/help,b=null,a=AVAILABLE,h=oeje8n.ContextHandler$CoreContextHandler$CoreToNestedHandler@663c3278{STARTED}}
2025-08-05 13:27:52,967 [Start Help Server] INFO  o.e.j.s.DefaultSessionIdManager - Session workerName=node0
2025-08-05 13:27:53,050 [Start Help Server] INFO  o.e.jetty.server.AbstractConnector - Started ServerConnector@12e09df6{HTTP/1.1, (http/1.1)}{127.0.0.1:64919}
2025-08-05 13:27:53,064 [Start Help Server] INFO  org.eclipse.jetty.server.Server - Started oejs.Server@615d8ff{STARTING}[12.0.15,sto=0] @4445855ms
2025-08-05 13:31:36,123 [Worker-49: Building] INFO  o.a.m.s.f.DefaultMavenResourcesFiltering - skip non existing resourceDirectory C:\Users\BETU\Desktop\coading\Spring-Core\Spring-Core-HibernateProduct\src\main\resources
2025-08-05 13:31:36,126 [Worker-49: Building] INFO  o.a.m.s.f.DefaultMavenResourcesFiltering - skip non existing resourceDirectory C:\Users\BETU\Desktop\coading\Spring-Core\Spring-Core-HibernateProduct\src\test\resources
2025-08-05 13:32:58,398 [Worker-48: Building] INFO  o.a.m.s.f.DefaultMavenResourcesFiltering - skip non existing resourceDirectory C:\Users\BETU\Desktop\coading\Spring-Core\Spring-Core-HibernateProduct\src\main\resources
2025-08-05 13:32:58,400 [Worker-48: Building] INFO  o.a.m.s.f.DefaultMavenResourcesFiltering - skip non existing resourceDirectory C:\Users\BETU\Desktop\coading\Spring-Core\Spring-Core-HibernateProduct\src\test\resources
2025-08-05 13:36:41,651 [Worker-49: Building] INFO  o.a.m.s.f.DefaultMavenResourcesFiltering - skip non existing resourceDirectory C:\Users\BETU\Desktop\coading\Spring-Core\Spring-Core-HibernateProduct\src\main\resources
2025-08-05 13:36:41,653 [Worker-49: Building] INFO  o.a.m.s.f.DefaultMavenResourcesFiltering - skip non existing resourceDirectory C:\Users\BETU\Desktop\coading\Spring-Core\Spring-Core-HibernateProduct\src\test\resources
2025-08-05 13:39:26,985 [Worker-49: Building] INFO  o.a.m.s.f.DefaultMavenResourcesFiltering - skip non existing resourceDirectory C:\Users\BETU\Desktop\coading\Spring-Core\Spring-Core-HibernateProduct\src\main\resources
2025-08-05 13:39:26,987 [Worker-49: Building] INFO  o.a.m.s.f.DefaultMavenResourcesFiltering - skip non existing resourceDirectory C:\Users\BETU\Desktop\coading\Spring-Core\Spring-Core-HibernateProduct\src\test\resources
2025-08-05 13:40:34,788 [Worker-47: Building] INFO  o.a.m.s.f.DefaultMavenResourcesFiltering - skip non existing resourceDirectory C:\Users\BETU\Desktop\coading\Spring-Core\Spring-Core-HibernateProduct\src\main\resources
2025-08-05 13:40:34,791 [Worker-47: Building] INFO  o.a.m.s.f.DefaultMavenResourcesFiltering - skip non existing resourceDirectory C:\Users\BETU\Desktop\coading\Spring-Core\Spring-Core-HibernateProduct\src\test\resources
2025-08-05 13:41:16,217 [Worker-49: Building] INFO  o.a.m.s.f.DefaultMavenResourcesFiltering - skip non existing resourceDirectory C:\Users\BETU\Desktop\coading\Spring-Core\Spring-Core-HibernateProduct\src\main\resources
2025-08-05 13:41:16,219 [Worker-49: Building] INFO  o.a.m.s.f.DefaultMavenResourcesFiltering - skip non existing resourceDirectory C:\Users\BETU\Desktop\coading\Spring-Core\Spring-Core-HibernateProduct\src\test\resources
2025-08-05 13:41:27,791 [Worker-38: Building] INFO  o.a.m.s.f.DefaultMavenResourcesFiltering - skip non existing resourceDirectory C:\Users\BETU\Desktop\coading\Spring-Core\Spring-Core-HibernateProduct\src\main\resources
2025-08-05 13:41:27,795 [Worker-38: Building] INFO  o.a.m.s.f.DefaultMavenResourcesFiltering - skip non existing resourceDirectory C:\Users\BETU\Desktop\coading\Spring-Core\Spring-Core-HibernateProduct\src\test\resources
2025-08-05 14:09:51,604 [Worker-50: Building] INFO  o.a.m.s.f.DefaultMavenResourcesFiltering - skip non existing resourceDirectory C:\Users\BETU\Desktop\coading\Spring-Core\Spring-Core-HibernateProduct\src\main\resources
2025-08-05 14:09:51,606 [Worker-50: Building] INFO  o.a.m.s.f.DefaultMavenResourcesFiltering - skip non existing resourceDirectory C:\Users\BETU\Desktop\coading\Spring-Core\Spring-Core-HibernateProduct\src\test\resources
2025-08-05 14:10:33,258 [Worker-52: Building] INFO  o.a.m.s.f.DefaultMavenResourcesFiltering - skip non existing resourceDirectory C:\Users\BETU\Desktop\coading\Spring-Core\Spring-Core-HibernateProduct\src\main\resources
2025-08-05 14:10:33,261 [Worker-52: Building] INFO  o.a.m.s.f.DefaultMavenResourcesFiltering - skip non existing resourceDirectory C:\Users\BETU\Desktop\coading\Spring-Core\Spring-Core-HibernateProduct\src\test\resources
2025-08-05 14:14:29,343 [Worker-45: Building] INFO  o.a.m.s.f.DefaultMavenResourcesFiltering - skip non existing resourceDirectory C:\Users\BETU\Desktop\coading\Spring-Core\Spring-Core-HibernateProduct\src\main\resources
2025-08-05 14:14:29,345 [Worker-45: Building] INFO  o.a.m.s.f.DefaultMavenResourcesFiltering - skip non existing resourceDirectory C:\Users\BETU\Desktop\coading\Spring-Core\Spring-Core-HibernateProduct\src\test\resources
2025-08-05 14:15:09,343 [Worker-42: Building] INFO  o.a.m.s.f.DefaultMavenResourcesFiltering - skip non existing resourceDirectory C:\Users\BETU\Desktop\coading\Spring-Core\Spring-Core-HibernateProduct\src\main\resources
2025-08-05 14:15:09,343 [Worker-42: Building] INFO  o.a.m.s.f.DefaultMavenResourcesFiltering - skip non existing resourceDirectory C:\Users\BETU\Desktop\coading\Spring-Core\Spring-Core-HibernateProduct\src\test\resources
2025-08-05 14:15:41,872 [Worker-42: Building] INFO  o.a.m.s.f.DefaultMavenResourcesFiltering - skip non existing resourceDirectory C:\Users\BETU\Desktop\coading\Spring-Core\Spring-Core-HibernateProduct\src\main\resources
2025-08-05 14:15:41,873 [Worker-42: Building] INFO  o.a.m.s.f.DefaultMavenResourcesFiltering - skip non existing resourceDirectory C:\Users\BETU\Desktop\coading\Spring-Core\Spring-Core-HibernateProduct\src\test\resources
2025-08-05 14:17:00,211 [Worker-52: Building] INFO  o.a.m.s.f.DefaultMavenResourcesFiltering - skip non existing resourceDirectory C:\Users\BETU\Desktop\coading\Spring-Core\Spring-Core-HibernateProduct\src\main\resources
2025-08-05 14:17:00,212 [Worker-52: Building] INFO  o.a.m.s.f.DefaultMavenResourcesFiltering - skip non existing resourceDirectory C:\Users\BETU\Desktop\coading\Spring-Core\Spring-Core-HibernateProduct\src\test\resources
2025-08-05 14:18:23,332 [Worker-45: Building] INFO  o.a.m.s.f.DefaultMavenResourcesFiltering - skip non existing resourceDirectory C:\Users\BETU\Desktop\coading\Spring-Core\Spring-Core-HibernateProduct\src\main\resources
2025-08-05 14:18:23,333 [Worker-45: Building] INFO  o.a.m.s.f.DefaultMavenResourcesFiltering - skip non existing resourceDirectory C:\Users\BETU\Desktop\coading\Spring-Core\Spring-Core-HibernateProduct\src\test\resources
2025-08-05 14:19:39,283 [Worker-42: Building] INFO  o.a.m.s.f.DefaultMavenResourcesFiltering - skip non existing resourceDirectory C:\Users\BETU\Desktop\coading\Spring-Core\Spring-Core-HibernateProduct\src\main\resources
2025-08-05 14:19:39,285 [Worker-42: Building] INFO  o.a.m.s.f.DefaultMavenResourcesFiltering - skip non existing resourceDirectory C:\Users\BETU\Desktop\coading\Spring-Core\Spring-Core-HibernateProduct\src\test\resources
2025-08-05 14:20:49,767 [Worker-50: Building] INFO  o.e.m.c.i.l.LifecycleMappingFactory - Using org.eclipse.m2e.jdt.JarLifecycleMapping lifecycle mapping for MavenProject: com.univ:Spring-Core-Hibernate:0.0.1-SNAPSHOT @ C:\Users\BETU\Desktop\coading\Spring-Core\Spring-Core-HibernateEmployee\pom.xml.
2025-08-05 14:20:50,421 [Worker-50: Building] WARN  o.e.m.c.i.embedder.EclipseLogger - The artifact mysql:mysql-connector-java:jar:8.0.32 has been relocated to com.mysql:mysql-connector-j:jar:8.0.32: MySQL Connector/J artifacts moved to reverse-DNS compliant Maven 2+ coordinates.
2025-08-05 14:20:50,533 [Worker-50: Building] INFO  o.a.m.s.f.DefaultMavenResourcesFiltering - skip non existing resourceDirectory C:\Users\BETU\Desktop\coading\Spring-Core\Spring-Core-HibernateEmployee\src\main\resources
2025-08-05 14:20:50,536 [Worker-50: Building] INFO  o.a.m.s.f.DefaultMavenResourcesFiltering - skip non existing resourceDirectory C:\Users\BETU\Desktop\coading\Spring-Core\Spring-Core-HibernateEmployee\src\test\resources
2025-08-05 14:20:50,811 [Worker-54: Building] INFO  o.a.m.s.f.DefaultMavenResourcesFiltering - skip non existing resourceDirectory C:\Users\BETU\Desktop\coading\Spring-Core\Spring-Core-HibernateEmployee\src\main\resources
2025-08-05 14:20:50,813 [Worker-54: Building] INFO  o.a.m.s.f.DefaultMavenResourcesFiltering - skip non existing resourceDirectory C:\Users\BETU\Desktop\coading\Spring-Core\Spring-Core-HibernateEmployee\src\test\resources
2025-08-05 14:21:15,199 [Worker-51: Building] INFO  o.a.m.s.f.DefaultMavenResourcesFiltering - skip non existing resourceDirectory C:\Users\BETU\Desktop\coading\Spring-Core\Spring-Core-HibernateEmployee\src\main\resources
2025-08-05 14:21:15,202 [Worker-51: Building] INFO  o.a.m.s.f.DefaultMavenResourcesFiltering - skip non existing resourceDirectory C:\Users\BETU\Desktop\coading\Spring-Core\Spring-Core-HibernateEmployee\src\test\resources
2025-08-05 14:21:36,317 [Worker-51: Building] INFO  o.a.m.s.f.DefaultMavenResourcesFiltering - skip non existing resourceDirectory C:\Users\BETU\Desktop\coading\Spring-Core\Spring-Core-HibernateEmployee\src\main\resources
2025-08-05 14:21:36,320 [Worker-51: Building] INFO  o.a.m.s.f.DefaultMavenResourcesFiltering - skip non existing resourceDirectory C:\Users\BETU\Desktop\coading\Spring-Core\Spring-Core-HibernateEmployee\src\test\resources
2025-08-05 14:24:31,019 [Worker-48: Building] INFO  o.a.m.s.f.DefaultMavenResourcesFiltering - skip non existing resourceDirectory C:\Users\BETU\Desktop\coading\Spring-Core\Spring-Core-HibernateEmployee\src\main\resources
2025-08-05 14:24:31,022 [Worker-48: Building] INFO  o.a.m.s.f.DefaultMavenResourcesFiltering - skip non existing resourceDirectory C:\Users\BETU\Desktop\coading\Spring-Core\Spring-Core-HibernateEmployee\src\test\resources
2025-08-05 14:25:36,278 [Worker-56: Building] INFO  o.a.m.s.f.DefaultMavenResourcesFiltering - skip non existing resourceDirectory C:\Users\BETU\Desktop\coading\Spring-Core\Spring-Core-HibernateEmployee\src\main\resources
2025-08-05 14:25:36,280 [Worker-56: Building] INFO  o.a.m.s.f.DefaultMavenResourcesFiltering - skip non existing resourceDirectory C:\Users\BETU\Desktop\coading\Spring-Core\Spring-Core-HibernateEmployee\src\test\resources
2025-08-05 14:26:26,470 [Worker-54: Building] INFO  o.a.m.s.f.DefaultMavenResourcesFiltering - skip non existing resourceDirectory C:\Users\BETU\Desktop\coading\Spring-Core\Spring-Core-HibernateEmployee\src\main\resources
2025-08-05 14:26:26,471 [Worker-54: Building] INFO  o.a.m.s.f.DefaultMavenResourcesFiltering - skip non existing resourceDirectory C:\Users\BETU\Desktop\coading\Spring-Core\Spring-Core-HibernateEmployee\src\test\resources
2025-08-05 14:29:31,867 [Worker-51: Building] INFO  o.a.m.s.f.DefaultMavenResourcesFiltering - skip non existing resourceDirectory C:\Users\BETU\Desktop\coading\Spring-Core\Spring-Core-HibernateEmployee\src\main\resources
2025-08-05 14:29:31,869 [Worker-51: Building] INFO  o.a.m.s.f.DefaultMavenResourcesFiltering - skip non existing resourceDirectory C:\Users\BETU\Desktop\coading\Spring-Core\Spring-Core-HibernateEmployee\src\test\resources
2025-08-05 14:33:04,361 [Worker-55: Building] INFO  o.a.m.s.f.DefaultMavenResourcesFiltering - skip non existing resourceDirectory C:\Users\BETU\Desktop\coading\Spring-Core\Spring-Core-HibernateEmployee\src\main\resources
2025-08-05 14:33:04,369 [Worker-55: Building] INFO  o.a.m.s.f.DefaultMavenResourcesFiltering - skip non existing resourceDirectory C:\Users\BETU\Desktop\coading\Spring-Core\Spring-Core-HibernateEmployee\src\test\resources
2025-08-05 14:33:55,491 [Worker-48: Building] INFO  o.a.m.s.f.DefaultMavenResourcesFiltering - skip non existing resourceDirectory C:\Users\BETU\Desktop\coading\Spring-Core\Spring-Core-HibernateEmployee\src\main\resources
2025-08-05 14:33:55,493 [Worker-48: Building] INFO  o.a.m.s.f.DefaultMavenResourcesFiltering - skip non existing resourceDirectory C:\Users\BETU\Desktop\coading\Spring-Core\Spring-Core-HibernateEmployee\src\test\resources
2025-08-05 14:34:13,885 [Worker-52: Building] INFO  o.a.m.s.f.DefaultMavenResourcesFiltering - skip non existing resourceDirectory C:\Users\BETU\Desktop\coading\Spring-Core\Spring-Core-HibernateEmployee\src\main\resources
2025-08-05 14:34:13,889 [Worker-52: Building] INFO  o.a.m.s.f.DefaultMavenResourcesFiltering - skip non existing resourceDirectory C:\Users\BETU\Desktop\coading\Spring-Core\Spring-Core-HibernateEmployee\src\test\resources
2025-08-05 14:36:58,159 [Worker-51: Building] INFO  o.a.m.s.f.DefaultMavenResourcesFiltering - skip non existing resourceDirectory C:\Users\BETU\Desktop\coading\Spring-Core\Spring-Core-HibernateEmployee\src\main\resources
2025-08-05 14:36:58,161 [Worker-51: Building] INFO  o.a.m.s.f.DefaultMavenResourcesFiltering - skip non existing resourceDirectory C:\Users\BETU\Desktop\coading\Spring-Core\Spring-Core-HibernateEmployee\src\test\resources
2025-08-05 14:37:12,181 [Worker-48: Building] INFO  o.a.m.s.f.DefaultMavenResourcesFiltering - skip non existing resourceDirectory C:\Users\BETU\Desktop\coading\Spring-Core\Spring-Core-HibernateEmployee\src\main\resources
2025-08-05 14:37:12,185 [Worker-48: Building] INFO  o.a.m.s.f.DefaultMavenResourcesFiltering - skip non existing resourceDirectory C:\Users\BETU\Desktop\coading\Spring-Core\Spring-Core-HibernateEmployee\src\test\resources
2025-08-05 14:39:32,049 [Worker-54: Launching mavenrun-99a1a096-d337-48e5-bc3d-b3fd715a3186] INFO  o.eclipse.m2e.core.internal.Bundles - getClasspathEntries(Bundle=org.eclipse.m2e.maven.runtime_3.9.900.20240824-1409 [638])
2025-08-05 14:39:32,052 [Worker-54: Launching mavenrun-99a1a096-d337-48e5-bc3d-b3fd715a3186] INFO  o.eclipse.m2e.core.internal.Bundles - 	Entry: C:\Users\BETU\.p2\pool\plugins\org.eclipse.m2e.maven.runtime_3.9.900.20240824-1409
2025-08-05 14:39:32,052 [Worker-54: Launching mavenrun-99a1a096-d337-48e5-bc3d-b3fd715a3186] INFO  o.eclipse.m2e.core.internal.Bundles - 	Entry: C:\Users\BETU\.p2\pool\plugins\org.eclipse.m2e.maven.runtime_3.9.900.20240824-1409\jars\aopalliance-1.0.jar
2025-08-05 14:39:32,053 [Worker-54: Launching mavenrun-99a1a096-d337-48e5-bc3d-b3fd715a3186] INFO  o.eclipse.m2e.core.internal.Bundles - 	Entry: C:\Users\BETU\.p2\pool\plugins\org.eclipse.m2e.maven.runtime_3.9.900.20240824-1409\jars\guice-5.1.0.jar
2025-08-05 14:39:32,053 [Worker-54: Launching mavenrun-99a1a096-d337-48e5-bc3d-b3fd715a3186] INFO  o.eclipse.m2e.core.internal.Bundles - 	Entry: C:\Users\BETU\.p2\pool\plugins\org.eclipse.m2e.maven.runtime_3.9.900.20240824-1409\jars\httpclient-4.5.14.jar
2025-08-05 14:39:32,053 [Worker-54: Launching mavenrun-99a1a096-d337-48e5-bc3d-b3fd715a3186] INFO  o.eclipse.m2e.core.internal.Bundles - 	Entry: C:\Users\BETU\.p2\pool\plugins\org.eclipse.m2e.maven.runtime_3.9.900.20240824-1409\jars\httpcore-4.4.16.jar
2025-08-05 14:39:32,053 [Worker-54: Launching mavenrun-99a1a096-d337-48e5-bc3d-b3fd715a3186] INFO  o.eclipse.m2e.core.internal.Bundles - 	Entry: C:\Users\BETU\.p2\pool\plugins\org.eclipse.m2e.maven.runtime_3.9.900.20240824-1409\jars\jansi-2.4.1.jar
2025-08-05 14:39:32,053 [Worker-54: Launching mavenrun-99a1a096-d337-48e5-bc3d-b3fd715a3186] INFO  o.eclipse.m2e.core.internal.Bundles - 	Entry: C:\Users\BETU\.p2\pool\plugins\org.eclipse.m2e.maven.runtime_3.9.900.20240824-1409\jars\jcl-over-slf4j-1.7.36.jar
2025-08-05 14:39:32,053 [Worker-54: Launching mavenrun-99a1a096-d337-48e5-bc3d-b3fd715a3186] INFO  o.eclipse.m2e.core.internal.Bundles - 	Entry: C:\Users\BETU\.p2\pool\plugins\org.eclipse.m2e.maven.runtime_3.9.900.20240824-1409\jars\maven-artifact-3.9.9.jar
2025-08-05 14:39:32,053 [Worker-54: Launching mavenrun-99a1a096-d337-48e5-bc3d-b3fd715a3186] INFO  o.eclipse.m2e.core.internal.Bundles - 	Entry: C:\Users\BETU\.p2\pool\plugins\org.eclipse.m2e.maven.runtime_3.9.900.20240824-1409\jars\maven-builder-support-3.9.9.jar
2025-08-05 14:39:32,054 [Worker-54: Launching mavenrun-99a1a096-d337-48e5-bc3d-b3fd715a3186] INFO  o.eclipse.m2e.core.internal.Bundles - 	Entry: C:\Users\BETU\.p2\pool\plugins\org.eclipse.m2e.maven.runtime_3.9.900.20240824-1409\jars\maven-compat-3.9.9.jar
2025-08-05 14:39:32,054 [Worker-54: Launching mavenrun-99a1a096-d337-48e5-bc3d-b3fd715a3186] INFO  o.eclipse.m2e.core.internal.Bundles - 	Entry: C:\Users\BETU\.p2\pool\plugins\org.eclipse.m2e.maven.runtime_3.9.900.20240824-1409\jars\maven-core-3.9.9.jar
2025-08-05 14:39:32,054 [Worker-54: Launching mavenrun-99a1a096-d337-48e5-bc3d-b3fd715a3186] INFO  o.eclipse.m2e.core.internal.Bundles - 	Entry: C:\Users\BETU\.p2\pool\plugins\org.eclipse.m2e.maven.runtime_3.9.900.20240824-1409\jars\maven-embedder-3.9.9.jar
2025-08-05 14:39:32,054 [Worker-54: Launching mavenrun-99a1a096-d337-48e5-bc3d-b3fd715a3186] INFO  o.eclipse.m2e.core.internal.Bundles - 	Entry: C:\Users\BETU\.p2\pool\plugins\org.eclipse.m2e.maven.runtime_3.9.900.20240824-1409\jars\maven-model-3.9.9.jar
2025-08-05 14:39:32,055 [Worker-54: Launching mavenrun-99a1a096-d337-48e5-bc3d-b3fd715a3186] INFO  o.eclipse.m2e.core.internal.Bundles - 	Entry: C:\Users\BETU\.p2\pool\plugins\org.eclipse.m2e.maven.runtime_3.9.900.20240824-1409\jars\maven-model-builder-3.9.9.jar
2025-08-05 14:39:32,055 [Worker-54: Launching mavenrun-99a1a096-d337-48e5-bc3d-b3fd715a3186] INFO  o.eclipse.m2e.core.internal.Bundles - 	Entry: C:\Users\BETU\.p2\pool\plugins\org.eclipse.m2e.maven.runtime_3.9.900.20240824-1409\jars\maven-plugin-api-3.9.9.jar
2025-08-05 14:39:32,055 [Worker-54: Launching mavenrun-99a1a096-d337-48e5-bc3d-b3fd715a3186] INFO  o.eclipse.m2e.core.internal.Bundles - 	Entry: C:\Users\BETU\.p2\pool\plugins\org.eclipse.m2e.maven.runtime_3.9.900.20240824-1409\jars\maven-repository-metadata-3.9.9.jar
2025-08-05 14:39:32,055 [Worker-54: Launching mavenrun-99a1a096-d337-48e5-bc3d-b3fd715a3186] INFO  o.eclipse.m2e.core.internal.Bundles - 	Entry: C:\Users\BETU\.p2\pool\plugins\org.eclipse.m2e.maven.runtime_3.9.900.20240824-1409\jars\maven-resolver-api-1.9.22.jar
2025-08-05 14:39:32,055 [Worker-54: Launching mavenrun-99a1a096-d337-48e5-bc3d-b3fd715a3186] INFO  o.eclipse.m2e.core.internal.Bundles - 	Entry: C:\Users\BETU\.p2\pool\plugins\org.eclipse.m2e.maven.runtime_3.9.900.20240824-1409\jars\maven-resolver-connector-basic-1.9.22.jar
2025-08-05 14:39:32,055 [Worker-54: Launching mavenrun-99a1a096-d337-48e5-bc3d-b3fd715a3186] INFO  o.eclipse.m2e.core.internal.Bundles - 	Entry: C:\Users\BETU\.p2\pool\plugins\org.eclipse.m2e.maven.runtime_3.9.900.20240824-1409\jars\maven-resolver-impl-1.9.22.jar
2025-08-05 14:39:32,055 [Worker-54: Launching mavenrun-99a1a096-d337-48e5-bc3d-b3fd715a3186] INFO  o.eclipse.m2e.core.internal.Bundles - 	Entry: C:\Users\BETU\.p2\pool\plugins\org.eclipse.m2e.maven.runtime_3.9.900.20240824-1409\jars\maven-resolver-named-locks-1.9.22.jar
2025-08-05 14:39:32,055 [Worker-54: Launching mavenrun-99a1a096-d337-48e5-bc3d-b3fd715a3186] INFO  o.eclipse.m2e.core.internal.Bundles - 	Entry: C:\Users\BETU\.p2\pool\plugins\org.eclipse.m2e.maven.runtime_3.9.900.20240824-1409\jars\maven-resolver-provider-3.9.9.jar
2025-08-05 14:39:32,056 [Worker-54: Launching mavenrun-99a1a096-d337-48e5-bc3d-b3fd715a3186] INFO  o.eclipse.m2e.core.internal.Bundles - 	Entry: C:\Users\BETU\.p2\pool\plugins\org.eclipse.m2e.maven.runtime_3.9.900.20240824-1409\jars\maven-resolver-spi-1.9.22.jar
2025-08-05 14:39:32,056 [Worker-54: Launching mavenrun-99a1a096-d337-48e5-bc3d-b3fd715a3186] INFO  o.eclipse.m2e.core.internal.Bundles - 	Entry: C:\Users\BETU\.p2\pool\plugins\org.eclipse.m2e.maven.runtime_3.9.900.20240824-1409\jars\maven-resolver-transport-file-1.9.22.jar
2025-08-05 14:39:32,056 [Worker-54: Launching mavenrun-99a1a096-d337-48e5-bc3d-b3fd715a3186] INFO  o.eclipse.m2e.core.internal.Bundles - 	Entry: C:\Users\BETU\.p2\pool\plugins\org.eclipse.m2e.maven.runtime_3.9.900.20240824-1409\jars\maven-resolver-transport-http-1.9.22.jar
2025-08-05 14:39:32,056 [Worker-54: Launching mavenrun-99a1a096-d337-48e5-bc3d-b3fd715a3186] INFO  o.eclipse.m2e.core.internal.Bundles - 	Entry: C:\Users\BETU\.p2\pool\plugins\org.eclipse.m2e.maven.runtime_3.9.900.20240824-1409\jars\maven-resolver-transport-wagon-1.9.22.jar
2025-08-05 14:39:32,056 [Worker-54: Launching mavenrun-99a1a096-d337-48e5-bc3d-b3fd715a3186] INFO  o.eclipse.m2e.core.internal.Bundles - 	Entry: C:\Users\BETU\.p2\pool\plugins\org.eclipse.m2e.maven.runtime_3.9.900.20240824-1409\jars\maven-resolver-util-1.9.22.jar
2025-08-05 14:39:32,056 [Worker-54: Launching mavenrun-99a1a096-d337-48e5-bc3d-b3fd715a3186] INFO  o.eclipse.m2e.core.internal.Bundles - 	Entry: C:\Users\BETU\.p2\pool\plugins\org.eclipse.m2e.maven.runtime_3.9.900.20240824-1409\jars\maven-settings-3.9.9.jar
2025-08-05 14:39:32,056 [Worker-54: Launching mavenrun-99a1a096-d337-48e5-bc3d-b3fd715a3186] INFO  o.eclipse.m2e.core.internal.Bundles - 	Entry: C:\Users\BETU\.p2\pool\plugins\org.eclipse.m2e.maven.runtime_3.9.900.20240824-1409\jars\maven-settings-builder-3.9.9.jar
2025-08-05 14:39:32,056 [Worker-54: Launching mavenrun-99a1a096-d337-48e5-bc3d-b3fd715a3186] INFO  o.eclipse.m2e.core.internal.Bundles - 	Entry: C:\Users\BETU\.p2\pool\plugins\org.eclipse.m2e.maven.runtime_3.9.900.20240824-1409\jars\maven-shared-utils-3.4.2.jar
2025-08-05 14:39:32,056 [Worker-54: Launching mavenrun-99a1a096-d337-48e5-bc3d-b3fd715a3186] INFO  o.eclipse.m2e.core.internal.Bundles - 	Entry: C:\Users\BETU\.p2\pool\plugins\org.eclipse.m2e.maven.runtime_3.9.900.20240824-1409\jars\org.eclipse.sisu.inject-0.9.0.M3.jar
2025-08-05 14:39:32,056 [Worker-54: Launching mavenrun-99a1a096-d337-48e5-bc3d-b3fd715a3186] INFO  o.eclipse.m2e.core.internal.Bundles - 	Entry: C:\Users\BETU\.p2\pool\plugins\org.eclipse.m2e.maven.runtime_3.9.900.20240824-1409\jars\org.eclipse.sisu.plexus-0.9.0.M3.jar
2025-08-05 14:39:32,056 [Worker-54: Launching mavenrun-99a1a096-d337-48e5-bc3d-b3fd715a3186] INFO  o.eclipse.m2e.core.internal.Bundles - 	Entry: C:\Users\BETU\.p2\pool\plugins\org.eclipse.m2e.maven.runtime_3.9.900.20240824-1409\jars\plexus-build-api-0.0.7.jar
2025-08-05 14:39:32,056 [Worker-54: Launching mavenrun-99a1a096-d337-48e5-bc3d-b3fd715a3186] INFO  o.eclipse.m2e.core.internal.Bundles - 	Entry: C:\Users\BETU\.p2\pool\plugins\org.eclipse.m2e.maven.runtime_3.9.900.20240824-1409\jars\plexus-build-api-1.2.0.jar
2025-08-05 14:39:32,056 [Worker-54: Launching mavenrun-99a1a096-d337-48e5-bc3d-b3fd715a3186] INFO  o.eclipse.m2e.core.internal.Bundles - 	Entry: C:\Users\BETU\.p2\pool\plugins\org.eclipse.m2e.maven.runtime_3.9.900.20240824-1409\jars\plexus-cipher-2.0.jar
2025-08-05 14:39:32,056 [Worker-54: Launching mavenrun-99a1a096-d337-48e5-bc3d-b3fd715a3186] INFO  o.eclipse.m2e.core.internal.Bundles - 	Entry: C:\Users\BETU\.p2\pool\plugins\org.eclipse.m2e.maven.runtime_3.9.900.20240824-1409\jars\plexus-classworlds-2.8.0.jar
2025-08-05 14:39:32,056 [Worker-54: Launching mavenrun-99a1a096-d337-48e5-bc3d-b3fd715a3186] INFO  o.eclipse.m2e.core.internal.Bundles - 	Entry: C:\Users\BETU\.p2\pool\plugins\org.eclipse.m2e.maven.runtime_3.9.900.20240824-1409\jars\plexus-component-annotations-2.1.0.jar
2025-08-05 14:39:32,056 [Worker-54: Launching mavenrun-99a1a096-d337-48e5-bc3d-b3fd715a3186] INFO  o.eclipse.m2e.core.internal.Bundles - 	Entry: C:\Users\BETU\.p2\pool\plugins\org.eclipse.m2e.maven.runtime_3.9.900.20240824-1409\jars\plexus-interpolation-1.27.jar
2025-08-05 14:39:32,057 [Worker-54: Launching mavenrun-99a1a096-d337-48e5-bc3d-b3fd715a3186] INFO  o.eclipse.m2e.core.internal.Bundles - 	Entry: C:\Users\BETU\.p2\pool\plugins\org.eclipse.m2e.maven.runtime_3.9.900.20240824-1409\jars\plexus-sec-dispatcher-2.0.jar
2025-08-05 14:39:32,057 [Worker-54: Launching mavenrun-99a1a096-d337-48e5-bc3d-b3fd715a3186] INFO  o.eclipse.m2e.core.internal.Bundles - 	Entry: C:\Users\BETU\.p2\pool\plugins\org.eclipse.m2e.maven.runtime_3.9.900.20240824-1409\jars\plexus-utils-3.5.1.jar
2025-08-05 14:39:32,057 [Worker-54: Launching mavenrun-99a1a096-d337-48e5-bc3d-b3fd715a3186] INFO  o.eclipse.m2e.core.internal.Bundles - 	Entry: C:\Users\BETU\.p2\pool\plugins\org.eclipse.m2e.maven.runtime_3.9.900.20240824-1409\jars\plexus-xml-3.0.1.jar
2025-08-05 14:39:32,057 [Worker-54: Launching mavenrun-99a1a096-d337-48e5-bc3d-b3fd715a3186] INFO  o.eclipse.m2e.core.internal.Bundles - 	Entry: C:\Users\BETU\.p2\pool\plugins\org.eclipse.m2e.maven.runtime_3.9.900.20240824-1409\jars\wagon-file-3.5.3.jar
2025-08-05 14:39:32,057 [Worker-54: Launching mavenrun-99a1a096-d337-48e5-bc3d-b3fd715a3186] INFO  o.eclipse.m2e.core.internal.Bundles - 	Entry: C:\Users\BETU\.p2\pool\plugins\org.eclipse.m2e.maven.runtime_3.9.900.20240824-1409\jars\wagon-http-3.5.3.jar
2025-08-05 14:39:32,057 [Worker-54: Launching mavenrun-99a1a096-d337-48e5-bc3d-b3fd715a3186] INFO  o.eclipse.m2e.core.internal.Bundles - 	Entry: C:\Users\BETU\.p2\pool\plugins\org.eclipse.m2e.maven.runtime_3.9.900.20240824-1409\jars\wagon-http-shared-3.5.3.jar
2025-08-05 14:39:32,057 [Worker-54: Launching mavenrun-99a1a096-d337-48e5-bc3d-b3fd715a3186] INFO  o.eclipse.m2e.core.internal.Bundles - 	Entry: C:\Users\BETU\.p2\pool\plugins\org.eclipse.m2e.maven.runtime_3.9.900.20240824-1409\jars\wagon-provider-api-3.5.3.jar
2025-08-05 14:39:32,058 [Worker-54: Launching mavenrun-99a1a096-d337-48e5-bc3d-b3fd715a3186] INFO  o.eclipse.m2e.core.internal.Bundles - getClasspathEntries(Bundle=com.google.guava_33.3.1.jre [16])
2025-08-05 14:39:32,058 [Worker-54: Launching mavenrun-99a1a096-d337-48e5-bc3d-b3fd715a3186] INFO  o.eclipse.m2e.core.internal.Bundles - 	Entry: C:\Users\BETU\.p2\pool\plugins\com.google.guava_33.3.1.jre.jar
2025-08-05 14:39:32,058 [Worker-54: Launching mavenrun-99a1a096-d337-48e5-bc3d-b3fd715a3186] INFO  o.eclipse.m2e.core.internal.Bundles - getClasspathEntries(Bundle=slf4j.api_2.0.16 [1005])
2025-08-05 14:39:32,059 [Worker-54: Launching mavenrun-99a1a096-d337-48e5-bc3d-b3fd715a3186] INFO  o.eclipse.m2e.core.internal.Bundles - 	Entry: C:\Users\BETU\.p2\pool\plugins\slf4j.api_2.0.16.jar
2025-08-05 14:39:32,059 [Worker-54: Launching mavenrun-99a1a096-d337-48e5-bc3d-b3fd715a3186] INFO  o.eclipse.m2e.core.internal.Bundles - getClasspathEntries(Bundle=jakarta.inject.jakarta.inject-api_1.0.5 [34])
2025-08-05 14:39:32,059 [Worker-54: Launching mavenrun-99a1a096-d337-48e5-bc3d-b3fd715a3186] INFO  o.eclipse.m2e.core.internal.Bundles - 	Entry: C:\Users\BETU\.p2\pool\plugins\jakarta.inject.jakarta.inject-api_1.0.5.jar
2025-08-05 14:39:32,059 [Worker-54: Launching mavenrun-99a1a096-d337-48e5-bc3d-b3fd715a3186] INFO  o.eclipse.m2e.core.internal.Bundles - getClasspathEntries(Bundle=jakarta.annotation-api_1.3.5 [29])
2025-08-05 14:39:32,060 [Worker-54: Launching mavenrun-99a1a096-d337-48e5-bc3d-b3fd715a3186] INFO  o.eclipse.m2e.core.internal.Bundles - 	Entry: C:\Users\BETU\.p2\pool\plugins\jakarta.annotation-api_1.3.5.jar
2025-08-05 14:39:32,060 [Worker-54: Launching mavenrun-99a1a096-d337-48e5-bc3d-b3fd715a3186] INFO  o.eclipse.m2e.core.internal.Bundles - getClasspathEntries(Bundle=org.apache.commons.cli_1.9.0 [75])
2025-08-05 14:39:32,060 [Worker-54: Launching mavenrun-99a1a096-d337-48e5-bc3d-b3fd715a3186] INFO  o.eclipse.m2e.core.internal.Bundles - 	Entry: C:\Users\BETU\.p2\pool\plugins\org.apache.commons.cli_1.9.0.jar
2025-08-05 14:39:32,060 [Worker-54: Launching mavenrun-99a1a096-d337-48e5-bc3d-b3fd715a3186] INFO  o.eclipse.m2e.core.internal.Bundles - getClasspathEntries(Bundle=org.apache.commons.commons-codec_1.16.0 [78])
2025-08-05 14:39:32,061 [Worker-54: Launching mavenrun-99a1a096-d337-48e5-bc3d-b3fd715a3186] INFO  o.eclipse.m2e.core.internal.Bundles - 	Entry: C:\Users\BETU\.p2\pool\plugins\org.apache.commons.commons-codec_1.16.0.jar
2025-08-05 14:39:32,061 [Worker-54: Launching mavenrun-99a1a096-d337-48e5-bc3d-b3fd715a3186] INFO  o.eclipse.m2e.core.internal.Bundles - getClasspathEntries(Bundle=com.google.guava.failureaccess_1.0.2 [17])
2025-08-05 14:39:32,062 [Worker-54: Launching mavenrun-99a1a096-d337-48e5-bc3d-b3fd715a3186] INFO  o.eclipse.m2e.core.internal.Bundles - 	Entry: C:\Users\BETU\.p2\pool\plugins\com.google.guava.failureaccess_1.0.2.jar
2025-08-05 14:39:32,070 [Worker-54: Launching mavenrun-99a1a096-d337-48e5-bc3d-b3fd715a3186] INFO  o.e.m.i.launch.MavenLaunchDelegate - Run build in "C:\Users\BETU\AppData\Local\Temp\m2e-archetypeGenerator2800680871654160427":
2025-08-05 14:39:32,071 [Worker-54: Launching mavenrun-99a1a096-d337-48e5-bc3d-b3fd715a3186] INFO  o.e.m.i.launch.MavenLaunchDelegate -  mvn  -DarchetypeGroupId=org.apache.maven.archetypes -DarchetypeArtifactId=maven-archetype-quickstart -DarchetypeVersion=1.1 -DgroupId=com.univ -DartifactId=Spring-Core-Hibernate-fruit -Dversion=0.0.1-SNAPSHOT -Dpackage=com.univ -DoutputDirectory=C:\Users\BETU\Desktop\coading\Spring-Core -Dstyle.color=always -U archetype:generate
2025-08-05 14:39:48,486 [Worker-55: Creating maven-archetype-quickstart] INFO  o.e.m.c.i.p.ProjectConfigurationManager - Collecting project info '/pom.xml' C:\Users\BETU\Desktop\coading\Spring-Core\Spring-Core-Hibernate-fruit\pom.xml
2025-08-05 14:39:48,560 [Worker-55: Creating maven-archetype-quickstart] INFO  o.e.m.c.i.l.LifecycleMappingFactory - Using org.eclipse.m2e.jdt.JarLifecycleMapping lifecycle mapping for MavenProject: com.univ:Spring-Core-Hibernate-fruit:0.0.1-SNAPSHOT @ C:\Users\BETU\Desktop\coading\Spring-Core\Spring-Core-Hibernate-fruit\pom.xml.
2025-08-05 14:39:49,789 [Worker-55: Creating maven-archetype-quickstart] INFO  o.e.m.j.i.AbstractJavaProjectConfigurator - Adding source folder /Spring-Core-Hibernate-fruit/src/main/java
2025-08-05 14:39:49,791 [Worker-55: Creating maven-archetype-quickstart] INFO  o.e.m.j.i.AbstractJavaProjectConfigurator - Adding resource folder /Spring-Core-Hibernate-fruit/src/main/resources
2025-08-05 14:39:49,799 [Worker-55: Creating maven-archetype-quickstart] INFO  o.e.m.j.i.AbstractJavaProjectConfigurator - Adding source folder /Spring-Core-Hibernate-fruit/src/test/java
2025-08-05 14:39:49,800 [Worker-55: Creating maven-archetype-quickstart] INFO  o.e.m.j.i.AbstractJavaProjectConfigurator - Adding resource folder /Spring-Core-Hibernate-fruit/src/test/resources
2025-08-05 14:39:50,224 [Worker-55: Creating maven-archetype-quickstart] INFO  o.e.m.c.i.p.ProjectConfigurationManager - Imported and configured 1 project(s) in 1 sec
2025-08-05 14:39:50,450 [Worker-56: Building] INFO  o.a.m.s.f.DefaultMavenResourcesFiltering - skip non existing resourceDirectory C:\Users\BETU\Desktop\coading\Spring-Core\Spring-Core-Hibernate-fruit\src\main\resources
2025-08-05 14:39:50,452 [Worker-56: Building] INFO  o.a.m.s.f.DefaultMavenResourcesFiltering - skip non existing resourceDirectory C:\Users\BETU\Desktop\coading\Spring-Core\Spring-Core-Hibernate-fruit\src\test\resources
2025-08-05 14:40:04,477 [Worker-56: Building] INFO  o.e.m.c.i.l.LifecycleMappingFactory - Using org.eclipse.m2e.jdt.JarLifecycleMapping lifecycle mapping for MavenProject: com.univ:Spring-Core-Hibernate-fruit:0.0.1-SNAPSHOT @ C:\Users\BETU\Desktop\coading\Spring-Core\Spring-Core-Hibernate-fruit\pom.xml.
2025-08-05 14:40:04,557 [Worker-56: Building] WARN  o.e.m.c.i.embedder.EclipseLogger - The artifact mysql:mysql-connector-java:jar:8.0.32 has been relocated to com.mysql:mysql-connector-j:jar:8.0.32: MySQL Connector/J artifacts moved to reverse-DNS compliant Maven 2+ coordinates.
2025-08-05 14:40:04,675 [Worker-56: Building] INFO  o.a.m.s.f.DefaultMavenResourcesFiltering - skip non existing resourceDirectory C:\Users\BETU\Desktop\coading\Spring-Core\Spring-Core-Hibernate-fruit\src\main\resources
2025-08-05 14:40:04,676 [Worker-56: Building] INFO  o.a.m.s.f.DefaultMavenResourcesFiltering - skip non existing resourceDirectory C:\Users\BETU\Desktop\coading\Spring-Core\Spring-Core-Hibernate-fruit\src\test\resources
2025-08-05 14:40:05,833 [Worker-50: Building] INFO  o.a.m.s.f.DefaultMavenResourcesFiltering - skip non existing resourceDirectory C:\Users\BETU\Desktop\coading\Spring-Core\Spring-Core-Hibernate-fruit\src\main\resources
2025-08-05 14:40:05,835 [Worker-50: Building] INFO  o.a.m.s.f.DefaultMavenResourcesFiltering - skip non existing resourceDirectory C:\Users\BETU\Desktop\coading\Spring-Core\Spring-Core-Hibernate-fruit\src\test\resources
2025-08-05 14:40:46,858 [Worker-45: Building] INFO  o.a.m.s.f.DefaultMavenResourcesFiltering - skip non existing resourceDirectory C:\Users\BETU\Desktop\coading\Spring-Core\Spring-Core-Hibernate-fruit\src\main\resources
2025-08-05 14:40:46,861 [Worker-45: Building] INFO  o.a.m.s.f.DefaultMavenResourcesFiltering - skip non existing resourceDirectory C:\Users\BETU\Desktop\coading\Spring-Core\Spring-Core-Hibernate-fruit\src\test\resources
2025-08-05 14:41:25,816 [Worker-51: Building] INFO  o.a.m.s.f.DefaultMavenResourcesFiltering - skip non existing resourceDirectory C:\Users\BETU\Desktop\coading\Spring-Core\Spring-Core-Hibernate-fruit\src\main\resources
2025-08-05 14:41:25,818 [Worker-51: Building] INFO  o.a.m.s.f.DefaultMavenResourcesFiltering - skip non existing resourceDirectory C:\Users\BETU\Desktop\coading\Spring-Core\Spring-Core-Hibernate-fruit\src\test\resources
2025-08-05 14:42:23,730 [Worker-50: Building] INFO  o.a.m.s.f.DefaultMavenResourcesFiltering - skip non existing resourceDirectory C:\Users\BETU\Desktop\coading\Spring-Core\Spring-Core-Hibernate-fruit\src\main\resources
2025-08-05 14:42:23,731 [Worker-50: Building] INFO  o.a.m.s.f.DefaultMavenResourcesFiltering - skip non existing resourceDirectory C:\Users\BETU\Desktop\coading\Spring-Core\Spring-Core-Hibernate-fruit\src\test\resources
2025-08-05 14:42:44,040 [Worker-55: Building] INFO  o.a.m.s.f.DefaultMavenResourcesFiltering - skip non existing resourceDirectory C:\Users\BETU\Desktop\coading\Spring-Core\Spring-Core-Hibernate-fruit\src\main\resources
2025-08-05 14:42:44,043 [Worker-55: Building] INFO  o.a.m.s.f.DefaultMavenResourcesFiltering - skip non existing resourceDirectory C:\Users\BETU\Desktop\coading\Spring-Core\Spring-Core-Hibernate-fruit\src\test\resources
2025-08-05 14:46:15,599 [Worker-48: Building] INFO  o.a.m.s.f.DefaultMavenResourcesFiltering - skip non existing resourceDirectory C:\Users\BETU\Desktop\coading\Spring-Core\Spring-Core-Hibernate-fruit\src\main\resources
2025-08-05 14:46:15,601 [Worker-48: Building] INFO  o.a.m.s.f.DefaultMavenResourcesFiltering - skip non existing resourceDirectory C:\Users\BETU\Desktop\coading\Spring-Core\Spring-Core-Hibernate-fruit\src\test\resources
2025-08-05 15:19:36,974 [Worker-50: Building] INFO  o.a.m.s.f.DefaultMavenResourcesFiltering - skip non existing resourceDirectory C:\Users\BETU\Desktop\coading\Spring-Core\Spring-Core-HibernateEmployee\src\main\resources
2025-08-05 15:19:36,976 [Worker-50: Building] INFO  o.a.m.s.f.DefaultMavenResourcesFiltering - skip non existing resourceDirectory C:\Users\BETU\Desktop\coading\Spring-Core\Spring-Core-HibernateEmployee\src\test\resources
2025-08-05 15:21:18,200 [Worker-62: Building] INFO  o.a.m.s.f.DefaultMavenResourcesFiltering - skip non existing resourceDirectory C:\Users\BETU\Desktop\coading\Spring-Core\Spring-Core-HibernateEmployee\src\main\resources
2025-08-05 15:21:18,203 [Worker-62: Building] INFO  o.a.m.s.f.DefaultMavenResourcesFiltering - skip non existing resourceDirectory C:\Users\BETU\Desktop\coading\Spring-Core\Spring-Core-HibernateEmployee\src\test\resources
2025-08-05 15:21:27,819 [Worker-56: Building] INFO  o.a.m.s.f.DefaultMavenResourcesFiltering - skip non existing resourceDirectory C:\Users\BETU\Desktop\coading\Spring-Core\Spring-Core-HibernateEmployee\src\main\resources
2025-08-05 15:21:27,821 [Worker-56: Building] INFO  o.a.m.s.f.DefaultMavenResourcesFiltering - skip non existing resourceDirectory C:\Users\BETU\Desktop\coading\Spring-Core\Spring-Core-HibernateEmployee\src\test\resources
2025-08-05 15:22:13,006 [Worker-56: Building] INFO  o.a.m.s.f.DefaultMavenResourcesFiltering - skip non existing resourceDirectory C:\Users\BETU\Desktop\coading\Spring-Core\Spring-Core-HibernateEmployee\src\main\resources
2025-08-05 15:22:13,007 [Worker-56: Building] INFO  o.a.m.s.f.DefaultMavenResourcesFiltering - skip non existing resourceDirectory C:\Users\BETU\Desktop\coading\Spring-Core\Spring-Core-HibernateEmployee\src\test\resources
2025-08-05 15:22:36,570 [Worker-50: Building] INFO  o.a.m.s.f.DefaultMavenResourcesFiltering - skip non existing resourceDirectory C:\Users\BETU\Desktop\coading\Spring-Core\Spring-Core-HibernateEmployee\src\main\resources
2025-08-05 15:22:36,571 [Worker-50: Building] INFO  o.a.m.s.f.DefaultMavenResourcesFiltering - skip non existing resourceDirectory C:\Users\BETU\Desktop\coading\Spring-Core\Spring-Core-HibernateEmployee\src\test\resources
2025-08-05 15:27:19,261 [Worker-62: Building] INFO  o.a.m.s.f.DefaultMavenResourcesFiltering - skip non existing resourceDirectory C:\Users\BETU\Desktop\coading\Spring-Core\Spring-Core-HibernateEmployee\src\main\resources
2025-08-05 15:27:19,263 [Worker-62: Building] INFO  o.a.m.s.f.DefaultMavenResourcesFiltering - skip non existing resourceDirectory C:\Users\BETU\Desktop\coading\Spring-Core\Spring-Core-HibernateEmployee\src\test\resources
2025-08-05 15:28:57,026 [Worker-56: Building] INFO  o.a.m.s.f.DefaultMavenResourcesFiltering - skip non existing resourceDirectory C:\Users\BETU\Desktop\coading\Spring-Core\Spring-Core-HibernateEmployee\src\main\resources
2025-08-05 15:28:57,030 [Worker-56: Building] INFO  o.a.m.s.f.DefaultMavenResourcesFiltering - skip non existing resourceDirectory C:\Users\BETU\Desktop\coading\Spring-Core\Spring-Core-HibernateEmployee\src\test\resources
2025-08-05 15:29:08,807 [Worker-60: Building] INFO  o.a.m.s.f.DefaultMavenResourcesFiltering - skip non existing resourceDirectory C:\Users\BETU\Desktop\coading\Spring-Core\Spring-Core-HibernateEmployee\src\main\resources
2025-08-05 15:29:08,808 [Worker-60: Building] INFO  o.a.m.s.f.DefaultMavenResourcesFiltering - skip non existing resourceDirectory C:\Users\BETU\Desktop\coading\Spring-Core\Spring-Core-HibernateEmployee\src\test\resources
2025-08-05 15:41:28,031 [Worker-63: Building] INFO  o.a.m.s.f.DefaultMavenResourcesFiltering - skip non existing resourceDirectory C:\Users\BETU\Desktop\coading\Spring-Core\Spring-Core-Hibernate-fruit\src\main\resources
2025-08-05 15:41:28,032 [Worker-63: Building] INFO  o.a.m.s.f.DefaultMavenResourcesFiltering - skip non existing resourceDirectory C:\Users\BETU\Desktop\coading\Spring-Core\Spring-Core-Hibernate-fruit\src\test\resources
2025-08-05 15:41:57,870 [Worker-50: Building] INFO  o.a.m.s.f.DefaultMavenResourcesFiltering - skip non existing resourceDirectory C:\Users\BETU\Desktop\coading\Spring-Core\Spring-Core-Hibernate-fruit\src\main\resources
2025-08-05 15:41:57,872 [Worker-50: Building] INFO  o.a.m.s.f.DefaultMavenResourcesFiltering - skip non existing resourceDirectory C:\Users\BETU\Desktop\coading\Spring-Core\Spring-Core-Hibernate-fruit\src\test\resources
2025-08-05 15:42:40,582 [Worker-62: Building] INFO  o.a.m.s.f.DefaultMavenResourcesFiltering - skip non existing resourceDirectory C:\Users\BETU\Desktop\coading\Spring-Core\Spring-Core-Hibernate-fruit\src\main\resources
2025-08-05 15:42:40,583 [Worker-62: Building] INFO  o.a.m.s.f.DefaultMavenResourcesFiltering - skip non existing resourceDirectory C:\Users\BETU\Desktop\coading\Spring-Core\Spring-Core-Hibernate-fruit\src\test\resources
2025-08-05 15:42:50,385 [Worker-64: Building] INFO  o.a.m.s.f.DefaultMavenResourcesFiltering - skip non existing resourceDirectory C:\Users\BETU\Desktop\coading\Spring-Core\Spring-Core-Hibernate-fruit\src\main\resources
2025-08-05 15:42:50,387 [Worker-64: Building] INFO  o.a.m.s.f.DefaultMavenResourcesFiltering - skip non existing resourceDirectory C:\Users\BETU\Desktop\coading\Spring-Core\Spring-Core-Hibernate-fruit\src\test\resources
2025-08-05 15:44:03,888 [Worker-63: Building] INFO  o.a.m.s.f.DefaultMavenResourcesFiltering - skip non existing resourceDirectory C:\Users\BETU\Desktop\coading\Spring-Core\Spring-Core-Hibernate-fruit\src\main\resources
2025-08-05 15:44:03,890 [Worker-63: Building] INFO  o.a.m.s.f.DefaultMavenResourcesFiltering - skip non existing resourceDirectory C:\Users\BETU\Desktop\coading\Spring-Core\Spring-Core-Hibernate-fruit\src\test\resources
2025-08-05 15:44:41,063 [Worker-50: Building] INFO  o.a.m.s.f.DefaultMavenResourcesFiltering - skip non existing resourceDirectory C:\Users\BETU\Desktop\coading\Spring-Core\Spring-Core-Hibernate-fruit\src\main\resources
2025-08-05 15:44:41,065 [Worker-50: Building] INFO  o.a.m.s.f.DefaultMavenResourcesFiltering - skip non existing resourceDirectory C:\Users\BETU\Desktop\coading\Spring-Core\Spring-Core-Hibernate-fruit\src\test\resources
2025-08-05 15:46:05,516 [Worker-50: Building] INFO  o.a.m.s.f.DefaultMavenResourcesFiltering - skip non existing resourceDirectory C:\Users\BETU\Desktop\coading\Spring-Core\Spring-Core-Hibernate-fruit\src\main\resources
2025-08-05 15:46:05,517 [Worker-50: Building] INFO  o.a.m.s.f.DefaultMavenResourcesFiltering - skip non existing resourceDirectory C:\Users\BETU\Desktop\coading\Spring-Core\Spring-Core-Hibernate-fruit\src\test\resources
2025-08-05 15:46:10,296 [Worker-60: Building] INFO  o.a.m.s.f.DefaultMavenResourcesFiltering - skip non existing resourceDirectory C:\Users\BETU\Desktop\coading\Spring-Core\Spring-Core-Hibernate-fruit\src\main\resources
2025-08-05 15:46:10,301 [Worker-60: Building] INFO  o.a.m.s.f.DefaultMavenResourcesFiltering - skip non existing resourceDirectory C:\Users\BETU\Desktop\coading\Spring-Core\Spring-Core-Hibernate-fruit\src\test\resources
2025-08-05 15:46:50,732 [Worker-63: Building] INFO  o.a.m.s.f.DefaultMavenResourcesFiltering - skip non existing resourceDirectory C:\Users\BETU\Desktop\coading\Spring-Core\Spring-Core-Hibernate-fruit\src\main\resources
2025-08-05 15:46:50,733 [Worker-63: Building] INFO  o.a.m.s.f.DefaultMavenResourcesFiltering - skip non existing resourceDirectory C:\Users\BETU\Desktop\coading\Spring-Core\Spring-Core-Hibernate-fruit\src\test\resources
2025-08-05 15:47:50,757 [Worker-63: Building] INFO  o.a.m.s.f.DefaultMavenResourcesFiltering - skip non existing resourceDirectory C:\Users\BETU\Desktop\coading\Spring-Core\Spring-Core-Hibernate-fruit\src\main\resources
2025-08-05 15:47:50,758 [Worker-63: Building] INFO  o.a.m.s.f.DefaultMavenResourcesFiltering - skip non existing resourceDirectory C:\Users\BETU\Desktop\coading\Spring-Core\Spring-Core-Hibernate-fruit\src\test\resources
2025-08-05 15:49:22,884 [Worker-60: Building] INFO  o.a.m.s.f.DefaultMavenResourcesFiltering - skip non existing resourceDirectory C:\Users\BETU\Desktop\coading\Spring-Core\Spring-Core-Hibernate-fruit\src\main\resources
2025-08-05 15:49:22,886 [Worker-60: Building] INFO  o.a.m.s.f.DefaultMavenResourcesFiltering - skip non existing resourceDirectory C:\Users\BETU\Desktop\coading\Spring-Core\Spring-Core-Hibernate-fruit\src\test\resources
2025-08-05 15:51:09,179 [Worker-50: Building] INFO  o.a.m.s.f.DefaultMavenResourcesFiltering - skip non existing resourceDirectory C:\Users\BETU\Desktop\coading\Spring-Core\Spring-Core-Hibernate-fruit\src\main\resources
2025-08-05 15:51:09,183 [Worker-50: Building] INFO  o.a.m.s.f.DefaultMavenResourcesFiltering - skip non existing resourceDirectory C:\Users\BETU\Desktop\coading\Spring-Core\Spring-Core-Hibernate-fruit\src\test\resources
2025-08-05 15:54:24,134 [Worker-63: Building] INFO  o.a.m.s.f.DefaultMavenResourcesFiltering - skip non existing resourceDirectory C:\Users\BETU\Desktop\coading\Spring-Core\Spring-Core-Hibernate-fruit\src\main\resources
2025-08-05 15:54:24,136 [Worker-63: Building] INFO  o.a.m.s.f.DefaultMavenResourcesFiltering - skip non existing resourceDirectory C:\Users\BETU\Desktop\coading\Spring-Core\Spring-Core-Hibernate-fruit\src\test\resources
2025-08-05 15:56:27,336 [Worker-66: Building] INFO  o.a.m.s.f.DefaultMavenResourcesFiltering - skip non existing resourceDirectory C:\Users\BETU\Desktop\coading\Spring-Core\Spring-Core-Hibernate-fruit\src\main\resources
2025-08-05 15:56:27,337 [Worker-66: Building] INFO  o.a.m.s.f.DefaultMavenResourcesFiltering - skip non existing resourceDirectory C:\Users\BETU\Desktop\coading\Spring-Core\Spring-Core-Hibernate-fruit\src\test\resources
2025-08-05 15:56:50,474 [Worker-65: Building] INFO  o.a.m.s.f.DefaultMavenResourcesFiltering - skip non existing resourceDirectory C:\Users\BETU\Desktop\coading\Spring-Core\Spring-Core-Hibernate-fruit\src\main\resources
2025-08-05 15:56:50,475 [Worker-65: Building] INFO  o.a.m.s.f.DefaultMavenResourcesFiltering - skip non existing resourceDirectory C:\Users\BETU\Desktop\coading\Spring-Core\Spring-Core-Hibernate-fruit\src\test\resources
2025-08-05 15:56:56,650 [Worker-65: Building] INFO  o.a.m.s.f.DefaultMavenResourcesFiltering - skip non existing resourceDirectory C:\Users\BETU\Desktop\coading\Spring-Core\Spring-Core-Hibernate-fruit\src\main\resources
2025-08-05 15:56:56,651 [Worker-65: Building] INFO  o.a.m.s.f.DefaultMavenResourcesFiltering - skip non existing resourceDirectory C:\Users\BETU\Desktop\coading\Spring-Core\Spring-Core-Hibernate-fruit\src\test\resources
2025-08-05 18:52:24,426 [Worker-66: Launching mavenrun-94fa3824-ad6b-4d02-81c3-883b59465da2] INFO  o.eclipse.m2e.core.internal.Bundles - getClasspathEntries(Bundle=org.eclipse.m2e.maven.runtime_3.9.900.20240824-1409 [638])
2025-08-05 18:52:24,431 [Worker-66: Launching mavenrun-94fa3824-ad6b-4d02-81c3-883b59465da2] INFO  o.eclipse.m2e.core.internal.Bundles - 	Entry: C:\Users\BETU\.p2\pool\plugins\org.eclipse.m2e.maven.runtime_3.9.900.20240824-1409
2025-08-05 18:52:24,432 [Worker-66: Launching mavenrun-94fa3824-ad6b-4d02-81c3-883b59465da2] INFO  o.eclipse.m2e.core.internal.Bundles - 	Entry: C:\Users\BETU\.p2\pool\plugins\org.eclipse.m2e.maven.runtime_3.9.900.20240824-1409\jars\aopalliance-1.0.jar
2025-08-05 18:52:24,432 [Worker-66: Launching mavenrun-94fa3824-ad6b-4d02-81c3-883b59465da2] INFO  o.eclipse.m2e.core.internal.Bundles - 	Entry: C:\Users\BETU\.p2\pool\plugins\org.eclipse.m2e.maven.runtime_3.9.900.20240824-1409\jars\guice-5.1.0.jar
2025-08-05 18:52:24,433 [Worker-66: Launching mavenrun-94fa3824-ad6b-4d02-81c3-883b59465da2] INFO  o.eclipse.m2e.core.internal.Bundles - 	Entry: C:\Users\BETU\.p2\pool\plugins\org.eclipse.m2e.maven.runtime_3.9.900.20240824-1409\jars\httpclient-4.5.14.jar
2025-08-05 18:52:24,434 [Worker-66: Launching mavenrun-94fa3824-ad6b-4d02-81c3-883b59465da2] INFO  o.eclipse.m2e.core.internal.Bundles - 	Entry: C:\Users\BETU\.p2\pool\plugins\org.eclipse.m2e.maven.runtime_3.9.900.20240824-1409\jars\httpcore-4.4.16.jar
2025-08-05 18:52:24,435 [Worker-66: Launching mavenrun-94fa3824-ad6b-4d02-81c3-883b59465da2] INFO  o.eclipse.m2e.core.internal.Bundles - 	Entry: C:\Users\BETU\.p2\pool\plugins\org.eclipse.m2e.maven.runtime_3.9.900.20240824-1409\jars\jansi-2.4.1.jar
2025-08-05 18:52:24,435 [Worker-66: Launching mavenrun-94fa3824-ad6b-4d02-81c3-883b59465da2] INFO  o.eclipse.m2e.core.internal.Bundles - 	Entry: C:\Users\BETU\.p2\pool\plugins\org.eclipse.m2e.maven.runtime_3.9.900.20240824-1409\jars\jcl-over-slf4j-1.7.36.jar
2025-08-05 18:52:24,436 [Worker-66: Launching mavenrun-94fa3824-ad6b-4d02-81c3-883b59465da2] INFO  o.eclipse.m2e.core.internal.Bundles - 	Entry: C:\Users\BETU\.p2\pool\plugins\org.eclipse.m2e.maven.runtime_3.9.900.20240824-1409\jars\maven-artifact-3.9.9.jar
2025-08-05 18:52:24,437 [Worker-66: Launching mavenrun-94fa3824-ad6b-4d02-81c3-883b59465da2] INFO  o.eclipse.m2e.core.internal.Bundles - 	Entry: C:\Users\BETU\.p2\pool\plugins\org.eclipse.m2e.maven.runtime_3.9.900.20240824-1409\jars\maven-builder-support-3.9.9.jar
2025-08-05 18:52:24,437 [Worker-66: Launching mavenrun-94fa3824-ad6b-4d02-81c3-883b59465da2] INFO  o.eclipse.m2e.core.internal.Bundles - 	Entry: C:\Users\BETU\.p2\pool\plugins\org.eclipse.m2e.maven.runtime_3.9.900.20240824-1409\jars\maven-compat-3.9.9.jar
2025-08-05 18:52:24,438 [Worker-66: Launching mavenrun-94fa3824-ad6b-4d02-81c3-883b59465da2] INFO  o.eclipse.m2e.core.internal.Bundles - 	Entry: C:\Users\BETU\.p2\pool\plugins\org.eclipse.m2e.maven.runtime_3.9.900.20240824-1409\jars\maven-core-3.9.9.jar
2025-08-05 18:52:24,438 [Worker-66: Launching mavenrun-94fa3824-ad6b-4d02-81c3-883b59465da2] INFO  o.eclipse.m2e.core.internal.Bundles - 	Entry: C:\Users\BETU\.p2\pool\plugins\org.eclipse.m2e.maven.runtime_3.9.900.20240824-1409\jars\maven-embedder-3.9.9.jar
2025-08-05 18:52:24,439 [Worker-66: Launching mavenrun-94fa3824-ad6b-4d02-81c3-883b59465da2] INFO  o.eclipse.m2e.core.internal.Bundles - 	Entry: C:\Users\BETU\.p2\pool\plugins\org.eclipse.m2e.maven.runtime_3.9.900.20240824-1409\jars\maven-model-3.9.9.jar
2025-08-05 18:52:24,439 [Worker-66: Launching mavenrun-94fa3824-ad6b-4d02-81c3-883b59465da2] INFO  o.eclipse.m2e.core.internal.Bundles - 	Entry: C:\Users\BETU\.p2\pool\plugins\org.eclipse.m2e.maven.runtime_3.9.900.20240824-1409\jars\maven-model-builder-3.9.9.jar
2025-08-05 18:52:24,439 [Worker-66: Launching mavenrun-94fa3824-ad6b-4d02-81c3-883b59465da2] INFO  o.eclipse.m2e.core.internal.Bundles - 	Entry: C:\Users\BETU\.p2\pool\plugins\org.eclipse.m2e.maven.runtime_3.9.900.20240824-1409\jars\maven-plugin-api-3.9.9.jar
2025-08-05 18:52:24,440 [Worker-66: Launching mavenrun-94fa3824-ad6b-4d02-81c3-883b59465da2] INFO  o.eclipse.m2e.core.internal.Bundles - 	Entry: C:\Users\BETU\.p2\pool\plugins\org.eclipse.m2e.maven.runtime_3.9.900.20240824-1409\jars\maven-repository-metadata-3.9.9.jar
2025-08-05 18:52:24,440 [Worker-66: Launching mavenrun-94fa3824-ad6b-4d02-81c3-883b59465da2] INFO  o.eclipse.m2e.core.internal.Bundles - 	Entry: C:\Users\BETU\.p2\pool\plugins\org.eclipse.m2e.maven.runtime_3.9.900.20240824-1409\jars\maven-resolver-api-1.9.22.jar
2025-08-05 18:52:24,440 [Worker-66: Launching mavenrun-94fa3824-ad6b-4d02-81c3-883b59465da2] INFO  o.eclipse.m2e.core.internal.Bundles - 	Entry: C:\Users\BETU\.p2\pool\plugins\org.eclipse.m2e.maven.runtime_3.9.900.20240824-1409\jars\maven-resolver-connector-basic-1.9.22.jar
2025-08-05 18:52:24,440 [Worker-66: Launching mavenrun-94fa3824-ad6b-4d02-81c3-883b59465da2] INFO  o.eclipse.m2e.core.internal.Bundles - 	Entry: C:\Users\BETU\.p2\pool\plugins\org.eclipse.m2e.maven.runtime_3.9.900.20240824-1409\jars\maven-resolver-impl-1.9.22.jar
2025-08-05 18:52:24,440 [Worker-66: Launching mavenrun-94fa3824-ad6b-4d02-81c3-883b59465da2] INFO  o.eclipse.m2e.core.internal.Bundles - 	Entry: C:\Users\BETU\.p2\pool\plugins\org.eclipse.m2e.maven.runtime_3.9.900.20240824-1409\jars\maven-resolver-named-locks-1.9.22.jar
2025-08-05 18:52:24,440 [Worker-66: Launching mavenrun-94fa3824-ad6b-4d02-81c3-883b59465da2] INFO  o.eclipse.m2e.core.internal.Bundles - 	Entry: C:\Users\BETU\.p2\pool\plugins\org.eclipse.m2e.maven.runtime_3.9.900.20240824-1409\jars\maven-resolver-provider-3.9.9.jar
2025-08-05 18:52:24,441 [Worker-66: Launching mavenrun-94fa3824-ad6b-4d02-81c3-883b59465da2] INFO  o.eclipse.m2e.core.internal.Bundles - 	Entry: C:\Users\BETU\.p2\pool\plugins\org.eclipse.m2e.maven.runtime_3.9.900.20240824-1409\jars\maven-resolver-spi-1.9.22.jar
2025-08-05 18:52:24,441 [Worker-66: Launching mavenrun-94fa3824-ad6b-4d02-81c3-883b59465da2] INFO  o.eclipse.m2e.core.internal.Bundles - 	Entry: C:\Users\BETU\.p2\pool\plugins\org.eclipse.m2e.maven.runtime_3.9.900.20240824-1409\jars\maven-resolver-transport-file-1.9.22.jar
2025-08-05 18:52:24,441 [Worker-66: Launching mavenrun-94fa3824-ad6b-4d02-81c3-883b59465da2] INFO  o.eclipse.m2e.core.internal.Bundles - 	Entry: C:\Users\BETU\.p2\pool\plugins\org.eclipse.m2e.maven.runtime_3.9.900.20240824-1409\jars\maven-resolver-transport-http-1.9.22.jar
2025-08-05 18:52:24,442 [Worker-66: Launching mavenrun-94fa3824-ad6b-4d02-81c3-883b59465da2] INFO  o.eclipse.m2e.core.internal.Bundles - 	Entry: C:\Users\BETU\.p2\pool\plugins\org.eclipse.m2e.maven.runtime_3.9.900.20240824-1409\jars\maven-resolver-transport-wagon-1.9.22.jar
2025-08-05 18:52:24,442 [Worker-66: Launching mavenrun-94fa3824-ad6b-4d02-81c3-883b59465da2] INFO  o.eclipse.m2e.core.internal.Bundles - 	Entry: C:\Users\BETU\.p2\pool\plugins\org.eclipse.m2e.maven.runtime_3.9.900.20240824-1409\jars\maven-resolver-util-1.9.22.jar
2025-08-05 18:52:24,442 [Worker-66: Launching mavenrun-94fa3824-ad6b-4d02-81c3-883b59465da2] INFO  o.eclipse.m2e.core.internal.Bundles - 	Entry: C:\Users\BETU\.p2\pool\plugins\org.eclipse.m2e.maven.runtime_3.9.900.20240824-1409\jars\maven-settings-3.9.9.jar
2025-08-05 18:52:24,442 [Worker-66: Launching mavenrun-94fa3824-ad6b-4d02-81c3-883b59465da2] INFO  o.eclipse.m2e.core.internal.Bundles - 	Entry: C:\Users\BETU\.p2\pool\plugins\org.eclipse.m2e.maven.runtime_3.9.900.20240824-1409\jars\maven-settings-builder-3.9.9.jar
2025-08-05 18:52:24,442 [Worker-66: Launching mavenrun-94fa3824-ad6b-4d02-81c3-883b59465da2] INFO  o.eclipse.m2e.core.internal.Bundles - 	Entry: C:\Users\BETU\.p2\pool\plugins\org.eclipse.m2e.maven.runtime_3.9.900.20240824-1409\jars\maven-shared-utils-3.4.2.jar
2025-08-05 18:52:24,442 [Worker-66: Launching mavenrun-94fa3824-ad6b-4d02-81c3-883b59465da2] INFO  o.eclipse.m2e.core.internal.Bundles - 	Entry: C:\Users\BETU\.p2\pool\plugins\org.eclipse.m2e.maven.runtime_3.9.900.20240824-1409\jars\org.eclipse.sisu.inject-0.9.0.M3.jar
2025-08-05 18:52:24,442 [Worker-66: Launching mavenrun-94fa3824-ad6b-4d02-81c3-883b59465da2] INFO  o.eclipse.m2e.core.internal.Bundles - 	Entry: C:\Users\BETU\.p2\pool\plugins\org.eclipse.m2e.maven.runtime_3.9.900.20240824-1409\jars\org.eclipse.sisu.plexus-0.9.0.M3.jar
2025-08-05 18:52:24,443 [Worker-66: Launching mavenrun-94fa3824-ad6b-4d02-81c3-883b59465da2] INFO  o.eclipse.m2e.core.internal.Bundles - 	Entry: C:\Users\BETU\.p2\pool\plugins\org.eclipse.m2e.maven.runtime_3.9.900.20240824-1409\jars\plexus-build-api-0.0.7.jar
2025-08-05 18:52:24,443 [Worker-66: Launching mavenrun-94fa3824-ad6b-4d02-81c3-883b59465da2] INFO  o.eclipse.m2e.core.internal.Bundles - 	Entry: C:\Users\BETU\.p2\pool\plugins\org.eclipse.m2e.maven.runtime_3.9.900.20240824-1409\jars\plexus-build-api-1.2.0.jar
2025-08-05 18:52:24,443 [Worker-66: Launching mavenrun-94fa3824-ad6b-4d02-81c3-883b59465da2] INFO  o.eclipse.m2e.core.internal.Bundles - 	Entry: C:\Users\BETU\.p2\pool\plugins\org.eclipse.m2e.maven.runtime_3.9.900.20240824-1409\jars\plexus-cipher-2.0.jar
2025-08-05 18:52:24,443 [Worker-66: Launching mavenrun-94fa3824-ad6b-4d02-81c3-883b59465da2] INFO  o.eclipse.m2e.core.internal.Bundles - 	Entry: C:\Users\BETU\.p2\pool\plugins\org.eclipse.m2e.maven.runtime_3.9.900.20240824-1409\jars\plexus-classworlds-2.8.0.jar
2025-08-05 18:52:24,443 [Worker-66: Launching mavenrun-94fa3824-ad6b-4d02-81c3-883b59465da2] INFO  o.eclipse.m2e.core.internal.Bundles - 	Entry: C:\Users\BETU\.p2\pool\plugins\org.eclipse.m2e.maven.runtime_3.9.900.20240824-1409\jars\plexus-component-annotations-2.1.0.jar
2025-08-05 18:52:24,443 [Worker-66: Launching mavenrun-94fa3824-ad6b-4d02-81c3-883b59465da2] INFO  o.eclipse.m2e.core.internal.Bundles - 	Entry: C:\Users\BETU\.p2\pool\plugins\org.eclipse.m2e.maven.runtime_3.9.900.20240824-1409\jars\plexus-interpolation-1.27.jar
2025-08-05 18:52:24,443 [Worker-66: Launching mavenrun-94fa3824-ad6b-4d02-81c3-883b59465da2] INFO  o.eclipse.m2e.core.internal.Bundles - 	Entry: C:\Users\BETU\.p2\pool\plugins\org.eclipse.m2e.maven.runtime_3.9.900.20240824-1409\jars\plexus-sec-dispatcher-2.0.jar
2025-08-05 18:52:24,443 [Worker-66: Launching mavenrun-94fa3824-ad6b-4d02-81c3-883b59465da2] INFO  o.eclipse.m2e.core.internal.Bundles - 	Entry: C:\Users\BETU\.p2\pool\plugins\org.eclipse.m2e.maven.runtime_3.9.900.20240824-1409\jars\plexus-utils-3.5.1.jar
2025-08-05 18:52:24,444 [Worker-66: Launching mavenrun-94fa3824-ad6b-4d02-81c3-883b59465da2] INFO  o.eclipse.m2e.core.internal.Bundles - 	Entry: C:\Users\BETU\.p2\pool\plugins\org.eclipse.m2e.maven.runtime_3.9.900.20240824-1409\jars\plexus-xml-3.0.1.jar
2025-08-05 18:52:24,444 [Worker-66: Launching mavenrun-94fa3824-ad6b-4d02-81c3-883b59465da2] INFO  o.eclipse.m2e.core.internal.Bundles - 	Entry: C:\Users\BETU\.p2\pool\plugins\org.eclipse.m2e.maven.runtime_3.9.900.20240824-1409\jars\wagon-file-3.5.3.jar
2025-08-05 18:52:24,444 [Worker-66: Launching mavenrun-94fa3824-ad6b-4d02-81c3-883b59465da2] INFO  o.eclipse.m2e.core.internal.Bundles - 	Entry: C:\Users\BETU\.p2\pool\plugins\org.eclipse.m2e.maven.runtime_3.9.900.20240824-1409\jars\wagon-http-3.5.3.jar
2025-08-05 18:52:24,444 [Worker-66: Launching mavenrun-94fa3824-ad6b-4d02-81c3-883b59465da2] INFO  o.eclipse.m2e.core.internal.Bundles - 	Entry: C:\Users\BETU\.p2\pool\plugins\org.eclipse.m2e.maven.runtime_3.9.900.20240824-1409\jars\wagon-http-shared-3.5.3.jar
2025-08-05 18:52:24,444 [Worker-66: Launching mavenrun-94fa3824-ad6b-4d02-81c3-883b59465da2] INFO  o.eclipse.m2e.core.internal.Bundles - 	Entry: C:\Users\BETU\.p2\pool\plugins\org.eclipse.m2e.maven.runtime_3.9.900.20240824-1409\jars\wagon-provider-api-3.5.3.jar
2025-08-05 18:52:24,446 [Worker-66: Launching mavenrun-94fa3824-ad6b-4d02-81c3-883b59465da2] INFO  o.eclipse.m2e.core.internal.Bundles - getClasspathEntries(Bundle=com.google.guava_33.3.1.jre [16])
2025-08-05 18:52:24,446 [Worker-66: Launching mavenrun-94fa3824-ad6b-4d02-81c3-883b59465da2] INFO  o.eclipse.m2e.core.internal.Bundles - 	Entry: C:\Users\BETU\.p2\pool\plugins\com.google.guava_33.3.1.jre.jar
2025-08-05 18:52:24,446 [Worker-66: Launching mavenrun-94fa3824-ad6b-4d02-81c3-883b59465da2] INFO  o.eclipse.m2e.core.internal.Bundles - getClasspathEntries(Bundle=slf4j.api_2.0.16 [1005])
2025-08-05 18:52:24,447 [Worker-66: Launching mavenrun-94fa3824-ad6b-4d02-81c3-883b59465da2] INFO  o.eclipse.m2e.core.internal.Bundles - 	Entry: C:\Users\BETU\.p2\pool\plugins\slf4j.api_2.0.16.jar
2025-08-05 18:52:24,448 [Worker-66: Launching mavenrun-94fa3824-ad6b-4d02-81c3-883b59465da2] INFO  o.eclipse.m2e.core.internal.Bundles - getClasspathEntries(Bundle=jakarta.inject.jakarta.inject-api_1.0.5 [34])
2025-08-05 18:52:24,448 [Worker-66: Launching mavenrun-94fa3824-ad6b-4d02-81c3-883b59465da2] INFO  o.eclipse.m2e.core.internal.Bundles - 	Entry: C:\Users\BETU\.p2\pool\plugins\jakarta.inject.jakarta.inject-api_1.0.5.jar
2025-08-05 18:52:24,448 [Worker-66: Launching mavenrun-94fa3824-ad6b-4d02-81c3-883b59465da2] INFO  o.eclipse.m2e.core.internal.Bundles - getClasspathEntries(Bundle=jakarta.annotation-api_1.3.5 [29])
2025-08-05 18:52:24,449 [Worker-66: Launching mavenrun-94fa3824-ad6b-4d02-81c3-883b59465da2] INFO  o.eclipse.m2e.core.internal.Bundles - 	Entry: C:\Users\BETU\.p2\pool\plugins\jakarta.annotation-api_1.3.5.jar
2025-08-05 18:52:24,449 [Worker-66: Launching mavenrun-94fa3824-ad6b-4d02-81c3-883b59465da2] INFO  o.eclipse.m2e.core.internal.Bundles - getClasspathEntries(Bundle=org.apache.commons.cli_1.9.0 [75])
2025-08-05 18:52:24,451 [Worker-66: Launching mavenrun-94fa3824-ad6b-4d02-81c3-883b59465da2] INFO  o.eclipse.m2e.core.internal.Bundles - 	Entry: C:\Users\BETU\.p2\pool\plugins\org.apache.commons.cli_1.9.0.jar
2025-08-05 18:52:24,452 [Worker-66: Launching mavenrun-94fa3824-ad6b-4d02-81c3-883b59465da2] INFO  o.eclipse.m2e.core.internal.Bundles - getClasspathEntries(Bundle=org.apache.commons.commons-codec_1.16.0 [78])
2025-08-05 18:52:24,453 [Worker-66: Launching mavenrun-94fa3824-ad6b-4d02-81c3-883b59465da2] INFO  o.eclipse.m2e.core.internal.Bundles - 	Entry: C:\Users\BETU\.p2\pool\plugins\org.apache.commons.commons-codec_1.16.0.jar
2025-08-05 18:52:24,453 [Worker-66: Launching mavenrun-94fa3824-ad6b-4d02-81c3-883b59465da2] INFO  o.eclipse.m2e.core.internal.Bundles - getClasspathEntries(Bundle=com.google.guava.failureaccess_1.0.2 [17])
2025-08-05 18:52:24,454 [Worker-66: Launching mavenrun-94fa3824-ad6b-4d02-81c3-883b59465da2] INFO  o.eclipse.m2e.core.internal.Bundles - 	Entry: C:\Users\BETU\.p2\pool\plugins\com.google.guava.failureaccess_1.0.2.jar
2025-08-05 18:52:24,456 [Worker-66: Launching mavenrun-94fa3824-ad6b-4d02-81c3-883b59465da2] INFO  o.e.m.i.launch.MavenLaunchDelegate - Run build in "C:\Users\BETU\AppData\Local\Temp\m2e-archetypeGenerator17201645949041087822":
2025-08-05 18:52:24,456 [Worker-66: Launching mavenrun-94fa3824-ad6b-4d02-81c3-883b59465da2] INFO  o.e.m.i.launch.MavenLaunchDelegate -  mvn  -DarchetypeGroupId=org.apache.maven.archetypes -DarchetypeArtifactId=maven-archetype-quickstart -DarchetypeVersion=1.1 -DgroupId=com.univ -DartifactId=Hibernate-Project -Dversion=0.0.1-SNAPSHOT -Dpackage=com.univ -DoutputDirectory=C:\Users\BETU\Desktop\coading\Spring-Core -Dstyle.color=always -U archetype:generate
2025-08-05 18:52:58,514 [Worker-68: Creating maven-archetype-quickstart] INFO  o.e.m.c.i.p.ProjectConfigurationManager - Collecting project info '/pom.xml' C:\Users\BETU\Desktop\coading\Spring-Core\Hibernate-Project\pom.xml
2025-08-05 18:52:58,663 [Worker-68: Creating maven-archetype-quickstart] INFO  o.e.m.c.i.l.LifecycleMappingFactory - Using org.eclipse.m2e.jdt.JarLifecycleMapping lifecycle mapping for MavenProject: com.univ:Hibernate-Project:0.0.1-SNAPSHOT @ C:\Users\BETU\Desktop\coading\Spring-Core\Hibernate-Project\pom.xml.
2025-08-05 18:52:59,755 [Worker-68: Creating maven-archetype-quickstart] INFO  o.e.m.j.i.AbstractJavaProjectConfigurator - Adding source folder /Hibernate-Project/src/main/java
2025-08-05 18:52:59,757 [Worker-68: Creating maven-archetype-quickstart] INFO  o.e.m.j.i.AbstractJavaProjectConfigurator - Adding resource folder /Hibernate-Project/src/main/resources
2025-08-05 18:52:59,762 [Worker-68: Creating maven-archetype-quickstart] INFO  o.e.m.j.i.AbstractJavaProjectConfigurator - Adding source folder /Hibernate-Project/src/test/java
2025-08-05 18:52:59,763 [Worker-68: Creating maven-archetype-quickstart] INFO  o.e.m.j.i.AbstractJavaProjectConfigurator - Adding resource folder /Hibernate-Project/src/test/resources
2025-08-05 18:52:59,813 [Worker-68: Creating maven-archetype-quickstart] INFO  o.e.m.c.i.p.ProjectConfigurationManager - Imported and configured 1 project(s) in 1 sec
2025-08-05 18:53:00,148 [Worker-72: Building] INFO  o.a.m.s.f.DefaultMavenResourcesFiltering - skip non existing resourceDirectory C:\Users\BETU\Desktop\coading\Spring-Core\Hibernate-Project\src\main\resources
2025-08-05 18:53:00,153 [Worker-72: Building] INFO  o.a.m.s.f.DefaultMavenResourcesFiltering - skip non existing resourceDirectory C:\Users\BETU\Desktop\coading\Spring-Core\Hibernate-Project\src\test\resources
2025-08-05 21:09:24,287 [Worker-73: Building] INFO  o.e.m.c.i.l.LifecycleMappingFactory - Using org.eclipse.m2e.jdt.JarLifecycleMapping lifecycle mapping for MavenProject: com.univ:Hibernate-Project:0.0.1-SNAPSHOT @ C:\Users\BETU\Desktop\coading\Spring-Core\Hibernate-Project\pom.xml.
2025-08-05 21:09:24,357 [Worker-73: Building] INFO  o.a.m.s.f.DefaultMavenResourcesFiltering - skip non existing resourceDirectory C:\Users\BETU\Desktop\coading\Spring-Core\Hibernate-Project\src\main\resources
2025-08-05 21:09:24,361 [Worker-73: Building] INFO  o.a.m.s.f.DefaultMavenResourcesFiltering - skip non existing resourceDirectory C:\Users\BETU\Desktop\coading\Spring-Core\Hibernate-Project\src\test\resources
2025-08-05 21:09:28,328 [Stop Help Server] INFO  org.eclipse.jetty.server.Server - Stopped oejs.Server@615d8ff{STOPPING}[12.0.15,sto=0]
2025-08-05 21:09:28,371 [Stop Help Server] INFO  o.e.jetty.server.AbstractConnector - Stopped ServerConnector@12e09df6{HTTP/1.1, (http/1.1)}{127.0.0.1:0}
2025-08-06 12:07:23,605 [Worker-7: Loading available Gradle versions] INFO  o.e.b.c.i.u.g.PublishedGradleVersions - Gradle version information cache is up-to-date. Trying to read.
2025-08-06 12:12:10,784 [Worker-1: reload maven project] WARN  o.e.m.c.i.embedder.EclipseLogger - The artifact mysql:mysql-connector-java:jar:8.0.32 has been relocated to com.mysql:mysql-connector-j:jar:8.0.32: MySQL Connector/J artifacts moved to reverse-DNS compliant Maven 2+ coordinates.
2025-08-06 12:12:29,819 [Worker-26: Building] INFO  o.e.m.c.i.l.LifecycleMappingFactory - Using org.eclipse.m2e.jdt.JarLifecycleMapping lifecycle mapping for MavenProject: com.univ:Hibernate-Project:0.0.1-SNAPSHOT @ C:\Users\BETU\Desktop\coading\Spring-Core\Hibernate-Project\pom.xml.
2025-08-06 12:12:29,980 [Worker-26: Building] WARN  o.e.m.c.i.embedder.EclipseLogger - The artifact mysql:mysql-connector-java:jar:8.0.32 has been relocated to com.mysql:mysql-connector-j:jar:8.0.32: MySQL Connector/J artifacts moved to reverse-DNS compliant Maven 2+ coordinates.
2025-08-06 12:12:32,411 [Worker-26: Building] INFO  o.a.m.s.f.DefaultMavenResourcesFiltering - skip non existing resourceDirectory C:\Users\BETU\Desktop\coading\Spring-Core\Hibernate-Project\src\main\resources
2025-08-06 12:12:32,414 [Worker-26: Building] INFO  o.a.m.s.f.DefaultMavenResourcesFiltering - skip non existing resourceDirectory C:\Users\BETU\Desktop\coading\Spring-Core\Hibernate-Project\src\test\resources
2025-08-06 12:16:11,488 [Worker-28: Building] INFO  o.a.m.s.f.DefaultMavenResourcesFiltering - skip non existing resourceDirectory C:\Users\BETU\Desktop\coading\Spring-Core\Hibernate-Project\src\main\resources
2025-08-06 12:16:11,495 [Worker-28: Building] INFO  o.a.m.s.f.DefaultMavenResourcesFiltering - skip non existing resourceDirectory C:\Users\BETU\Desktop\coading\Spring-Core\Hibernate-Project\src\test\resources
2025-08-06 12:20:09,073 [Worker-29: Building] INFO  o.a.m.s.f.DefaultMavenResourcesFiltering - skip non existing resourceDirectory C:\Users\BETU\Desktop\coading\Spring-Core\Hibernate-Project\src\main\resources
2025-08-06 12:20:09,078 [Worker-29: Building] INFO  o.a.m.s.f.DefaultMavenResourcesFiltering - skip non existing resourceDirectory C:\Users\BETU\Desktop\coading\Spring-Core\Hibernate-Project\src\test\resources
2025-08-06 12:20:22,536 [Worker-29: Building] INFO  o.a.m.s.f.DefaultMavenResourcesFiltering - skip non existing resourceDirectory C:\Users\BETU\Desktop\coading\Spring-Core\Hibernate-Project\src\main\resources
2025-08-06 12:20:22,542 [Worker-29: Building] INFO  o.a.m.s.f.DefaultMavenResourcesFiltering - skip non existing resourceDirectory C:\Users\BETU\Desktop\coading\Spring-Core\Hibernate-Project\src\test\resources
2025-08-06 12:42:50,715 [Start Help Server] INFO  org.eclipse.jetty.server.Server - jetty-12.0.15; built: 2024-11-05T19:44:57.623Z; git: 8281ae9740d4b4225e8166cc476bad237c70213a; jvm 23.0.2+7-58
2025-08-06 12:42:50,784 [Start Help Server] INFO  o.e.j.server.handler.ContextHandler - Started oeje8n.ContextHandler$CoreContextHandler@cabd7c{/help,/help,b=null,a=AVAILABLE,h=oeje8n.ContextHandler$CoreContextHandler$CoreToNestedHandler@41bd0cf8{STARTED}}
2025-08-06 12:42:50,785 [Start Help Server] INFO  o.e.j.s.DefaultSessionIdManager - Session workerName=node0
2025-08-06 12:42:50,846 [Start Help Server] INFO  o.e.jetty.server.AbstractConnector - Started ServerConnector@4dff156a{HTTP/1.1, (http/1.1)}{127.0.0.1:63748}
2025-08-06 12:42:50,866 [Start Help Server] INFO  org.eclipse.jetty.server.Server - Started oejs.Server@b5475a9{STARTING}[12.0.15,sto=0] @2206026ms
2025-08-06 13:04:14,353 [Worker-41: Building] INFO  o.a.m.s.f.DefaultMavenResourcesFiltering - skip non existing resourceDirectory C:\Users\BETU\Desktop\coading\Spring-Core\Hibernate-Project\src\main\resources
2025-08-06 13:04:14,356 [Worker-41: Building] INFO  o.a.m.s.f.DefaultMavenResourcesFiltering - skip non existing resourceDirectory C:\Users\BETU\Desktop\coading\Spring-Core\Hibernate-Project\src\test\resources
2025-08-06 13:05:14,322 [Worker-45: Building] INFO  o.a.m.s.f.DefaultMavenResourcesFiltering - skip non existing resourceDirectory C:\Users\BETU\Desktop\coading\Spring-Core\Hibernate-Project\src\main\resources
2025-08-06 13:05:14,323 [Worker-45: Building] INFO  o.a.m.s.f.DefaultMavenResourcesFiltering - skip non existing resourceDirectory C:\Users\BETU\Desktop\coading\Spring-Core\Hibernate-Project\src\test\resources
2025-08-06 13:05:39,437 [Worker-46: Building] INFO  o.a.m.s.f.DefaultMavenResourcesFiltering - skip non existing resourceDirectory C:\Users\BETU\Desktop\coading\Spring-Core\Hibernate-Project\src\main\resources
2025-08-06 13:05:39,440 [Worker-46: Building] INFO  o.a.m.s.f.DefaultMavenResourcesFiltering - skip non existing resourceDirectory C:\Users\BETU\Desktop\coading\Spring-Core\Hibernate-Project\src\test\resources
2025-08-06 13:07:01,015 [Worker-41: Building] INFO  o.a.m.s.f.DefaultMavenResourcesFiltering - skip non existing resourceDirectory C:\Users\BETU\Desktop\coading\Spring-Core\Hibernate-Project\src\main\resources
2025-08-06 13:07:01,017 [Worker-41: Building] INFO  o.a.m.s.f.DefaultMavenResourcesFiltering - skip non existing resourceDirectory C:\Users\BETU\Desktop\coading\Spring-Core\Hibernate-Project\src\test\resources
2025-08-06 13:07:41,550 [Worker-47: Building] INFO  o.a.m.s.f.DefaultMavenResourcesFiltering - skip non existing resourceDirectory C:\Users\BETU\Desktop\coading\Spring-Core\Hibernate-Project\src\main\resources
2025-08-06 13:07:41,553 [Worker-47: Building] INFO  o.a.m.s.f.DefaultMavenResourcesFiltering - skip non existing resourceDirectory C:\Users\BETU\Desktop\coading\Spring-Core\Hibernate-Project\src\test\resources
2025-08-06 13:11:43,540 [Worker-40: Building] INFO  o.a.m.s.f.DefaultMavenResourcesFiltering - skip non existing resourceDirectory C:\Users\BETU\Desktop\coading\Spring-Core\Hibernate-Project\src\main\resources
2025-08-06 13:11:43,543 [Worker-40: Building] INFO  o.a.m.s.f.DefaultMavenResourcesFiltering - skip non existing resourceDirectory C:\Users\BETU\Desktop\coading\Spring-Core\Hibernate-Project\src\test\resources
2025-08-06 13:20:52,836 [Worker-44: Building] INFO  o.a.m.s.f.DefaultMavenResourcesFiltering - skip non existing resourceDirectory C:\Users\BETU\Desktop\coading\Spring-Core\Hibernate-Project\src\main\resources
2025-08-06 13:20:52,839 [Worker-44: Building] INFO  o.a.m.s.f.DefaultMavenResourcesFiltering - skip non existing resourceDirectory C:\Users\BETU\Desktop\coading\Spring-Core\Hibernate-Project\src\test\resources
2025-08-06 13:23:57,644 [Worker-44: Building] INFO  o.a.m.s.f.DefaultMavenResourcesFiltering - skip non existing resourceDirectory C:\Users\BETU\Desktop\coading\Spring-Core\Hibernate-Project\src\main\resources
2025-08-06 13:23:57,648 [Worker-44: Building] INFO  o.a.m.s.f.DefaultMavenResourcesFiltering - skip non existing resourceDirectory C:\Users\BETU\Desktop\coading\Spring-Core\Hibernate-Project\src\test\resources
2025-08-06 13:43:18,372 [Worker-57: Building] INFO  o.a.m.s.f.DefaultMavenResourcesFiltering - skip non existing resourceDirectory C:\Users\BETU\Desktop\coading\Spring-Core\Hibernate-Project\src\main\resources
2025-08-06 13:43:18,376 [Worker-57: Building] INFO  o.a.m.s.f.DefaultMavenResourcesFiltering - skip non existing resourceDirectory C:\Users\BETU\Desktop\coading\Spring-Core\Hibernate-Project\src\test\resources
2025-08-06 15:44:37,492 [Worker-71: Building] INFO  o.a.m.s.f.DefaultMavenResourcesFiltering - skip non existing resourceDirectory C:\Users\BETU\Desktop\coading\Spring-Core\Hibernate-Project\src\main\resources
2025-08-06 15:44:37,495 [Worker-71: Building] INFO  o.a.m.s.f.DefaultMavenResourcesFiltering - skip non existing resourceDirectory C:\Users\BETU\Desktop\coading\Spring-Core\Hibernate-Project\src\test\resources
2025-08-06 15:58:04,318 [Worker-71: Building] INFO  o.a.m.s.f.DefaultMavenResourcesFiltering - skip non existing resourceDirectory C:\Users\BETU\Desktop\coading\Spring-Core\Hibernate-Project\src\main\resources
2025-08-06 15:58:04,321 [Worker-71: Building] INFO  o.a.m.s.f.DefaultMavenResourcesFiltering - skip non existing resourceDirectory C:\Users\BETU\Desktop\coading\Spring-Core\Hibernate-Project\src\test\resources
2025-08-06 15:58:32,218 [Worker-76: Building] INFO  o.a.m.s.f.DefaultMavenResourcesFiltering - skip non existing resourceDirectory C:\Users\BETU\Desktop\coading\Spring-Core\Hibernate-Project\src\main\resources
2025-08-06 15:58:32,220 [Worker-76: Building] INFO  o.a.m.s.f.DefaultMavenResourcesFiltering - skip non existing resourceDirectory C:\Users\BETU\Desktop\coading\Spring-Core\Hibernate-Project\src\test\resources
2025-08-06 16:06:46,806 [Worker-78: Building] INFO  o.a.m.s.f.DefaultMavenResourcesFiltering - skip non existing resourceDirectory C:\Users\BETU\Desktop\coading\Spring-Core\Hibernate-Project\src\main\resources
2025-08-06 16:06:46,811 [Worker-78: Building] INFO  o.a.m.s.f.DefaultMavenResourcesFiltering - skip non existing resourceDirectory C:\Users\BETU\Desktop\coading\Spring-Core\Hibernate-Project\src\test\resources
2025-08-06 16:07:53,822 [Worker-83: Building] INFO  o.a.m.s.f.DefaultMavenResourcesFiltering - skip non existing resourceDirectory C:\Users\BETU\Desktop\coading\Spring-Core\Hibernate-Project\src\main\resources
2025-08-06 16:07:53,824 [Worker-83: Building] INFO  o.a.m.s.f.DefaultMavenResourcesFiltering - skip non existing resourceDirectory C:\Users\BETU\Desktop\coading\Spring-Core\Hibernate-Project\src\test\resources
2025-08-06 16:36:44,226 [Stop Help Server] INFO  org.eclipse.jetty.server.Server - Stopped oejs.Server@b5475a9{STOPPING}[12.0.15,sto=0]
2025-08-06 16:36:44,271 [Stop Help Server] INFO  o.e.jetty.server.AbstractConnector - Stopped ServerConnector@4dff156a{HTTP/1.1, (http/1.1)}{127.0.0.1:0}
