2025-08-06 16:38:28,667 [Worker-7: Loading available Gradle versions] INFO  o.e.b.c.i.u.g.PublishedGradleVersions - Gradle version information cache is not available. Remote download required.
2025-08-06 16:39:04,251 [ModalContext] INFO  o.e.m.c.i.e.AbstractTransferListenerAdapter - Downloading https://repo.maven.apache.org/maven2/org/apache/maven/archetypes/maven-archetype-webapp/1.0/maven-archetype-webapp-1.0.pom
2025-08-06 16:39:04,306 [ModalContext] INFO  o.e.m.c.i.e.AbstractTransferListenerAdapter - Downloaded https://repo.maven.apache.org/maven2/org/apache/maven/archetypes/maven-archetype-webapp/1.0/maven-archetype-webapp-1.0.pom
2025-08-06 16:39:04,492 [ModalContext] INFO  o.e.m.c.i.e.AbstractTransferListenerAdapter - Downloading https://repo.maven.apache.org/maven2/org/apache/maven/archetypes/maven-archetype-bundles/2/maven-archetype-bundles-2.pom
2025-08-06 16:39:04,520 [ModalContext] INFO  o.e.m.c.i.e.AbstractTransferListenerAdapter - Downloaded https://repo.maven.apache.org/maven2/org/apache/maven/archetypes/maven-archetype-bundles/2/maven-archetype-bundles-2.pom
2025-08-06 16:39:04,698 [ModalContext] INFO  o.e.m.c.i.e.AbstractTransferListenerAdapter - Downloading https://repo.maven.apache.org/maven2/org/apache/maven/archetype/maven-archetype-parent/1/maven-archetype-parent-1.pom
2025-08-06 16:39:04,724 [ModalContext] INFO  o.e.m.c.i.e.AbstractTransferListenerAdapter - Downloaded https://repo.maven.apache.org/maven2/org/apache/maven/archetype/maven-archetype-parent/1/maven-archetype-parent-1.pom
2025-08-06 16:39:04,800 [ModalContext] INFO  o.e.m.c.i.e.AbstractTransferListenerAdapter - Downloading https://repo.maven.apache.org/maven2/org/apache/maven/maven-parent/4/maven-parent-4.pom
2025-08-06 16:39:04,835 [ModalContext] INFO  o.e.m.c.i.e.AbstractTransferListenerAdapter - Downloaded https://repo.maven.apache.org/maven2/org/apache/maven/maven-parent/4/maven-parent-4.pom
2025-08-06 16:39:05,004 [ModalContext] INFO  o.e.m.c.i.e.AbstractTransferListenerAdapter - Downloading https://repo.maven.apache.org/maven2/org/apache/apache/3/apache-3.pom
2025-08-06 16:39:05,039 [ModalContext] INFO  o.e.m.c.i.e.AbstractTransferListenerAdapter - Downloaded https://repo.maven.apache.org/maven2/org/apache/apache/3/apache-3.pom
2025-08-06 16:39:05,210 [ModalContext] INFO  o.e.m.c.i.e.AbstractTransferListenerAdapter - Downloading https://repo.maven.apache.org/maven2/org/apache/maven/archetypes/maven-archetype-webapp/1.0/maven-archetype-webapp-1.0.jar
2025-08-06 16:39:05,338 [ModalContext] INFO  o.e.m.c.i.e.AbstractTransferListenerAdapter - Downloaded https://repo.maven.apache.org/maven2/org/apache/maven/archetypes/maven-archetype-webapp/1.0/maven-archetype-webapp-1.0.jar
2025-08-06 16:39:25,350 [Worker-14: Launching mavenrun-115714bd-2377-413c-9e70-9040a40f8957] INFO  o.eclipse.m2e.core.internal.Bundles - getClasspathEntries(Bundle=org.eclipse.m2e.maven.runtime_3.9.900.20240824-1409 [638])
2025-08-06 16:39:25,352 [Worker-14: Launching mavenrun-115714bd-2377-413c-9e70-9040a40f8957] INFO  o.eclipse.m2e.core.internal.Bundles - 	Entry: C:\Users\BETU\.p2\pool\plugins\org.eclipse.m2e.maven.runtime_3.9.900.20240824-1409
2025-08-06 16:39:25,352 [Worker-14: Launching mavenrun-115714bd-2377-413c-9e70-9040a40f8957] INFO  o.eclipse.m2e.core.internal.Bundles - 	Entry: C:\Users\BETU\.p2\pool\plugins\org.eclipse.m2e.maven.runtime_3.9.900.20240824-1409\jars\aopalliance-1.0.jar
2025-08-06 16:39:25,352 [Worker-14: Launching mavenrun-115714bd-2377-413c-9e70-9040a40f8957] INFO  o.eclipse.m2e.core.internal.Bundles - 	Entry: C:\Users\BETU\.p2\pool\plugins\org.eclipse.m2e.maven.runtime_3.9.900.20240824-1409\jars\guice-5.1.0.jar
2025-08-06 16:39:25,352 [Worker-14: Launching mavenrun-115714bd-2377-413c-9e70-9040a40f8957] INFO  o.eclipse.m2e.core.internal.Bundles - 	Entry: C:\Users\BETU\.p2\pool\plugins\org.eclipse.m2e.maven.runtime_3.9.900.20240824-1409\jars\httpclient-4.5.14.jar
2025-08-06 16:39:25,352 [Worker-14: Launching mavenrun-115714bd-2377-413c-9e70-9040a40f8957] INFO  o.eclipse.m2e.core.internal.Bundles - 	Entry: C:\Users\BETU\.p2\pool\plugins\org.eclipse.m2e.maven.runtime_3.9.900.20240824-1409\jars\httpcore-4.4.16.jar
2025-08-06 16:39:25,352 [Worker-14: Launching mavenrun-115714bd-2377-413c-9e70-9040a40f8957] INFO  o.eclipse.m2e.core.internal.Bundles - 	Entry: C:\Users\BETU\.p2\pool\plugins\org.eclipse.m2e.maven.runtime_3.9.900.20240824-1409\jars\jansi-2.4.1.jar
2025-08-06 16:39:25,352 [Worker-14: Launching mavenrun-115714bd-2377-413c-9e70-9040a40f8957] INFO  o.eclipse.m2e.core.internal.Bundles - 	Entry: C:\Users\BETU\.p2\pool\plugins\org.eclipse.m2e.maven.runtime_3.9.900.20240824-1409\jars\jcl-over-slf4j-1.7.36.jar
2025-08-06 16:39:25,353 [Worker-14: Launching mavenrun-115714bd-2377-413c-9e70-9040a40f8957] INFO  o.eclipse.m2e.core.internal.Bundles - 	Entry: C:\Users\BETU\.p2\pool\plugins\org.eclipse.m2e.maven.runtime_3.9.900.20240824-1409\jars\maven-artifact-3.9.9.jar
2025-08-06 16:39:25,353 [Worker-14: Launching mavenrun-115714bd-2377-413c-9e70-9040a40f8957] INFO  o.eclipse.m2e.core.internal.Bundles - 	Entry: C:\Users\BETU\.p2\pool\plugins\org.eclipse.m2e.maven.runtime_3.9.900.20240824-1409\jars\maven-builder-support-3.9.9.jar
2025-08-06 16:39:25,353 [Worker-14: Launching mavenrun-115714bd-2377-413c-9e70-9040a40f8957] INFO  o.eclipse.m2e.core.internal.Bundles - 	Entry: C:\Users\BETU\.p2\pool\plugins\org.eclipse.m2e.maven.runtime_3.9.900.20240824-1409\jars\maven-compat-3.9.9.jar
2025-08-06 16:39:25,353 [Worker-14: Launching mavenrun-115714bd-2377-413c-9e70-9040a40f8957] INFO  o.eclipse.m2e.core.internal.Bundles - 	Entry: C:\Users\BETU\.p2\pool\plugins\org.eclipse.m2e.maven.runtime_3.9.900.20240824-1409\jars\maven-core-3.9.9.jar
2025-08-06 16:39:25,353 [Worker-14: Launching mavenrun-115714bd-2377-413c-9e70-9040a40f8957] INFO  o.eclipse.m2e.core.internal.Bundles - 	Entry: C:\Users\BETU\.p2\pool\plugins\org.eclipse.m2e.maven.runtime_3.9.900.20240824-1409\jars\maven-embedder-3.9.9.jar
2025-08-06 16:39:25,353 [Worker-14: Launching mavenrun-115714bd-2377-413c-9e70-9040a40f8957] INFO  o.eclipse.m2e.core.internal.Bundles - 	Entry: C:\Users\BETU\.p2\pool\plugins\org.eclipse.m2e.maven.runtime_3.9.900.20240824-1409\jars\maven-model-3.9.9.jar
2025-08-06 16:39:25,353 [Worker-14: Launching mavenrun-115714bd-2377-413c-9e70-9040a40f8957] INFO  o.eclipse.m2e.core.internal.Bundles - 	Entry: C:\Users\BETU\.p2\pool\plugins\org.eclipse.m2e.maven.runtime_3.9.900.20240824-1409\jars\maven-model-builder-3.9.9.jar
2025-08-06 16:39:25,353 [Worker-14: Launching mavenrun-115714bd-2377-413c-9e70-9040a40f8957] INFO  o.eclipse.m2e.core.internal.Bundles - 	Entry: C:\Users\BETU\.p2\pool\plugins\org.eclipse.m2e.maven.runtime_3.9.900.20240824-1409\jars\maven-plugin-api-3.9.9.jar
2025-08-06 16:39:25,353 [Worker-14: Launching mavenrun-115714bd-2377-413c-9e70-9040a40f8957] INFO  o.eclipse.m2e.core.internal.Bundles - 	Entry: C:\Users\BETU\.p2\pool\plugins\org.eclipse.m2e.maven.runtime_3.9.900.20240824-1409\jars\maven-repository-metadata-3.9.9.jar
2025-08-06 16:39:25,353 [Worker-14: Launching mavenrun-115714bd-2377-413c-9e70-9040a40f8957] INFO  o.eclipse.m2e.core.internal.Bundles - 	Entry: C:\Users\BETU\.p2\pool\plugins\org.eclipse.m2e.maven.runtime_3.9.900.20240824-1409\jars\maven-resolver-api-1.9.22.jar
2025-08-06 16:39:25,354 [Worker-14: Launching mavenrun-115714bd-2377-413c-9e70-9040a40f8957] INFO  o.eclipse.m2e.core.internal.Bundles - 	Entry: C:\Users\BETU\.p2\pool\plugins\org.eclipse.m2e.maven.runtime_3.9.900.20240824-1409\jars\maven-resolver-connector-basic-1.9.22.jar
2025-08-06 16:39:25,354 [Worker-14: Launching mavenrun-115714bd-2377-413c-9e70-9040a40f8957] INFO  o.eclipse.m2e.core.internal.Bundles - 	Entry: C:\Users\BETU\.p2\pool\plugins\org.eclipse.m2e.maven.runtime_3.9.900.20240824-1409\jars\maven-resolver-impl-1.9.22.jar
2025-08-06 16:39:25,354 [Worker-14: Launching mavenrun-115714bd-2377-413c-9e70-9040a40f8957] INFO  o.eclipse.m2e.core.internal.Bundles - 	Entry: C:\Users\BETU\.p2\pool\plugins\org.eclipse.m2e.maven.runtime_3.9.900.20240824-1409\jars\maven-resolver-named-locks-1.9.22.jar
2025-08-06 16:39:25,354 [Worker-14: Launching mavenrun-115714bd-2377-413c-9e70-9040a40f8957] INFO  o.eclipse.m2e.core.internal.Bundles - 	Entry: C:\Users\BETU\.p2\pool\plugins\org.eclipse.m2e.maven.runtime_3.9.900.20240824-1409\jars\maven-resolver-provider-3.9.9.jar
2025-08-06 16:39:25,354 [Worker-14: Launching mavenrun-115714bd-2377-413c-9e70-9040a40f8957] INFO  o.eclipse.m2e.core.internal.Bundles - 	Entry: C:\Users\BETU\.p2\pool\plugins\org.eclipse.m2e.maven.runtime_3.9.900.20240824-1409\jars\maven-resolver-spi-1.9.22.jar
2025-08-06 16:39:25,355 [Worker-14: Launching mavenrun-115714bd-2377-413c-9e70-9040a40f8957] INFO  o.eclipse.m2e.core.internal.Bundles - 	Entry: C:\Users\BETU\.p2\pool\plugins\org.eclipse.m2e.maven.runtime_3.9.900.20240824-1409\jars\maven-resolver-transport-file-1.9.22.jar
2025-08-06 16:39:25,355 [Worker-14: Launching mavenrun-115714bd-2377-413c-9e70-9040a40f8957] INFO  o.eclipse.m2e.core.internal.Bundles - 	Entry: C:\Users\BETU\.p2\pool\plugins\org.eclipse.m2e.maven.runtime_3.9.900.20240824-1409\jars\maven-resolver-transport-http-1.9.22.jar
2025-08-06 16:39:25,355 [Worker-14: Launching mavenrun-115714bd-2377-413c-9e70-9040a40f8957] INFO  o.eclipse.m2e.core.internal.Bundles - 	Entry: C:\Users\BETU\.p2\pool\plugins\org.eclipse.m2e.maven.runtime_3.9.900.20240824-1409\jars\maven-resolver-transport-wagon-1.9.22.jar
2025-08-06 16:39:25,355 [Worker-14: Launching mavenrun-115714bd-2377-413c-9e70-9040a40f8957] INFO  o.eclipse.m2e.core.internal.Bundles - 	Entry: C:\Users\BETU\.p2\pool\plugins\org.eclipse.m2e.maven.runtime_3.9.900.20240824-1409\jars\maven-resolver-util-1.9.22.jar
2025-08-06 16:39:25,355 [Worker-14: Launching mavenrun-115714bd-2377-413c-9e70-9040a40f8957] INFO  o.eclipse.m2e.core.internal.Bundles - 	Entry: C:\Users\BETU\.p2\pool\plugins\org.eclipse.m2e.maven.runtime_3.9.900.20240824-1409\jars\maven-settings-3.9.9.jar
2025-08-06 16:39:25,355 [Worker-14: Launching mavenrun-115714bd-2377-413c-9e70-9040a40f8957] INFO  o.eclipse.m2e.core.internal.Bundles - 	Entry: C:\Users\BETU\.p2\pool\plugins\org.eclipse.m2e.maven.runtime_3.9.900.20240824-1409\jars\maven-settings-builder-3.9.9.jar
2025-08-06 16:39:25,355 [Worker-14: Launching mavenrun-115714bd-2377-413c-9e70-9040a40f8957] INFO  o.eclipse.m2e.core.internal.Bundles - 	Entry: C:\Users\BETU\.p2\pool\plugins\org.eclipse.m2e.maven.runtime_3.9.900.20240824-1409\jars\maven-shared-utils-3.4.2.jar
2025-08-06 16:39:25,356 [Worker-14: Launching mavenrun-115714bd-2377-413c-9e70-9040a40f8957] INFO  o.eclipse.m2e.core.internal.Bundles - 	Entry: C:\Users\BETU\.p2\pool\plugins\org.eclipse.m2e.maven.runtime_3.9.900.20240824-1409\jars\org.eclipse.sisu.inject-0.9.0.M3.jar
2025-08-06 16:39:25,356 [Worker-14: Launching mavenrun-115714bd-2377-413c-9e70-9040a40f8957] INFO  o.eclipse.m2e.core.internal.Bundles - 	Entry: C:\Users\BETU\.p2\pool\plugins\org.eclipse.m2e.maven.runtime_3.9.900.20240824-1409\jars\org.eclipse.sisu.plexus-0.9.0.M3.jar
2025-08-06 16:39:25,356 [Worker-14: Launching mavenrun-115714bd-2377-413c-9e70-9040a40f8957] INFO  o.eclipse.m2e.core.internal.Bundles - 	Entry: C:\Users\BETU\.p2\pool\plugins\org.eclipse.m2e.maven.runtime_3.9.900.20240824-1409\jars\plexus-build-api-0.0.7.jar
2025-08-06 16:39:25,356 [Worker-14: Launching mavenrun-115714bd-2377-413c-9e70-9040a40f8957] INFO  o.eclipse.m2e.core.internal.Bundles - 	Entry: C:\Users\BETU\.p2\pool\plugins\org.eclipse.m2e.maven.runtime_3.9.900.20240824-1409\jars\plexus-build-api-1.2.0.jar
2025-08-06 16:39:25,356 [Worker-14: Launching mavenrun-115714bd-2377-413c-9e70-9040a40f8957] INFO  o.eclipse.m2e.core.internal.Bundles - 	Entry: C:\Users\BETU\.p2\pool\plugins\org.eclipse.m2e.maven.runtime_3.9.900.20240824-1409\jars\plexus-cipher-2.0.jar
2025-08-06 16:39:25,356 [Worker-14: Launching mavenrun-115714bd-2377-413c-9e70-9040a40f8957] INFO  o.eclipse.m2e.core.internal.Bundles - 	Entry: C:\Users\BETU\.p2\pool\plugins\org.eclipse.m2e.maven.runtime_3.9.900.20240824-1409\jars\plexus-classworlds-2.8.0.jar
2025-08-06 16:39:25,356 [Worker-14: Launching mavenrun-115714bd-2377-413c-9e70-9040a40f8957] INFO  o.eclipse.m2e.core.internal.Bundles - 	Entry: C:\Users\BETU\.p2\pool\plugins\org.eclipse.m2e.maven.runtime_3.9.900.20240824-1409\jars\plexus-component-annotations-2.1.0.jar
2025-08-06 16:39:25,356 [Worker-14: Launching mavenrun-115714bd-2377-413c-9e70-9040a40f8957] INFO  o.eclipse.m2e.core.internal.Bundles - 	Entry: C:\Users\BETU\.p2\pool\plugins\org.eclipse.m2e.maven.runtime_3.9.900.20240824-1409\jars\plexus-interpolation-1.27.jar
2025-08-06 16:39:25,357 [Worker-14: Launching mavenrun-115714bd-2377-413c-9e70-9040a40f8957] INFO  o.eclipse.m2e.core.internal.Bundles - 	Entry: C:\Users\BETU\.p2\pool\plugins\org.eclipse.m2e.maven.runtime_3.9.900.20240824-1409\jars\plexus-sec-dispatcher-2.0.jar
2025-08-06 16:39:25,357 [Worker-14: Launching mavenrun-115714bd-2377-413c-9e70-9040a40f8957] INFO  o.eclipse.m2e.core.internal.Bundles - 	Entry: C:\Users\BETU\.p2\pool\plugins\org.eclipse.m2e.maven.runtime_3.9.900.20240824-1409\jars\plexus-utils-3.5.1.jar
2025-08-06 16:39:25,357 [Worker-14: Launching mavenrun-115714bd-2377-413c-9e70-9040a40f8957] INFO  o.eclipse.m2e.core.internal.Bundles - 	Entry: C:\Users\BETU\.p2\pool\plugins\org.eclipse.m2e.maven.runtime_3.9.900.20240824-1409\jars\plexus-xml-3.0.1.jar
2025-08-06 16:39:25,357 [Worker-14: Launching mavenrun-115714bd-2377-413c-9e70-9040a40f8957] INFO  o.eclipse.m2e.core.internal.Bundles - 	Entry: C:\Users\BETU\.p2\pool\plugins\org.eclipse.m2e.maven.runtime_3.9.900.20240824-1409\jars\wagon-file-3.5.3.jar
2025-08-06 16:39:25,357 [Worker-14: Launching mavenrun-115714bd-2377-413c-9e70-9040a40f8957] INFO  o.eclipse.m2e.core.internal.Bundles - 	Entry: C:\Users\BETU\.p2\pool\plugins\org.eclipse.m2e.maven.runtime_3.9.900.20240824-1409\jars\wagon-http-3.5.3.jar
2025-08-06 16:39:25,357 [Worker-14: Launching mavenrun-115714bd-2377-413c-9e70-9040a40f8957] INFO  o.eclipse.m2e.core.internal.Bundles - 	Entry: C:\Users\BETU\.p2\pool\plugins\org.eclipse.m2e.maven.runtime_3.9.900.20240824-1409\jars\wagon-http-shared-3.5.3.jar
2025-08-06 16:39:25,357 [Worker-14: Launching mavenrun-115714bd-2377-413c-9e70-9040a40f8957] INFO  o.eclipse.m2e.core.internal.Bundles - 	Entry: C:\Users\BETU\.p2\pool\plugins\org.eclipse.m2e.maven.runtime_3.9.900.20240824-1409\jars\wagon-provider-api-3.5.3.jar
2025-08-06 16:39:25,359 [Worker-14: Launching mavenrun-115714bd-2377-413c-9e70-9040a40f8957] INFO  o.eclipse.m2e.core.internal.Bundles - getClasspathEntries(Bundle=com.google.guava_33.3.1.jre [16])
2025-08-06 16:39:25,359 [Worker-14: Launching mavenrun-115714bd-2377-413c-9e70-9040a40f8957] INFO  o.eclipse.m2e.core.internal.Bundles - 	Entry: C:\Users\BETU\.p2\pool\plugins\com.google.guava_33.3.1.jre.jar
2025-08-06 16:39:25,360 [Worker-14: Launching mavenrun-115714bd-2377-413c-9e70-9040a40f8957] INFO  o.eclipse.m2e.core.internal.Bundles - getClasspathEntries(Bundle=slf4j.api_2.0.16 [1005])
2025-08-06 16:39:25,360 [Worker-14: Launching mavenrun-115714bd-2377-413c-9e70-9040a40f8957] INFO  o.eclipse.m2e.core.internal.Bundles - 	Entry: C:\Users\BETU\.p2\pool\plugins\slf4j.api_2.0.16.jar
2025-08-06 16:39:25,360 [Worker-14: Launching mavenrun-115714bd-2377-413c-9e70-9040a40f8957] INFO  o.eclipse.m2e.core.internal.Bundles - getClasspathEntries(Bundle=jakarta.inject.jakarta.inject-api_1.0.5 [34])
2025-08-06 16:39:25,361 [Worker-14: Launching mavenrun-115714bd-2377-413c-9e70-9040a40f8957] INFO  o.eclipse.m2e.core.internal.Bundles - 	Entry: C:\Users\BETU\.p2\pool\plugins\jakarta.inject.jakarta.inject-api_1.0.5.jar
2025-08-06 16:39:25,361 [Worker-14: Launching mavenrun-115714bd-2377-413c-9e70-9040a40f8957] INFO  o.eclipse.m2e.core.internal.Bundles - getClasspathEntries(Bundle=jakarta.annotation-api_1.3.5 [29])
2025-08-06 16:39:25,362 [Worker-14: Launching mavenrun-115714bd-2377-413c-9e70-9040a40f8957] INFO  o.eclipse.m2e.core.internal.Bundles - 	Entry: C:\Users\BETU\.p2\pool\plugins\jakarta.annotation-api_1.3.5.jar
2025-08-06 16:39:25,362 [Worker-14: Launching mavenrun-115714bd-2377-413c-9e70-9040a40f8957] INFO  o.eclipse.m2e.core.internal.Bundles - getClasspathEntries(Bundle=org.apache.commons.cli_1.9.0 [75])
2025-08-06 16:39:25,363 [Worker-14: Launching mavenrun-115714bd-2377-413c-9e70-9040a40f8957] INFO  o.eclipse.m2e.core.internal.Bundles - 	Entry: C:\Users\BETU\.p2\pool\plugins\org.apache.commons.cli_1.9.0.jar
2025-08-06 16:39:25,364 [Worker-14: Launching mavenrun-115714bd-2377-413c-9e70-9040a40f8957] INFO  o.eclipse.m2e.core.internal.Bundles - getClasspathEntries(Bundle=org.apache.commons.commons-codec_1.16.0 [78])
2025-08-06 16:39:25,365 [Worker-14: Launching mavenrun-115714bd-2377-413c-9e70-9040a40f8957] INFO  o.eclipse.m2e.core.internal.Bundles - 	Entry: C:\Users\BETU\.p2\pool\plugins\org.apache.commons.commons-codec_1.16.0.jar
2025-08-06 16:39:25,365 [Worker-14: Launching mavenrun-115714bd-2377-413c-9e70-9040a40f8957] INFO  o.eclipse.m2e.core.internal.Bundles - getClasspathEntries(Bundle=com.google.guava.failureaccess_1.0.2 [17])
2025-08-06 16:39:25,366 [Worker-14: Launching mavenrun-115714bd-2377-413c-9e70-9040a40f8957] INFO  o.eclipse.m2e.core.internal.Bundles - 	Entry: C:\Users\BETU\.p2\pool\plugins\com.google.guava.failureaccess_1.0.2.jar
2025-08-06 16:39:25,372 [Worker-14: Launching mavenrun-115714bd-2377-413c-9e70-9040a40f8957] INFO  o.e.m.i.launch.MavenLaunchDelegate - Run build in "C:\Users\BETU\AppData\Local\Temp\m2e-archetypeGenerator3620166143315134812":
2025-08-06 16:39:25,376 [Worker-14: Launching mavenrun-115714bd-2377-413c-9e70-9040a40f8957] INFO  o.e.m.i.launch.MavenLaunchDelegate -  mvn  -DarchetypeGroupId=org.apache.maven.archetypes -DarchetypeArtifactId=maven-archetype-webapp -DarchetypeVersion=1.0 -DgroupId=com.univ -DartifactId=Spring-MVC -Dversion=0.0.1-SNAPSHOT -Dpackage=com.univ -DoutputDirectory=C:\Users\BETU\Desktop\coading\25june25jee\Spring-MVC -Dstyle.color=always -U archetype:generate
2025-08-06 16:40:20,954 [Worker-6: Creating maven-archetype-webapp] INFO  o.e.m.c.i.p.ProjectConfigurationManager - Collecting project info '/pom.xml' C:\Users\BETU\Desktop\coading\25june25jee\Spring-MVC\Spring-MVC\pom.xml
2025-08-06 16:40:23,607 [Worker-6: Creating maven-archetype-webapp] INFO  o.e.m.c.i.l.LifecycleMappingFactory - Using org.maven.ide.eclipse.wtp.WarLifecycleMapping lifecycle mapping for MavenProject: com.univ:Spring-MVC:0.0.1-SNAPSHOT @ C:\Users\BETU\Desktop\coading\25june25jee\Spring-MVC\Spring-MVC\pom.xml.
2025-08-06 16:40:26,641 [Worker-6: Creating maven-archetype-webapp] INFO  o.e.m.j.i.AbstractJavaProjectConfigurator - Adding source folder /Spring-MVC/src/main/java
2025-08-06 16:40:26,643 [Worker-6: Creating maven-archetype-webapp] INFO  o.e.m.j.i.AbstractJavaProjectConfigurator - Adding resource folder /Spring-MVC/src/main/resources
2025-08-06 16:40:26,644 [Worker-6: Creating maven-archetype-webapp] INFO  o.e.m.j.i.AbstractJavaProjectConfigurator - Adding source folder /Spring-MVC/src/test/java
2025-08-06 16:40:26,645 [Worker-6: Creating maven-archetype-webapp] INFO  o.e.m.j.i.AbstractJavaProjectConfigurator - Adding resource folder /Spring-MVC/src/test/resources
2025-08-06 16:40:28,774 [Worker-6: Creating maven-archetype-webapp] INFO  o.e.m.c.i.p.ProjectConfigurationManager - Imported and configured 1 project(s) in 7 sec
2025-08-06 16:40:29,559 [Worker-6: Building] WARN  o.a.m.s.f.DefaultMavenResourcesFiltering - Using platform encoding (UTF-8 actually) to copy filtered resources, i.e. build is platform dependent!
2025-08-06 16:40:29,573 [Worker-6: Building] INFO  o.a.m.s.f.DefaultMavenResourcesFiltering - Copying 0 resource from src\main\resources to target\classes
2025-08-06 16:40:29,581 [Worker-6: Building] WARN  o.a.m.s.f.DefaultMavenResourcesFiltering - Using platform encoding (UTF-8 actually) to copy filtered resources, i.e. build is platform dependent!
2025-08-06 16:40:29,582 [Worker-6: Building] INFO  o.a.m.s.f.DefaultMavenResourcesFiltering - skip non existing resourceDirectory C:\Users\BETU\Desktop\coading\25june25jee\Spring-MVC\Spring-MVC\src\test\resources
2025-08-06 16:41:33,977 [Worker-15: Building] INFO  o.e.m.c.i.l.LifecycleMappingFactory - Using org.maven.ide.eclipse.wtp.WarLifecycleMapping lifecycle mapping for MavenProject: com.univ:Spring-MVC:0.0.1-SNAPSHOT @ C:\Users\BETU\Desktop\coading\25june25jee\Spring-MVC\Spring-MVC\pom.xml.
2025-08-06 16:41:34,739 [Worker-15: Building] WARN  o.a.m.s.f.DefaultMavenResourcesFiltering - Using platform encoding (UTF-8 actually) to copy filtered resources, i.e. build is platform dependent!
2025-08-06 16:41:34,744 [Worker-15: Building] INFO  o.a.m.s.f.DefaultMavenResourcesFiltering - Copying 0 resource from src\main\resources to target\classes
2025-08-06 16:41:34,749 [Worker-15: Building] WARN  o.a.m.s.f.DefaultMavenResourcesFiltering - Using platform encoding (UTF-8 actually) to copy filtered resources, i.e. build is platform dependent!
2025-08-06 16:41:34,751 [Worker-15: Building] INFO  o.a.m.s.f.DefaultMavenResourcesFiltering - skip non existing resourceDirectory C:\Users\BETU\Desktop\coading\25june25jee\Spring-MVC\Spring-MVC\src\test\resources
2025-08-06 16:48:23,727 [Worker-30: Building] WARN  o.a.m.s.f.DefaultMavenResourcesFiltering - Using platform encoding (UTF-8 actually) to copy filtered resources, i.e. build is platform dependent!
2025-08-06 16:48:23,731 [Worker-30: Building] INFO  o.a.m.s.f.DefaultMavenResourcesFiltering - Copying 0 resource from src\main\resources to target\classes
2025-08-06 16:48:23,735 [Worker-30: Building] WARN  o.a.m.s.f.DefaultMavenResourcesFiltering - Using platform encoding (UTF-8 actually) to copy filtered resources, i.e. build is platform dependent!
2025-08-06 16:48:23,736 [Worker-30: Building] INFO  o.a.m.s.f.DefaultMavenResourcesFiltering - skip non existing resourceDirectory C:\Users\BETU\Desktop\coading\25june25jee\Spring-MVC\Spring-MVC\src\test\resources
2025-08-06 16:48:58,630 [Worker-31: Building] INFO  o.e.m.c.i.l.LifecycleMappingFactory - Using org.maven.ide.eclipse.wtp.WarLifecycleMapping lifecycle mapping for MavenProject: com.univ:Spring-MVC:0.0.1-SNAPSHOT @ C:\Users\BETU\Desktop\coading\25june25jee\Spring-MVC\Spring-MVC\pom.xml.
2025-08-06 16:48:59,373 [Worker-31: Building] WARN  o.a.m.s.f.DefaultMavenResourcesFiltering - Using platform encoding (UTF-8 actually) to copy filtered resources, i.e. build is platform dependent!
2025-08-06 16:48:59,381 [Worker-31: Building] INFO  o.a.m.s.f.DefaultMavenResourcesFiltering - Copying 0 resource from src\main\resources to target\classes
2025-08-06 16:48:59,385 [Worker-31: Building] WARN  o.a.m.s.f.DefaultMavenResourcesFiltering - Using platform encoding (UTF-8 actually) to copy filtered resources, i.e. build is platform dependent!
2025-08-06 16:48:59,387 [Worker-31: Building] INFO  o.a.m.s.f.DefaultMavenResourcesFiltering - skip non existing resourceDirectory C:\Users\BETU\Desktop\coading\25june25jee\Spring-MVC\Spring-MVC\src\test\resources
2025-08-06 16:49:47,010 [Worker-25: Building Project Spring-MVC] WARN  o.a.m.s.f.DefaultMavenResourcesFiltering - Using platform encoding (UTF-8 actually) to copy filtered resources, i.e. build is platform dependent!
2025-08-06 16:49:47,012 [Worker-25: Building Project Spring-MVC] INFO  o.a.m.s.f.DefaultMavenResourcesFiltering - Copying 0 resource from src\main\resources to target\classes
2025-08-06 16:49:47,016 [Worker-25: Building Project Spring-MVC] WARN  o.a.m.s.f.DefaultMavenResourcesFiltering - Using platform encoding (UTF-8 actually) to copy filtered resources, i.e. build is platform dependent!
2025-08-06 16:49:47,017 [Worker-25: Building Project Spring-MVC] INFO  o.a.m.s.f.DefaultMavenResourcesFiltering - skip non existing resourceDirectory C:\Users\BETU\Desktop\coading\25june25jee\Spring-MVC\Spring-MVC\src\test\resources
2025-08-07 16:18:17,260 [Worker-5: Loading available Gradle versions] INFO  o.e.b.c.i.u.g.PublishedGradleVersions - Gradle version information cache is not available. Remote download required.
2025-08-07 16:28:02,959 [Worker-28: Building] WARN  o.a.m.s.f.DefaultMavenResourcesFiltering - Using platform encoding (UTF-8 actually) to copy filtered resources, i.e. build is platform dependent!
2025-08-07 16:28:02,968 [Worker-28: Building] INFO  o.a.m.s.f.DefaultMavenResourcesFiltering - Copying 0 resource from src\main\resources to target\classes
2025-08-07 16:28:02,976 [Worker-28: Building] WARN  o.a.m.s.f.DefaultMavenResourcesFiltering - Using platform encoding (UTF-8 actually) to copy filtered resources, i.e. build is platform dependent!
2025-08-07 16:28:02,979 [Worker-28: Building] INFO  o.a.m.s.f.DefaultMavenResourcesFiltering - skip non existing resourceDirectory C:\Users\BETU\Desktop\coading\25june25jee\Spring-MVC\Spring-MVC\src\test\resources
2025-08-07 16:41:43,396 [Worker-37: Building] WARN  o.a.m.s.f.DefaultMavenResourcesFiltering - Using platform encoding (UTF-8 actually) to copy filtered resources, i.e. build is platform dependent!
2025-08-07 16:41:43,403 [Worker-37: Building] INFO  o.a.m.s.f.DefaultMavenResourcesFiltering - Copying 0 resource from src\main\resources to target\classes
2025-08-07 16:41:43,407 [Worker-37: Building] WARN  o.a.m.s.f.DefaultMavenResourcesFiltering - Using platform encoding (UTF-8 actually) to copy filtered resources, i.e. build is platform dependent!
2025-08-07 16:41:43,409 [Worker-37: Building] INFO  o.a.m.s.f.DefaultMavenResourcesFiltering - skip non existing resourceDirectory C:\Users\BETU\Desktop\coading\25june25jee\Spring-MVC\Spring-MVC\src\test\resources
2025-08-07 16:42:02,217 [Start Help Server] INFO  org.eclipse.jetty.server.Server - jetty-12.0.15; built: 2024-11-05T19:44:57.623Z; git: 8281ae9740d4b4225e8166cc476bad237c70213a; jvm 23.0.2+7-58
2025-08-07 16:42:02,322 [Start Help Server] INFO  o.e.j.server.handler.ContextHandler - Started oeje8n.ContextHandler$CoreContextHandler@4d507b41{/help,/help,b=null,a=AVAILABLE,h=oeje8n.ContextHandler$CoreContextHandler$CoreToNestedHandler@79d9460{STARTED}}
2025-08-07 16:42:02,323 [Start Help Server] INFO  o.e.j.s.DefaultSessionIdManager - Session workerName=node0
2025-08-07 16:42:02,371 [Start Help Server] INFO  o.e.jetty.server.AbstractConnector - Started ServerConnector@1501c4b5{HTTP/1.1, (http/1.1)}{127.0.0.1:51938}
2025-08-07 16:42:02,411 [Start Help Server] INFO  org.eclipse.jetty.server.Server - Started oejs.Server@44e82bd4{STARTING}[12.0.15,sto=0] @1711174ms
2025-08-07 16:42:22,968 [Worker-37: Building] WARN  o.a.m.s.f.DefaultMavenResourcesFiltering - Using platform encoding (UTF-8 actually) to copy filtered resources, i.e. build is platform dependent!
2025-08-07 16:42:22,969 [Worker-37: Building] INFO  o.a.m.s.f.DefaultMavenResourcesFiltering - Copying 0 resource from src\main\resources to target\classes
2025-08-07 16:42:22,976 [Worker-37: Building] WARN  o.a.m.s.f.DefaultMavenResourcesFiltering - Using platform encoding (UTF-8 actually) to copy filtered resources, i.e. build is platform dependent!
2025-08-07 16:42:22,977 [Worker-37: Building] INFO  o.a.m.s.f.DefaultMavenResourcesFiltering - skip non existing resourceDirectory C:\Users\BETU\Desktop\coading\25june25jee\Spring-MVC\Spring-MVC\src\test\resources
2025-08-07 16:42:41,947 [Worker-36: Building] WARN  o.a.m.s.f.DefaultMavenResourcesFiltering - Using platform encoding (UTF-8 actually) to copy filtered resources, i.e. build is platform dependent!
2025-08-07 16:42:41,951 [Worker-36: Building] INFO  o.a.m.s.f.DefaultMavenResourcesFiltering - Copying 0 resource from src\main\resources to target\classes
2025-08-07 16:42:41,959 [Worker-36: Building] WARN  o.a.m.s.f.DefaultMavenResourcesFiltering - Using platform encoding (UTF-8 actually) to copy filtered resources, i.e. build is platform dependent!
2025-08-07 16:42:41,963 [Worker-36: Building] INFO  o.a.m.s.f.DefaultMavenResourcesFiltering - skip non existing resourceDirectory C:\Users\BETU\Desktop\coading\25june25jee\Spring-MVC\Spring-MVC\src\test\resources
2025-08-07 16:42:49,243 [Worker-37: Building] WARN  o.a.m.s.f.DefaultMavenResourcesFiltering - Using platform encoding (UTF-8 actually) to copy filtered resources, i.e. build is platform dependent!
2025-08-07 16:42:49,247 [Worker-37: Building] INFO  o.a.m.s.f.DefaultMavenResourcesFiltering - Copying 0 resource from src\main\resources to target\classes
2025-08-07 16:42:49,255 [Worker-37: Building] WARN  o.a.m.s.f.DefaultMavenResourcesFiltering - Using platform encoding (UTF-8 actually) to copy filtered resources, i.e. build is platform dependent!
2025-08-07 16:42:49,257 [Worker-37: Building] INFO  o.a.m.s.f.DefaultMavenResourcesFiltering - skip non existing resourceDirectory C:\Users\BETU\Desktop\coading\25june25jee\Spring-MVC\Spring-MVC\src\test\resources
2025-08-07 16:48:52,905 [Worker-37: Building] WARN  o.a.m.s.f.DefaultMavenResourcesFiltering - Using platform encoding (UTF-8 actually) to copy filtered resources, i.e. build is platform dependent!
2025-08-07 16:48:52,908 [Worker-37: Building] INFO  o.a.m.s.f.DefaultMavenResourcesFiltering - Copying 0 resource from src\main\resources to target\classes
2025-08-07 16:48:52,915 [Worker-37: Building] WARN  o.a.m.s.f.DefaultMavenResourcesFiltering - Using platform encoding (UTF-8 actually) to copy filtered resources, i.e. build is platform dependent!
2025-08-07 16:48:52,918 [Worker-37: Building] INFO  o.a.m.s.f.DefaultMavenResourcesFiltering - skip non existing resourceDirectory C:\Users\BETU\Desktop\coading\25june25jee\Spring-MVC\Spring-MVC\src\test\resources
2025-08-07 16:56:59,532 [Worker-40: Building] WARN  o.a.m.s.f.DefaultMavenResourcesFiltering - Using platform encoding (UTF-8 actually) to copy filtered resources, i.e. build is platform dependent!
2025-08-07 16:56:59,534 [Worker-40: Building] INFO  o.a.m.s.f.DefaultMavenResourcesFiltering - Copying 0 resource from src\main\resources to target\classes
2025-08-07 16:56:59,537 [Worker-40: Building] WARN  o.a.m.s.f.DefaultMavenResourcesFiltering - Using platform encoding (UTF-8 actually) to copy filtered resources, i.e. build is platform dependent!
2025-08-07 16:56:59,539 [Worker-40: Building] INFO  o.a.m.s.f.DefaultMavenResourcesFiltering - skip non existing resourceDirectory C:\Users\BETU\Desktop\coading\25june25jee\Spring-MVC\Spring-MVC\src\test\resources
2025-08-07 16:57:14,206 [Worker-45: Building] WARN  o.a.m.s.f.DefaultMavenResourcesFiltering - Using platform encoding (UTF-8 actually) to copy filtered resources, i.e. build is platform dependent!
2025-08-07 16:57:14,208 [Worker-45: Building] INFO  o.a.m.s.f.DefaultMavenResourcesFiltering - Copying 0 resource from src\main\resources to target\classes
2025-08-07 16:57:14,210 [Worker-45: Building] WARN  o.a.m.s.f.DefaultMavenResourcesFiltering - Using platform encoding (UTF-8 actually) to copy filtered resources, i.e. build is platform dependent!
2025-08-07 16:57:14,211 [Worker-45: Building] INFO  o.a.m.s.f.DefaultMavenResourcesFiltering - skip non existing resourceDirectory C:\Users\BETU\Desktop\coading\25june25jee\Spring-MVC\Spring-MVC\src\test\resources
2025-08-07 16:58:47,374 [Worker-40: Building] WARN  o.a.m.s.f.DefaultMavenResourcesFiltering - Using platform encoding (UTF-8 actually) to copy filtered resources, i.e. build is platform dependent!
2025-08-07 16:58:47,376 [Worker-40: Building] INFO  o.a.m.s.f.DefaultMavenResourcesFiltering - Copying 0 resource from src\main\resources to target\classes
2025-08-07 16:58:47,379 [Worker-40: Building] WARN  o.a.m.s.f.DefaultMavenResourcesFiltering - Using platform encoding (UTF-8 actually) to copy filtered resources, i.e. build is platform dependent!
2025-08-07 16:58:47,380 [Worker-40: Building] INFO  o.a.m.s.f.DefaultMavenResourcesFiltering - skip non existing resourceDirectory C:\Users\BETU\Desktop\coading\25june25jee\Spring-MVC\Spring-MVC\src\test\resources
2025-08-07 17:01:52,653 [Worker-41: Building] WARN  o.a.m.s.f.DefaultMavenResourcesFiltering - Using platform encoding (UTF-8 actually) to copy filtered resources, i.e. build is platform dependent!
2025-08-07 17:01:52,654 [Worker-41: Building] INFO  o.a.m.s.f.DefaultMavenResourcesFiltering - Copying 0 resource from src\main\resources to target\classes
2025-08-07 17:01:52,657 [Worker-41: Building] WARN  o.a.m.s.f.DefaultMavenResourcesFiltering - Using platform encoding (UTF-8 actually) to copy filtered resources, i.e. build is platform dependent!
2025-08-07 17:01:52,658 [Worker-41: Building] INFO  o.a.m.s.f.DefaultMavenResourcesFiltering - skip non existing resourceDirectory C:\Users\BETU\Desktop\coading\25june25jee\Spring-MVC\Spring-MVC\src\test\resources
2025-08-07 17:03:52,749 [Stop Help Server] INFO  org.eclipse.jetty.server.Server - Stopped oejs.Server@44e82bd4{STOPPING}[12.0.15,sto=0]
2025-08-07 17:03:52,756 [Stop Help Server] INFO  o.e.jetty.server.AbstractConnector - Stopped ServerConnector@1501c4b5{HTTP/1.1, (http/1.1)}{127.0.0.1:0}
2025-08-08 13:48:55,121 [Worker-5: Loading available Gradle versions] INFO  o.e.b.c.i.u.g.PublishedGradleVersions - Gradle version information cache is up-to-date. Trying to read.
2025-08-08 14:08:32,893 [Worker-29: Launching mavenrun-1d7fb474-55e6-4e64-bbea-6b63d61d55bb] INFO  o.eclipse.m2e.core.internal.Bundles - getClasspathEntries(Bundle=org.eclipse.m2e.maven.runtime_3.9.900.20240824-1409 [638])
2025-08-08 14:08:32,895 [Worker-29: Launching mavenrun-1d7fb474-55e6-4e64-bbea-6b63d61d55bb] INFO  o.eclipse.m2e.core.internal.Bundles - 	Entry: C:\Users\BETU\.p2\pool\plugins\org.eclipse.m2e.maven.runtime_3.9.900.20240824-1409
2025-08-08 14:08:32,895 [Worker-29: Launching mavenrun-1d7fb474-55e6-4e64-bbea-6b63d61d55bb] INFO  o.eclipse.m2e.core.internal.Bundles - 	Entry: C:\Users\BETU\.p2\pool\plugins\org.eclipse.m2e.maven.runtime_3.9.900.20240824-1409\jars\aopalliance-1.0.jar
2025-08-08 14:08:32,895 [Worker-29: Launching mavenrun-1d7fb474-55e6-4e64-bbea-6b63d61d55bb] INFO  o.eclipse.m2e.core.internal.Bundles - 	Entry: C:\Users\BETU\.p2\pool\plugins\org.eclipse.m2e.maven.runtime_3.9.900.20240824-1409\jars\guice-5.1.0.jar
2025-08-08 14:08:32,895 [Worker-29: Launching mavenrun-1d7fb474-55e6-4e64-bbea-6b63d61d55bb] INFO  o.eclipse.m2e.core.internal.Bundles - 	Entry: C:\Users\BETU\.p2\pool\plugins\org.eclipse.m2e.maven.runtime_3.9.900.20240824-1409\jars\httpclient-4.5.14.jar
2025-08-08 14:08:32,895 [Worker-29: Launching mavenrun-1d7fb474-55e6-4e64-bbea-6b63d61d55bb] INFO  o.eclipse.m2e.core.internal.Bundles - 	Entry: C:\Users\BETU\.p2\pool\plugins\org.eclipse.m2e.maven.runtime_3.9.900.20240824-1409\jars\httpcore-4.4.16.jar
2025-08-08 14:08:32,895 [Worker-29: Launching mavenrun-1d7fb474-55e6-4e64-bbea-6b63d61d55bb] INFO  o.eclipse.m2e.core.internal.Bundles - 	Entry: C:\Users\BETU\.p2\pool\plugins\org.eclipse.m2e.maven.runtime_3.9.900.20240824-1409\jars\jansi-2.4.1.jar
2025-08-08 14:08:32,895 [Worker-29: Launching mavenrun-1d7fb474-55e6-4e64-bbea-6b63d61d55bb] INFO  o.eclipse.m2e.core.internal.Bundles - 	Entry: C:\Users\BETU\.p2\pool\plugins\org.eclipse.m2e.maven.runtime_3.9.900.20240824-1409\jars\jcl-over-slf4j-1.7.36.jar
2025-08-08 14:08:32,896 [Worker-29: Launching mavenrun-1d7fb474-55e6-4e64-bbea-6b63d61d55bb] INFO  o.eclipse.m2e.core.internal.Bundles - 	Entry: C:\Users\BETU\.p2\pool\plugins\org.eclipse.m2e.maven.runtime_3.9.900.20240824-1409\jars\maven-artifact-3.9.9.jar
2025-08-08 14:08:32,896 [Worker-29: Launching mavenrun-1d7fb474-55e6-4e64-bbea-6b63d61d55bb] INFO  o.eclipse.m2e.core.internal.Bundles - 	Entry: C:\Users\BETU\.p2\pool\plugins\org.eclipse.m2e.maven.runtime_3.9.900.20240824-1409\jars\maven-builder-support-3.9.9.jar
2025-08-08 14:08:32,896 [Worker-29: Launching mavenrun-1d7fb474-55e6-4e64-bbea-6b63d61d55bb] INFO  o.eclipse.m2e.core.internal.Bundles - 	Entry: C:\Users\BETU\.p2\pool\plugins\org.eclipse.m2e.maven.runtime_3.9.900.20240824-1409\jars\maven-compat-3.9.9.jar
2025-08-08 14:08:32,896 [Worker-29: Launching mavenrun-1d7fb474-55e6-4e64-bbea-6b63d61d55bb] INFO  o.eclipse.m2e.core.internal.Bundles - 	Entry: C:\Users\BETU\.p2\pool\plugins\org.eclipse.m2e.maven.runtime_3.9.900.20240824-1409\jars\maven-core-3.9.9.jar
2025-08-08 14:08:32,896 [Worker-29: Launching mavenrun-1d7fb474-55e6-4e64-bbea-6b63d61d55bb] INFO  o.eclipse.m2e.core.internal.Bundles - 	Entry: C:\Users\BETU\.p2\pool\plugins\org.eclipse.m2e.maven.runtime_3.9.900.20240824-1409\jars\maven-embedder-3.9.9.jar
2025-08-08 14:08:32,896 [Worker-29: Launching mavenrun-1d7fb474-55e6-4e64-bbea-6b63d61d55bb] INFO  o.eclipse.m2e.core.internal.Bundles - 	Entry: C:\Users\BETU\.p2\pool\plugins\org.eclipse.m2e.maven.runtime_3.9.900.20240824-1409\jars\maven-model-3.9.9.jar
2025-08-08 14:08:32,896 [Worker-29: Launching mavenrun-1d7fb474-55e6-4e64-bbea-6b63d61d55bb] INFO  o.eclipse.m2e.core.internal.Bundles - 	Entry: C:\Users\BETU\.p2\pool\plugins\org.eclipse.m2e.maven.runtime_3.9.900.20240824-1409\jars\maven-model-builder-3.9.9.jar
2025-08-08 14:08:32,896 [Worker-29: Launching mavenrun-1d7fb474-55e6-4e64-bbea-6b63d61d55bb] INFO  o.eclipse.m2e.core.internal.Bundles - 	Entry: C:\Users\BETU\.p2\pool\plugins\org.eclipse.m2e.maven.runtime_3.9.900.20240824-1409\jars\maven-plugin-api-3.9.9.jar
2025-08-08 14:08:32,896 [Worker-29: Launching mavenrun-1d7fb474-55e6-4e64-bbea-6b63d61d55bb] INFO  o.eclipse.m2e.core.internal.Bundles - 	Entry: C:\Users\BETU\.p2\pool\plugins\org.eclipse.m2e.maven.runtime_3.9.900.20240824-1409\jars\maven-repository-metadata-3.9.9.jar
2025-08-08 14:08:32,896 [Worker-29: Launching mavenrun-1d7fb474-55e6-4e64-bbea-6b63d61d55bb] INFO  o.eclipse.m2e.core.internal.Bundles - 	Entry: C:\Users\BETU\.p2\pool\plugins\org.eclipse.m2e.maven.runtime_3.9.900.20240824-1409\jars\maven-resolver-api-1.9.22.jar
2025-08-08 14:08:32,896 [Worker-29: Launching mavenrun-1d7fb474-55e6-4e64-bbea-6b63d61d55bb] INFO  o.eclipse.m2e.core.internal.Bundles - 	Entry: C:\Users\BETU\.p2\pool\plugins\org.eclipse.m2e.maven.runtime_3.9.900.20240824-1409\jars\maven-resolver-connector-basic-1.9.22.jar
2025-08-08 14:08:32,896 [Worker-29: Launching mavenrun-1d7fb474-55e6-4e64-bbea-6b63d61d55bb] INFO  o.eclipse.m2e.core.internal.Bundles - 	Entry: C:\Users\BETU\.p2\pool\plugins\org.eclipse.m2e.maven.runtime_3.9.900.20240824-1409\jars\maven-resolver-impl-1.9.22.jar
2025-08-08 14:08:32,896 [Worker-29: Launching mavenrun-1d7fb474-55e6-4e64-bbea-6b63d61d55bb] INFO  o.eclipse.m2e.core.internal.Bundles - 	Entry: C:\Users\BETU\.p2\pool\plugins\org.eclipse.m2e.maven.runtime_3.9.900.20240824-1409\jars\maven-resolver-named-locks-1.9.22.jar
2025-08-08 14:08:32,896 [Worker-29: Launching mavenrun-1d7fb474-55e6-4e64-bbea-6b63d61d55bb] INFO  o.eclipse.m2e.core.internal.Bundles - 	Entry: C:\Users\BETU\.p2\pool\plugins\org.eclipse.m2e.maven.runtime_3.9.900.20240824-1409\jars\maven-resolver-provider-3.9.9.jar
2025-08-08 14:08:32,897 [Worker-29: Launching mavenrun-1d7fb474-55e6-4e64-bbea-6b63d61d55bb] INFO  o.eclipse.m2e.core.internal.Bundles - 	Entry: C:\Users\BETU\.p2\pool\plugins\org.eclipse.m2e.maven.runtime_3.9.900.20240824-1409\jars\maven-resolver-spi-1.9.22.jar
2025-08-08 14:08:32,897 [Worker-29: Launching mavenrun-1d7fb474-55e6-4e64-bbea-6b63d61d55bb] INFO  o.eclipse.m2e.core.internal.Bundles - 	Entry: C:\Users\BETU\.p2\pool\plugins\org.eclipse.m2e.maven.runtime_3.9.900.20240824-1409\jars\maven-resolver-transport-file-1.9.22.jar
2025-08-08 14:08:32,897 [Worker-29: Launching mavenrun-1d7fb474-55e6-4e64-bbea-6b63d61d55bb] INFO  o.eclipse.m2e.core.internal.Bundles - 	Entry: C:\Users\BETU\.p2\pool\plugins\org.eclipse.m2e.maven.runtime_3.9.900.20240824-1409\jars\maven-resolver-transport-http-1.9.22.jar
2025-08-08 14:08:32,897 [Worker-29: Launching mavenrun-1d7fb474-55e6-4e64-bbea-6b63d61d55bb] INFO  o.eclipse.m2e.core.internal.Bundles - 	Entry: C:\Users\BETU\.p2\pool\plugins\org.eclipse.m2e.maven.runtime_3.9.900.20240824-1409\jars\maven-resolver-transport-wagon-1.9.22.jar
2025-08-08 14:08:32,897 [Worker-29: Launching mavenrun-1d7fb474-55e6-4e64-bbea-6b63d61d55bb] INFO  o.eclipse.m2e.core.internal.Bundles - 	Entry: C:\Users\BETU\.p2\pool\plugins\org.eclipse.m2e.maven.runtime_3.9.900.20240824-1409\jars\maven-resolver-util-1.9.22.jar
2025-08-08 14:08:32,897 [Worker-29: Launching mavenrun-1d7fb474-55e6-4e64-bbea-6b63d61d55bb] INFO  o.eclipse.m2e.core.internal.Bundles - 	Entry: C:\Users\BETU\.p2\pool\plugins\org.eclipse.m2e.maven.runtime_3.9.900.20240824-1409\jars\maven-settings-3.9.9.jar
2025-08-08 14:08:32,897 [Worker-29: Launching mavenrun-1d7fb474-55e6-4e64-bbea-6b63d61d55bb] INFO  o.eclipse.m2e.core.internal.Bundles - 	Entry: C:\Users\BETU\.p2\pool\plugins\org.eclipse.m2e.maven.runtime_3.9.900.20240824-1409\jars\maven-settings-builder-3.9.9.jar
2025-08-08 14:08:32,897 [Worker-29: Launching mavenrun-1d7fb474-55e6-4e64-bbea-6b63d61d55bb] INFO  o.eclipse.m2e.core.internal.Bundles - 	Entry: C:\Users\BETU\.p2\pool\plugins\org.eclipse.m2e.maven.runtime_3.9.900.20240824-1409\jars\maven-shared-utils-3.4.2.jar
2025-08-08 14:08:32,897 [Worker-29: Launching mavenrun-1d7fb474-55e6-4e64-bbea-6b63d61d55bb] INFO  o.eclipse.m2e.core.internal.Bundles - 	Entry: C:\Users\BETU\.p2\pool\plugins\org.eclipse.m2e.maven.runtime_3.9.900.20240824-1409\jars\org.eclipse.sisu.inject-0.9.0.M3.jar
2025-08-08 14:08:32,897 [Worker-29: Launching mavenrun-1d7fb474-55e6-4e64-bbea-6b63d61d55bb] INFO  o.eclipse.m2e.core.internal.Bundles - 	Entry: C:\Users\BETU\.p2\pool\plugins\org.eclipse.m2e.maven.runtime_3.9.900.20240824-1409\jars\org.eclipse.sisu.plexus-0.9.0.M3.jar
2025-08-08 14:08:32,897 [Worker-29: Launching mavenrun-1d7fb474-55e6-4e64-bbea-6b63d61d55bb] INFO  o.eclipse.m2e.core.internal.Bundles - 	Entry: C:\Users\BETU\.p2\pool\plugins\org.eclipse.m2e.maven.runtime_3.9.900.20240824-1409\jars\plexus-build-api-0.0.7.jar
2025-08-08 14:08:32,897 [Worker-29: Launching mavenrun-1d7fb474-55e6-4e64-bbea-6b63d61d55bb] INFO  o.eclipse.m2e.core.internal.Bundles - 	Entry: C:\Users\BETU\.p2\pool\plugins\org.eclipse.m2e.maven.runtime_3.9.900.20240824-1409\jars\plexus-build-api-1.2.0.jar
2025-08-08 14:08:32,897 [Worker-29: Launching mavenrun-1d7fb474-55e6-4e64-bbea-6b63d61d55bb] INFO  o.eclipse.m2e.core.internal.Bundles - 	Entry: C:\Users\BETU\.p2\pool\plugins\org.eclipse.m2e.maven.runtime_3.9.900.20240824-1409\jars\plexus-cipher-2.0.jar
2025-08-08 14:08:32,897 [Worker-29: Launching mavenrun-1d7fb474-55e6-4e64-bbea-6b63d61d55bb] INFO  o.eclipse.m2e.core.internal.Bundles - 	Entry: C:\Users\BETU\.p2\pool\plugins\org.eclipse.m2e.maven.runtime_3.9.900.20240824-1409\jars\plexus-classworlds-2.8.0.jar
2025-08-08 14:08:32,897 [Worker-29: Launching mavenrun-1d7fb474-55e6-4e64-bbea-6b63d61d55bb] INFO  o.eclipse.m2e.core.internal.Bundles - 	Entry: C:\Users\BETU\.p2\pool\plugins\org.eclipse.m2e.maven.runtime_3.9.900.20240824-1409\jars\plexus-component-annotations-2.1.0.jar
2025-08-08 14:08:32,898 [Worker-29: Launching mavenrun-1d7fb474-55e6-4e64-bbea-6b63d61d55bb] INFO  o.eclipse.m2e.core.internal.Bundles - 	Entry: C:\Users\BETU\.p2\pool\plugins\org.eclipse.m2e.maven.runtime_3.9.900.20240824-1409\jars\plexus-interpolation-1.27.jar
2025-08-08 14:08:32,898 [Worker-29: Launching mavenrun-1d7fb474-55e6-4e64-bbea-6b63d61d55bb] INFO  o.eclipse.m2e.core.internal.Bundles - 	Entry: C:\Users\BETU\.p2\pool\plugins\org.eclipse.m2e.maven.runtime_3.9.900.20240824-1409\jars\plexus-sec-dispatcher-2.0.jar
2025-08-08 14:08:32,898 [Worker-29: Launching mavenrun-1d7fb474-55e6-4e64-bbea-6b63d61d55bb] INFO  o.eclipse.m2e.core.internal.Bundles - 	Entry: C:\Users\BETU\.p2\pool\plugins\org.eclipse.m2e.maven.runtime_3.9.900.20240824-1409\jars\plexus-utils-3.5.1.jar
2025-08-08 14:08:32,898 [Worker-29: Launching mavenrun-1d7fb474-55e6-4e64-bbea-6b63d61d55bb] INFO  o.eclipse.m2e.core.internal.Bundles - 	Entry: C:\Users\BETU\.p2\pool\plugins\org.eclipse.m2e.maven.runtime_3.9.900.20240824-1409\jars\plexus-xml-3.0.1.jar
2025-08-08 14:08:32,898 [Worker-29: Launching mavenrun-1d7fb474-55e6-4e64-bbea-6b63d61d55bb] INFO  o.eclipse.m2e.core.internal.Bundles - 	Entry: C:\Users\BETU\.p2\pool\plugins\org.eclipse.m2e.maven.runtime_3.9.900.20240824-1409\jars\wagon-file-3.5.3.jar
2025-08-08 14:08:32,899 [Worker-29: Launching mavenrun-1d7fb474-55e6-4e64-bbea-6b63d61d55bb] INFO  o.eclipse.m2e.core.internal.Bundles - 	Entry: C:\Users\BETU\.p2\pool\plugins\org.eclipse.m2e.maven.runtime_3.9.900.20240824-1409\jars\wagon-http-3.5.3.jar
2025-08-08 14:08:32,899 [Worker-29: Launching mavenrun-1d7fb474-55e6-4e64-bbea-6b63d61d55bb] INFO  o.eclipse.m2e.core.internal.Bundles - 	Entry: C:\Users\BETU\.p2\pool\plugins\org.eclipse.m2e.maven.runtime_3.9.900.20240824-1409\jars\wagon-http-shared-3.5.3.jar
2025-08-08 14:08:32,899 [Worker-29: Launching mavenrun-1d7fb474-55e6-4e64-bbea-6b63d61d55bb] INFO  o.eclipse.m2e.core.internal.Bundles - 	Entry: C:\Users\BETU\.p2\pool\plugins\org.eclipse.m2e.maven.runtime_3.9.900.20240824-1409\jars\wagon-provider-api-3.5.3.jar
2025-08-08 14:08:32,900 [Worker-29: Launching mavenrun-1d7fb474-55e6-4e64-bbea-6b63d61d55bb] INFO  o.eclipse.m2e.core.internal.Bundles - getClasspathEntries(Bundle=com.google.guava_33.3.1.jre [16])
2025-08-08 14:08:32,901 [Worker-29: Launching mavenrun-1d7fb474-55e6-4e64-bbea-6b63d61d55bb] INFO  o.eclipse.m2e.core.internal.Bundles - 	Entry: C:\Users\BETU\.p2\pool\plugins\com.google.guava_33.3.1.jre.jar
2025-08-08 14:08:32,901 [Worker-29: Launching mavenrun-1d7fb474-55e6-4e64-bbea-6b63d61d55bb] INFO  o.eclipse.m2e.core.internal.Bundles - getClasspathEntries(Bundle=slf4j.api_2.0.16 [1005])
2025-08-08 14:08:32,901 [Worker-29: Launching mavenrun-1d7fb474-55e6-4e64-bbea-6b63d61d55bb] INFO  o.eclipse.m2e.core.internal.Bundles - 	Entry: C:\Users\BETU\.p2\pool\plugins\slf4j.api_2.0.16.jar
2025-08-08 14:08:32,901 [Worker-29: Launching mavenrun-1d7fb474-55e6-4e64-bbea-6b63d61d55bb] INFO  o.eclipse.m2e.core.internal.Bundles - getClasspathEntries(Bundle=jakarta.inject.jakarta.inject-api_1.0.5 [34])
2025-08-08 14:08:32,901 [Worker-29: Launching mavenrun-1d7fb474-55e6-4e64-bbea-6b63d61d55bb] INFO  o.eclipse.m2e.core.internal.Bundles - 	Entry: C:\Users\BETU\.p2\pool\plugins\jakarta.inject.jakarta.inject-api_1.0.5.jar
2025-08-08 14:08:32,901 [Worker-29: Launching mavenrun-1d7fb474-55e6-4e64-bbea-6b63d61d55bb] INFO  o.eclipse.m2e.core.internal.Bundles - getClasspathEntries(Bundle=jakarta.annotation-api_1.3.5 [29])
2025-08-08 14:08:32,902 [Worker-29: Launching mavenrun-1d7fb474-55e6-4e64-bbea-6b63d61d55bb] INFO  o.eclipse.m2e.core.internal.Bundles - 	Entry: C:\Users\BETU\.p2\pool\plugins\jakarta.annotation-api_1.3.5.jar
2025-08-08 14:08:32,902 [Worker-29: Launching mavenrun-1d7fb474-55e6-4e64-bbea-6b63d61d55bb] INFO  o.eclipse.m2e.core.internal.Bundles - getClasspathEntries(Bundle=org.apache.commons.cli_1.9.0 [75])
2025-08-08 14:08:32,902 [Worker-29: Launching mavenrun-1d7fb474-55e6-4e64-bbea-6b63d61d55bb] INFO  o.eclipse.m2e.core.internal.Bundles - 	Entry: C:\Users\BETU\.p2\pool\plugins\org.apache.commons.cli_1.9.0.jar
2025-08-08 14:08:32,902 [Worker-29: Launching mavenrun-1d7fb474-55e6-4e64-bbea-6b63d61d55bb] INFO  o.eclipse.m2e.core.internal.Bundles - getClasspathEntries(Bundle=org.apache.commons.commons-codec_1.16.0 [78])
2025-08-08 14:08:32,902 [Worker-29: Launching mavenrun-1d7fb474-55e6-4e64-bbea-6b63d61d55bb] INFO  o.eclipse.m2e.core.internal.Bundles - 	Entry: C:\Users\BETU\.p2\pool\plugins\org.apache.commons.commons-codec_1.16.0.jar
2025-08-08 14:08:32,902 [Worker-29: Launching mavenrun-1d7fb474-55e6-4e64-bbea-6b63d61d55bb] INFO  o.eclipse.m2e.core.internal.Bundles - getClasspathEntries(Bundle=com.google.guava.failureaccess_1.0.2 [17])
2025-08-08 14:08:32,903 [Worker-29: Launching mavenrun-1d7fb474-55e6-4e64-bbea-6b63d61d55bb] INFO  o.eclipse.m2e.core.internal.Bundles - 	Entry: C:\Users\BETU\.p2\pool\plugins\com.google.guava.failureaccess_1.0.2.jar
2025-08-08 14:08:32,906 [Worker-29: Launching mavenrun-1d7fb474-55e6-4e64-bbea-6b63d61d55bb] INFO  o.e.m.i.launch.MavenLaunchDelegate - Run build in "C:\Users\BETU\AppData\Local\Temp\m2e-archetypeGenerator11133076615096840355":
2025-08-08 14:08:32,925 [Worker-29: Launching mavenrun-1d7fb474-55e6-4e64-bbea-6b63d61d55bb] INFO  o.e.m.i.launch.MavenLaunchDelegate -  mvn  -DarchetypeGroupId=org.apache.maven.archetypes -DarchetypeArtifactId=maven-archetype-webapp -DarchetypeVersion=1.0 -DgroupId=com.univ -DartifactId=Spring-Mvc-1 -Dversion=0.0.1-SNAPSHOT -Dpackage=com.univ.Spring_Mvc_1 -DoutputDirectory=C:\Users\BETU\Desktop\coading\25june25jee\Spring-MVC -Dstyle.color=always -U archetype:generate
2025-08-08 14:08:46,604 [Worker-26: Creating maven-archetype-webapp] INFO  o.e.m.c.i.p.ProjectConfigurationManager - Collecting project info '/pom.xml' C:\Users\BETU\Desktop\coading\25june25jee\Spring-MVC\Spring-Mvc-1\pom.xml
2025-08-08 14:08:49,255 [Worker-26: Creating maven-archetype-webapp] INFO  o.e.m.c.i.l.LifecycleMappingFactory - Using org.maven.ide.eclipse.wtp.WarLifecycleMapping lifecycle mapping for MavenProject: com.univ:Spring-Mvc-1:0.0.1-SNAPSHOT @ C:\Users\BETU\Desktop\coading\25june25jee\Spring-MVC\Spring-Mvc-1\pom.xml.
2025-08-08 14:08:52,025 [Worker-26: Creating maven-archetype-webapp] INFO  o.e.m.j.i.AbstractJavaProjectConfigurator - Adding source folder /Spring-Mvc-1/src/main/java
2025-08-08 14:08:52,026 [Worker-26: Creating maven-archetype-webapp] INFO  o.e.m.j.i.AbstractJavaProjectConfigurator - Adding resource folder /Spring-Mvc-1/src/main/resources
2025-08-08 14:08:52,027 [Worker-26: Creating maven-archetype-webapp] INFO  o.e.m.j.i.AbstractJavaProjectConfigurator - Adding source folder /Spring-Mvc-1/src/test/java
2025-08-08 14:08:52,027 [Worker-26: Creating maven-archetype-webapp] INFO  o.e.m.j.i.AbstractJavaProjectConfigurator - Adding resource folder /Spring-Mvc-1/src/test/resources
2025-08-08 14:08:53,428 [Worker-26: Creating maven-archetype-webapp] INFO  o.e.m.c.i.p.ProjectConfigurationManager - Imported and configured 1 project(s) in 6 sec
2025-08-08 14:08:54,022 [Worker-29: Building] WARN  o.a.m.s.f.DefaultMavenResourcesFiltering - Using platform encoding (UTF-8 actually) to copy filtered resources, i.e. build is platform dependent!
2025-08-08 14:08:54,029 [Worker-29: Building] INFO  o.a.m.s.f.DefaultMavenResourcesFiltering - Copying 0 resource from src\main\resources to target\classes
2025-08-08 14:08:54,035 [Worker-29: Building] WARN  o.a.m.s.f.DefaultMavenResourcesFiltering - Using platform encoding (UTF-8 actually) to copy filtered resources, i.e. build is platform dependent!
2025-08-08 14:08:54,038 [Worker-29: Building] INFO  o.a.m.s.f.DefaultMavenResourcesFiltering - skip non existing resourceDirectory C:\Users\BETU\Desktop\coading\25june25jee\Spring-MVC\Spring-Mvc-1\src\test\resources
2025-08-08 14:09:19,821 [Worker-34: Building] INFO  o.e.m.c.i.l.LifecycleMappingFactory - Using org.maven.ide.eclipse.wtp.WarLifecycleMapping lifecycle mapping for MavenProject: com.univ:Spring-Mvc-1:0.0.1-SNAPSHOT @ C:\Users\BETU\Desktop\coading\25june25jee\Spring-MVC\Spring-Mvc-1\pom.xml.
2025-08-08 14:09:20,550 [Worker-34: Building] WARN  o.a.m.s.f.DefaultMavenResourcesFiltering - Using platform encoding (UTF-8 actually) to copy filtered resources, i.e. build is platform dependent!
2025-08-08 14:09:20,553 [Worker-34: Building] INFO  o.a.m.s.f.DefaultMavenResourcesFiltering - Copying 0 resource from src\main\resources to target\classes
2025-08-08 14:09:20,556 [Worker-34: Building] WARN  o.a.m.s.f.DefaultMavenResourcesFiltering - Using platform encoding (UTF-8 actually) to copy filtered resources, i.e. build is platform dependent!
2025-08-08 14:09:20,557 [Worker-34: Building] INFO  o.a.m.s.f.DefaultMavenResourcesFiltering - skip non existing resourceDirectory C:\Users\BETU\Desktop\coading\25june25jee\Spring-MVC\Spring-Mvc-1\src\test\resources
2025-08-08 16:13:33,714 [Worker-45: Building] WARN  o.a.m.s.f.DefaultMavenResourcesFiltering - Using platform encoding (UTF-8 actually) to copy filtered resources, i.e. build is platform dependent!
2025-08-08 16:13:33,718 [Worker-45: Building] INFO  o.a.m.s.f.DefaultMavenResourcesFiltering - Copying 0 resource from src\main\resources to target\classes
2025-08-08 16:13:33,725 [Worker-45: Building] WARN  o.a.m.s.f.DefaultMavenResourcesFiltering - Using platform encoding (UTF-8 actually) to copy filtered resources, i.e. build is platform dependent!
2025-08-08 16:13:33,726 [Worker-45: Building] INFO  o.a.m.s.f.DefaultMavenResourcesFiltering - skip non existing resourceDirectory C:\Users\BETU\Desktop\coading\25june25jee\Spring-MVC\Spring-MVC\src\test\resources
2025-08-08 16:16:38,397 [Worker-50: Building] WARN  o.a.m.s.f.DefaultMavenResourcesFiltering - Using platform encoding (UTF-8 actually) to copy filtered resources, i.e. build is platform dependent!
2025-08-08 16:16:38,401 [Worker-50: Building] INFO  o.a.m.s.f.DefaultMavenResourcesFiltering - Copying 0 resource from src\main\resources to target\classes
2025-08-08 16:16:38,403 [Worker-50: Building] WARN  o.a.m.s.f.DefaultMavenResourcesFiltering - Using platform encoding (UTF-8 actually) to copy filtered resources, i.e. build is platform dependent!
2025-08-08 16:16:38,404 [Worker-50: Building] INFO  o.a.m.s.f.DefaultMavenResourcesFiltering - skip non existing resourceDirectory C:\Users\BETU\Desktop\coading\25june25jee\Spring-MVC\Spring-MVC\src\test\resources
2025-08-08 16:17:10,587 [Worker-51: Building] WARN  o.a.m.s.f.DefaultMavenResourcesFiltering - Using platform encoding (UTF-8 actually) to copy filtered resources, i.e. build is platform dependent!
2025-08-08 16:17:10,588 [Worker-51: Building] INFO  o.a.m.s.f.DefaultMavenResourcesFiltering - Copying 0 resource from src\main\resources to target\classes
2025-08-08 16:17:10,591 [Worker-51: Building] WARN  o.a.m.s.f.DefaultMavenResourcesFiltering - Using platform encoding (UTF-8 actually) to copy filtered resources, i.e. build is platform dependent!
2025-08-08 16:17:10,591 [Worker-51: Building] INFO  o.a.m.s.f.DefaultMavenResourcesFiltering - skip non existing resourceDirectory C:\Users\BETU\Desktop\coading\25june25jee\Spring-MVC\Spring-MVC\src\test\resources
2025-08-08 16:18:01,477 [Worker-49: Building] WARN  o.a.m.s.f.DefaultMavenResourcesFiltering - Using platform encoding (UTF-8 actually) to copy filtered resources, i.e. build is platform dependent!
2025-08-08 16:18:01,480 [Worker-49: Building] INFO  o.a.m.s.f.DefaultMavenResourcesFiltering - Copying 0 resource from src\main\resources to target\classes
2025-08-08 16:18:01,484 [Worker-49: Building] WARN  o.a.m.s.f.DefaultMavenResourcesFiltering - Using platform encoding (UTF-8 actually) to copy filtered resources, i.e. build is platform dependent!
2025-08-08 16:18:01,486 [Worker-49: Building] INFO  o.a.m.s.f.DefaultMavenResourcesFiltering - skip non existing resourceDirectory C:\Users\BETU\Desktop\coading\25june25jee\Spring-MVC\Spring-MVC\src\test\resources
2025-08-08 16:23:13,443 [Worker-45: Building] WARN  o.a.m.s.f.DefaultMavenResourcesFiltering - Using platform encoding (UTF-8 actually) to copy filtered resources, i.e. build is platform dependent!
2025-08-08 16:23:13,446 [Worker-45: Building] INFO  o.a.m.s.f.DefaultMavenResourcesFiltering - Copying 0 resource from src\main\resources to target\classes
2025-08-08 16:23:13,450 [Worker-45: Building] WARN  o.a.m.s.f.DefaultMavenResourcesFiltering - Using platform encoding (UTF-8 actually) to copy filtered resources, i.e. build is platform dependent!
2025-08-08 16:23:13,451 [Worker-45: Building] INFO  o.a.m.s.f.DefaultMavenResourcesFiltering - skip non existing resourceDirectory C:\Users\BETU\Desktop\coading\25june25jee\Spring-MVC\Spring-MVC\src\test\resources
2025-08-08 16:27:27,074 [Worker-45: Building] INFO  o.e.m.c.i.l.LifecycleMappingFactory - Using org.maven.ide.eclipse.wtp.WarLifecycleMapping lifecycle mapping for MavenProject: com.univ:Spring-MVC:0.0.1-SNAPSHOT @ C:\Users\BETU\Desktop\coading\25june25jee\Spring-MVC\Spring-MVC\pom.xml.
2025-08-08 16:27:28,093 [Worker-45: Building] WARN  o.a.m.s.f.DefaultMavenResourcesFiltering - Using platform encoding (UTF-8 actually) to copy filtered resources, i.e. build is platform dependent!
2025-08-08 16:27:28,097 [Worker-45: Building] INFO  o.a.m.s.f.DefaultMavenResourcesFiltering - Copying 0 resource from src\main\resources to target\classes
2025-08-08 16:27:28,106 [Worker-45: Building] WARN  o.a.m.s.f.DefaultMavenResourcesFiltering - Using platform encoding (UTF-8 actually) to copy filtered resources, i.e. build is platform dependent!
2025-08-08 16:27:28,107 [Worker-45: Building] INFO  o.a.m.s.f.DefaultMavenResourcesFiltering - skip non existing resourceDirectory C:\Users\BETU\Desktop\coading\25june25jee\Spring-MVC\Spring-MVC\src\test\resources
2025-08-08 16:27:47,866 [Worker-48: Download sources and javadoc] INFO  o.e.m.j.internal.DownloadSourcesJob - Downloaded sources for junit:junit:3.8.1
2025-08-08 16:27:47,875 [Worker-48: Download sources and javadoc] INFO  o.e.m.j.internal.DownloadSourcesJob - Downloaded sources for org.springframework:spring-webmvc:5.3.20
2025-08-08 16:27:49,844 [Worker-45: Building] WARN  o.a.m.s.f.DefaultMavenResourcesFiltering - Using platform encoding (UTF-8 actually) to copy filtered resources, i.e. build is platform dependent!
2025-08-08 16:27:49,846 [Worker-45: Building] INFO  o.a.m.s.f.DefaultMavenResourcesFiltering - Copying 0 resource from src\main\resources to target\classes
2025-08-08 16:27:49,849 [Worker-45: Building] WARN  o.a.m.s.f.DefaultMavenResourcesFiltering - Using platform encoding (UTF-8 actually) to copy filtered resources, i.e. build is platform dependent!
2025-08-08 16:27:49,853 [Worker-45: Building] INFO  o.a.m.s.f.DefaultMavenResourcesFiltering - skip non existing resourceDirectory C:\Users\BETU\Desktop\coading\25june25jee\Spring-MVC\Spring-MVC\src\test\resources
2025-08-08 16:27:50,631 [Worker-48: Download sources and javadoc] INFO  o.e.m.c.i.e.AbstractTransferListenerAdapter - Downloading https://repo.maven.apache.org/maven2/org/springframework/spring-webmvc/5.3.20/spring-webmvc-5.3.20-javadoc.jar
2025-08-08 16:28:07,376 [Worker-48: Download sources and javadoc] INFO  o.e.m.c.i.e.AbstractTransferListenerAdapter - Downloaded https://repo.maven.apache.org/maven2/org/springframework/spring-webmvc/5.3.20/spring-webmvc-5.3.20-javadoc.jar
2025-08-08 16:28:07,383 [Worker-48: Download sources and javadoc] INFO  o.e.m.j.internal.DownloadSourcesJob - Downloaded javadoc for org.springframework:spring-webmvc:5.3.20
2025-08-08 16:28:07,402 [Worker-48: Download sources and javadoc] INFO  o.e.m.j.internal.DownloadSourcesJob - Downloaded sources for org.springframework:spring-aop:5.3.20
2025-08-08 16:28:07,410 [Worker-48: Download sources and javadoc] INFO  o.e.m.j.internal.DownloadSourcesJob - Downloaded javadoc for org.springframework:spring-aop:5.3.20
2025-08-08 16:28:07,421 [Worker-48: Download sources and javadoc] INFO  o.e.m.j.internal.DownloadSourcesJob - Downloaded sources for org.springframework:spring-beans:5.3.20
2025-08-08 16:28:07,429 [Worker-48: Download sources and javadoc] INFO  o.e.m.j.internal.DownloadSourcesJob - Downloaded javadoc for org.springframework:spring-beans:5.3.20
2025-08-08 16:28:07,440 [Worker-48: Download sources and javadoc] INFO  o.e.m.j.internal.DownloadSourcesJob - Downloaded sources for org.springframework:spring-core:5.3.20
2025-08-08 16:28:07,448 [Worker-48: Download sources and javadoc] INFO  o.e.m.j.internal.DownloadSourcesJob - Downloaded javadoc for org.springframework:spring-core:5.3.20
2025-08-08 16:28:07,459 [Worker-48: Download sources and javadoc] INFO  o.e.m.j.internal.DownloadSourcesJob - Downloaded sources for org.springframework:spring-jcl:5.3.20
2025-08-08 16:28:07,468 [Worker-48: Download sources and javadoc] INFO  o.e.m.j.internal.DownloadSourcesJob - Downloaded javadoc for org.springframework:spring-jcl:5.3.20
2025-08-08 16:28:07,477 [Worker-48: Download sources and javadoc] INFO  o.e.m.j.internal.DownloadSourcesJob - Downloaded sources for org.springframework:spring-expression:5.3.20
2025-08-08 16:28:07,488 [Worker-48: Download sources and javadoc] INFO  o.e.m.j.internal.DownloadSourcesJob - Downloaded javadoc for org.springframework:spring-expression:5.3.20
2025-08-08 16:28:07,490 [Worker-48: Download sources and javadoc] INFO  o.e.m.j.internal.DownloadSourcesJob - Downloaded sources for org.springframework:spring-web:5.3.20
2025-08-08 16:28:07,688 [Worker-48: Download sources and javadoc] INFO  o.e.m.c.i.e.AbstractTransferListenerAdapter - Downloading https://repo.maven.apache.org/maven2/org/springframework/spring-web/5.3.20/spring-web-5.3.20-javadoc.jar
2025-08-08 16:28:11,622 [Worker-48: Download sources and javadoc] INFO  o.e.m.c.i.e.AbstractTransferListenerAdapter - Downloaded https://repo.maven.apache.org/maven2/org/springframework/spring-web/5.3.20/spring-web-5.3.20-javadoc.jar
2025-08-08 16:28:11,630 [Worker-48: Download sources and javadoc] INFO  o.e.m.j.internal.DownloadSourcesJob - Downloaded javadoc for org.springframework:spring-web:5.3.20
2025-08-08 16:28:11,659 [Worker-48: Download sources and javadoc] INFO  o.e.m.j.internal.DownloadSourcesJob - Downloaded sources for org.springframework:spring-context:5.3.20
2025-08-08 16:28:11,669 [Worker-48: Download sources and javadoc] INFO  o.e.m.j.internal.DownloadSourcesJob - Downloaded javadoc for org.springframework:spring-context:5.3.20
2025-08-08 16:28:19,250 [Worker-54: Building] WARN  o.a.m.s.f.DefaultMavenResourcesFiltering - Using platform encoding (UTF-8 actually) to copy filtered resources, i.e. build is platform dependent!
2025-08-08 16:28:19,253 [Worker-54: Building] INFO  o.a.m.s.f.DefaultMavenResourcesFiltering - Copying 0 resource from src\main\resources to target\classes
2025-08-08 16:28:19,258 [Worker-54: Building] WARN  o.a.m.s.f.DefaultMavenResourcesFiltering - Using platform encoding (UTF-8 actually) to copy filtered resources, i.e. build is platform dependent!
2025-08-08 16:28:19,260 [Worker-54: Building] INFO  o.a.m.s.f.DefaultMavenResourcesFiltering - skip non existing resourceDirectory C:\Users\BETU\Desktop\coading\25june25jee\Spring-MVC\Spring-MVC\src\test\resources
2025-08-08 16:28:24,420 [Start Help Server] INFO  org.eclipse.jetty.server.Server - jetty-12.0.15; built: 2024-11-05T19:44:57.623Z; git: 8281ae9740d4b4225e8166cc476bad237c70213a; jvm 23.0.2+7-58
2025-08-08 16:28:24,535 [Start Help Server] INFO  o.e.j.server.handler.ContextHandler - Started oeje8n.ContextHandler$CoreContextHandler@52d42f91{/help,/help,b=null,a=AVAILABLE,h=oeje8n.ContextHandler$CoreContextHandler$CoreToNestedHandler@2a67606{STARTED}}
2025-08-08 16:28:24,536 [Start Help Server] INFO  o.e.j.s.DefaultSessionIdManager - Session workerName=node0
2025-08-08 16:28:24,577 [Start Help Server] INFO  o.e.jetty.server.AbstractConnector - Started ServerConnector@35669fd9{HTTP/1.1, (http/1.1)}{127.0.0.1:53735}
2025-08-08 16:28:24,605 [Start Help Server] INFO  org.eclipse.jetty.server.Server - Started oejs.Server@4981c9e{STARTING}[12.0.15,sto=0] @9629073ms
2025-08-08 16:33:04,582 [Worker-57: Building] WARN  o.a.m.s.f.DefaultMavenResourcesFiltering - Using platform encoding (UTF-8 actually) to copy filtered resources, i.e. build is platform dependent!
2025-08-08 16:33:04,584 [Worker-57: Building] INFO  o.a.m.s.f.DefaultMavenResourcesFiltering - Copying 0 resource from src\main\resources to target\classes
2025-08-08 16:33:04,588 [Worker-57: Building] WARN  o.a.m.s.f.DefaultMavenResourcesFiltering - Using platform encoding (UTF-8 actually) to copy filtered resources, i.e. build is platform dependent!
2025-08-08 16:33:04,589 [Worker-57: Building] INFO  o.a.m.s.f.DefaultMavenResourcesFiltering - skip non existing resourceDirectory C:\Users\BETU\Desktop\coading\25june25jee\Spring-MVC\Spring-MVC\src\test\resources
2025-08-08 16:33:28,433 [Worker-57: Building] WARN  o.a.m.s.f.DefaultMavenResourcesFiltering - Using platform encoding (UTF-8 actually) to copy filtered resources, i.e. build is platform dependent!
2025-08-08 16:33:28,437 [Worker-57: Building] INFO  o.a.m.s.f.DefaultMavenResourcesFiltering - Copying 0 resource from src\main\resources to target\classes
2025-08-08 16:33:28,440 [Worker-57: Building] WARN  o.a.m.s.f.DefaultMavenResourcesFiltering - Using platform encoding (UTF-8 actually) to copy filtered resources, i.e. build is platform dependent!
2025-08-08 16:33:28,441 [Worker-57: Building] INFO  o.a.m.s.f.DefaultMavenResourcesFiltering - skip non existing resourceDirectory C:\Users\BETU\Desktop\coading\25june25jee\Spring-MVC\Spring-MVC\src\test\resources
2025-08-08 16:35:14,909 [Worker-59: Building] WARN  o.a.m.s.f.DefaultMavenResourcesFiltering - Using platform encoding (UTF-8 actually) to copy filtered resources, i.e. build is platform dependent!
2025-08-08 16:35:14,911 [Worker-59: Building] INFO  o.a.m.s.f.DefaultMavenResourcesFiltering - Copying 0 resource from src\main\resources to target\classes
2025-08-08 16:35:14,916 [Worker-59: Building] WARN  o.a.m.s.f.DefaultMavenResourcesFiltering - Using platform encoding (UTF-8 actually) to copy filtered resources, i.e. build is platform dependent!
2025-08-08 16:35:14,917 [Worker-59: Building] INFO  o.a.m.s.f.DefaultMavenResourcesFiltering - skip non existing resourceDirectory C:\Users\BETU\Desktop\coading\25june25jee\Spring-MVC\Spring-MVC\src\test\resources
2025-08-08 16:35:49,621 [Worker-50: Building] WARN  o.a.m.s.f.DefaultMavenResourcesFiltering - Using platform encoding (UTF-8 actually) to copy filtered resources, i.e. build is platform dependent!
2025-08-08 16:35:49,622 [Worker-50: Building] INFO  o.a.m.s.f.DefaultMavenResourcesFiltering - Copying 0 resource from src\main\resources to target\classes
2025-08-08 16:35:49,625 [Worker-50: Building] WARN  o.a.m.s.f.DefaultMavenResourcesFiltering - Using platform encoding (UTF-8 actually) to copy filtered resources, i.e. build is platform dependent!
2025-08-08 16:35:49,626 [Worker-50: Building] INFO  o.a.m.s.f.DefaultMavenResourcesFiltering - skip non existing resourceDirectory C:\Users\BETU\Desktop\coading\25june25jee\Spring-MVC\Spring-MVC\src\test\resources
2025-08-08 16:36:49,243 [Worker-56: Building] WARN  o.a.m.s.f.DefaultMavenResourcesFiltering - Using platform encoding (UTF-8 actually) to copy filtered resources, i.e. build is platform dependent!
2025-08-08 16:36:49,245 [Worker-56: Building] INFO  o.a.m.s.f.DefaultMavenResourcesFiltering - Copying 0 resource from src\main\resources to target\classes
2025-08-08 16:36:49,248 [Worker-56: Building] WARN  o.a.m.s.f.DefaultMavenResourcesFiltering - Using platform encoding (UTF-8 actually) to copy filtered resources, i.e. build is platform dependent!
2025-08-08 16:36:49,249 [Worker-56: Building] INFO  o.a.m.s.f.DefaultMavenResourcesFiltering - skip non existing resourceDirectory C:\Users\BETU\Desktop\coading\25june25jee\Spring-MVC\Spring-MVC\src\test\resources
2025-08-08 16:38:11,177 [Worker-50: Building] WARN  o.a.m.s.f.DefaultMavenResourcesFiltering - Using platform encoding (UTF-8 actually) to copy filtered resources, i.e. build is platform dependent!
2025-08-08 16:38:11,179 [Worker-50: Building] INFO  o.a.m.s.f.DefaultMavenResourcesFiltering - Copying 0 resource from src\main\resources to target\classes
2025-08-08 16:38:11,181 [Worker-50: Building] WARN  o.a.m.s.f.DefaultMavenResourcesFiltering - Using platform encoding (UTF-8 actually) to copy filtered resources, i.e. build is platform dependent!
2025-08-08 16:38:11,183 [Worker-50: Building] INFO  o.a.m.s.f.DefaultMavenResourcesFiltering - skip non existing resourceDirectory C:\Users\BETU\Desktop\coading\25june25jee\Spring-MVC\Spring-MVC\src\test\resources
2025-08-08 16:40:02,764 [Worker-57: Building] WARN  o.a.m.s.f.DefaultMavenResourcesFiltering - Using platform encoding (UTF-8 actually) to copy filtered resources, i.e. build is platform dependent!
2025-08-08 16:40:02,769 [Worker-57: Building] INFO  o.a.m.s.f.DefaultMavenResourcesFiltering - Copying 0 resource from src\main\resources to target\classes
2025-08-08 16:40:02,773 [Worker-57: Building] WARN  o.a.m.s.f.DefaultMavenResourcesFiltering - Using platform encoding (UTF-8 actually) to copy filtered resources, i.e. build is platform dependent!
2025-08-08 16:40:02,774 [Worker-57: Building] INFO  o.a.m.s.f.DefaultMavenResourcesFiltering - skip non existing resourceDirectory C:\Users\BETU\Desktop\coading\25june25jee\Spring-MVC\Spring-MVC\src\test\resources
2025-08-08 16:40:28,147 [Worker-57: Building] WARN  o.a.m.s.f.DefaultMavenResourcesFiltering - Using platform encoding (UTF-8 actually) to copy filtered resources, i.e. build is platform dependent!
2025-08-08 16:40:28,148 [Worker-57: Building] INFO  o.a.m.s.f.DefaultMavenResourcesFiltering - Copying 0 resource from src\main\resources to target\classes
2025-08-08 16:40:28,151 [Worker-57: Building] WARN  o.a.m.s.f.DefaultMavenResourcesFiltering - Using platform encoding (UTF-8 actually) to copy filtered resources, i.e. build is platform dependent!
2025-08-08 16:40:28,153 [Worker-57: Building] INFO  o.a.m.s.f.DefaultMavenResourcesFiltering - skip non existing resourceDirectory C:\Users\BETU\Desktop\coading\25june25jee\Spring-MVC\Spring-MVC\src\test\resources
2025-08-08 16:45:46,894 [Worker-51: Launching mavenrun-34e62051-1ee9-42ba-98fb-01d19ecb690a] INFO  o.eclipse.m2e.core.internal.Bundles - getClasspathEntries(Bundle=org.eclipse.m2e.maven.runtime_3.9.900.20240824-1409 [638])
2025-08-08 16:45:46,896 [Worker-51: Launching mavenrun-34e62051-1ee9-42ba-98fb-01d19ecb690a] INFO  o.eclipse.m2e.core.internal.Bundles - 	Entry: C:\Users\BETU\.p2\pool\plugins\org.eclipse.m2e.maven.runtime_3.9.900.20240824-1409
2025-08-08 16:45:46,896 [Worker-51: Launching mavenrun-34e62051-1ee9-42ba-98fb-01d19ecb690a] INFO  o.eclipse.m2e.core.internal.Bundles - 	Entry: C:\Users\BETU\.p2\pool\plugins\org.eclipse.m2e.maven.runtime_3.9.900.20240824-1409\jars\aopalliance-1.0.jar
2025-08-08 16:45:46,898 [Worker-51: Launching mavenrun-34e62051-1ee9-42ba-98fb-01d19ecb690a] INFO  o.eclipse.m2e.core.internal.Bundles - 	Entry: C:\Users\BETU\.p2\pool\plugins\org.eclipse.m2e.maven.runtime_3.9.900.20240824-1409\jars\guice-5.1.0.jar
2025-08-08 16:45:46,898 [Worker-51: Launching mavenrun-34e62051-1ee9-42ba-98fb-01d19ecb690a] INFO  o.eclipse.m2e.core.internal.Bundles - 	Entry: C:\Users\BETU\.p2\pool\plugins\org.eclipse.m2e.maven.runtime_3.9.900.20240824-1409\jars\httpclient-4.5.14.jar
2025-08-08 16:45:46,899 [Worker-51: Launching mavenrun-34e62051-1ee9-42ba-98fb-01d19ecb690a] INFO  o.eclipse.m2e.core.internal.Bundles - 	Entry: C:\Users\BETU\.p2\pool\plugins\org.eclipse.m2e.maven.runtime_3.9.900.20240824-1409\jars\httpcore-4.4.16.jar
2025-08-08 16:45:46,899 [Worker-51: Launching mavenrun-34e62051-1ee9-42ba-98fb-01d19ecb690a] INFO  o.eclipse.m2e.core.internal.Bundles - 	Entry: C:\Users\BETU\.p2\pool\plugins\org.eclipse.m2e.maven.runtime_3.9.900.20240824-1409\jars\jansi-2.4.1.jar
2025-08-08 16:45:46,899 [Worker-51: Launching mavenrun-34e62051-1ee9-42ba-98fb-01d19ecb690a] INFO  o.eclipse.m2e.core.internal.Bundles - 	Entry: C:\Users\BETU\.p2\pool\plugins\org.eclipse.m2e.maven.runtime_3.9.900.20240824-1409\jars\jcl-over-slf4j-1.7.36.jar
2025-08-08 16:45:46,900 [Worker-51: Launching mavenrun-34e62051-1ee9-42ba-98fb-01d19ecb690a] INFO  o.eclipse.m2e.core.internal.Bundles - 	Entry: C:\Users\BETU\.p2\pool\plugins\org.eclipse.m2e.maven.runtime_3.9.900.20240824-1409\jars\maven-artifact-3.9.9.jar
2025-08-08 16:45:46,900 [Worker-51: Launching mavenrun-34e62051-1ee9-42ba-98fb-01d19ecb690a] INFO  o.eclipse.m2e.core.internal.Bundles - 	Entry: C:\Users\BETU\.p2\pool\plugins\org.eclipse.m2e.maven.runtime_3.9.900.20240824-1409\jars\maven-builder-support-3.9.9.jar
2025-08-08 16:45:46,901 [Worker-51: Launching mavenrun-34e62051-1ee9-42ba-98fb-01d19ecb690a] INFO  o.eclipse.m2e.core.internal.Bundles - 	Entry: C:\Users\BETU\.p2\pool\plugins\org.eclipse.m2e.maven.runtime_3.9.900.20240824-1409\jars\maven-compat-3.9.9.jar
2025-08-08 16:45:46,902 [Worker-51: Launching mavenrun-34e62051-1ee9-42ba-98fb-01d19ecb690a] INFO  o.eclipse.m2e.core.internal.Bundles - 	Entry: C:\Users\BETU\.p2\pool\plugins\org.eclipse.m2e.maven.runtime_3.9.900.20240824-1409\jars\maven-core-3.9.9.jar
2025-08-08 16:45:46,902 [Worker-51: Launching mavenrun-34e62051-1ee9-42ba-98fb-01d19ecb690a] INFO  o.eclipse.m2e.core.internal.Bundles - 	Entry: C:\Users\BETU\.p2\pool\plugins\org.eclipse.m2e.maven.runtime_3.9.900.20240824-1409\jars\maven-embedder-3.9.9.jar
2025-08-08 16:45:46,903 [Worker-51: Launching mavenrun-34e62051-1ee9-42ba-98fb-01d19ecb690a] INFO  o.eclipse.m2e.core.internal.Bundles - 	Entry: C:\Users\BETU\.p2\pool\plugins\org.eclipse.m2e.maven.runtime_3.9.900.20240824-1409\jars\maven-model-3.9.9.jar
2025-08-08 16:45:46,904 [Worker-51: Launching mavenrun-34e62051-1ee9-42ba-98fb-01d19ecb690a] INFO  o.eclipse.m2e.core.internal.Bundles - 	Entry: C:\Users\BETU\.p2\pool\plugins\org.eclipse.m2e.maven.runtime_3.9.900.20240824-1409\jars\maven-model-builder-3.9.9.jar
2025-08-08 16:45:46,905 [Worker-51: Launching mavenrun-34e62051-1ee9-42ba-98fb-01d19ecb690a] INFO  o.eclipse.m2e.core.internal.Bundles - 	Entry: C:\Users\BETU\.p2\pool\plugins\org.eclipse.m2e.maven.runtime_3.9.900.20240824-1409\jars\maven-plugin-api-3.9.9.jar
2025-08-08 16:45:46,906 [Worker-51: Launching mavenrun-34e62051-1ee9-42ba-98fb-01d19ecb690a] INFO  o.eclipse.m2e.core.internal.Bundles - 	Entry: C:\Users\BETU\.p2\pool\plugins\org.eclipse.m2e.maven.runtime_3.9.900.20240824-1409\jars\maven-repository-metadata-3.9.9.jar
2025-08-08 16:45:46,906 [Worker-51: Launching mavenrun-34e62051-1ee9-42ba-98fb-01d19ecb690a] INFO  o.eclipse.m2e.core.internal.Bundles - 	Entry: C:\Users\BETU\.p2\pool\plugins\org.eclipse.m2e.maven.runtime_3.9.900.20240824-1409\jars\maven-resolver-api-1.9.22.jar
2025-08-08 16:45:46,907 [Worker-51: Launching mavenrun-34e62051-1ee9-42ba-98fb-01d19ecb690a] INFO  o.eclipse.m2e.core.internal.Bundles - 	Entry: C:\Users\BETU\.p2\pool\plugins\org.eclipse.m2e.maven.runtime_3.9.900.20240824-1409\jars\maven-resolver-connector-basic-1.9.22.jar
2025-08-08 16:45:46,907 [Worker-51: Launching mavenrun-34e62051-1ee9-42ba-98fb-01d19ecb690a] INFO  o.eclipse.m2e.core.internal.Bundles - 	Entry: C:\Users\BETU\.p2\pool\plugins\org.eclipse.m2e.maven.runtime_3.9.900.20240824-1409\jars\maven-resolver-impl-1.9.22.jar
2025-08-08 16:45:46,908 [Worker-51: Launching mavenrun-34e62051-1ee9-42ba-98fb-01d19ecb690a] INFO  o.eclipse.m2e.core.internal.Bundles - 	Entry: C:\Users\BETU\.p2\pool\plugins\org.eclipse.m2e.maven.runtime_3.9.900.20240824-1409\jars\maven-resolver-named-locks-1.9.22.jar
2025-08-08 16:45:46,909 [Worker-51: Launching mavenrun-34e62051-1ee9-42ba-98fb-01d19ecb690a] INFO  o.eclipse.m2e.core.internal.Bundles - 	Entry: C:\Users\BETU\.p2\pool\plugins\org.eclipse.m2e.maven.runtime_3.9.900.20240824-1409\jars\maven-resolver-provider-3.9.9.jar
2025-08-08 16:45:46,909 [Worker-51: Launching mavenrun-34e62051-1ee9-42ba-98fb-01d19ecb690a] INFO  o.eclipse.m2e.core.internal.Bundles - 	Entry: C:\Users\BETU\.p2\pool\plugins\org.eclipse.m2e.maven.runtime_3.9.900.20240824-1409\jars\maven-resolver-spi-1.9.22.jar
2025-08-08 16:45:46,910 [Worker-51: Launching mavenrun-34e62051-1ee9-42ba-98fb-01d19ecb690a] INFO  o.eclipse.m2e.core.internal.Bundles - 	Entry: C:\Users\BETU\.p2\pool\plugins\org.eclipse.m2e.maven.runtime_3.9.900.20240824-1409\jars\maven-resolver-transport-file-1.9.22.jar
2025-08-08 16:45:46,911 [Worker-51: Launching mavenrun-34e62051-1ee9-42ba-98fb-01d19ecb690a] INFO  o.eclipse.m2e.core.internal.Bundles - 	Entry: C:\Users\BETU\.p2\pool\plugins\org.eclipse.m2e.maven.runtime_3.9.900.20240824-1409\jars\maven-resolver-transport-http-1.9.22.jar
2025-08-08 16:45:46,911 [Worker-51: Launching mavenrun-34e62051-1ee9-42ba-98fb-01d19ecb690a] INFO  o.eclipse.m2e.core.internal.Bundles - 	Entry: C:\Users\BETU\.p2\pool\plugins\org.eclipse.m2e.maven.runtime_3.9.900.20240824-1409\jars\maven-resolver-transport-wagon-1.9.22.jar
2025-08-08 16:45:46,912 [Worker-51: Launching mavenrun-34e62051-1ee9-42ba-98fb-01d19ecb690a] INFO  o.eclipse.m2e.core.internal.Bundles - 	Entry: C:\Users\BETU\.p2\pool\plugins\org.eclipse.m2e.maven.runtime_3.9.900.20240824-1409\jars\maven-resolver-util-1.9.22.jar
2025-08-08 16:45:46,913 [Worker-51: Launching mavenrun-34e62051-1ee9-42ba-98fb-01d19ecb690a] INFO  o.eclipse.m2e.core.internal.Bundles - 	Entry: C:\Users\BETU\.p2\pool\plugins\org.eclipse.m2e.maven.runtime_3.9.900.20240824-1409\jars\maven-settings-3.9.9.jar
2025-08-08 16:45:46,913 [Worker-51: Launching mavenrun-34e62051-1ee9-42ba-98fb-01d19ecb690a] INFO  o.eclipse.m2e.core.internal.Bundles - 	Entry: C:\Users\BETU\.p2\pool\plugins\org.eclipse.m2e.maven.runtime_3.9.900.20240824-1409\jars\maven-settings-builder-3.9.9.jar
2025-08-08 16:45:46,914 [Worker-51: Launching mavenrun-34e62051-1ee9-42ba-98fb-01d19ecb690a] INFO  o.eclipse.m2e.core.internal.Bundles - 	Entry: C:\Users\BETU\.p2\pool\plugins\org.eclipse.m2e.maven.runtime_3.9.900.20240824-1409\jars\maven-shared-utils-3.4.2.jar
2025-08-08 16:45:46,915 [Worker-51: Launching mavenrun-34e62051-1ee9-42ba-98fb-01d19ecb690a] INFO  o.eclipse.m2e.core.internal.Bundles - 	Entry: C:\Users\BETU\.p2\pool\plugins\org.eclipse.m2e.maven.runtime_3.9.900.20240824-1409\jars\org.eclipse.sisu.inject-0.9.0.M3.jar
2025-08-08 16:45:46,915 [Worker-51: Launching mavenrun-34e62051-1ee9-42ba-98fb-01d19ecb690a] INFO  o.eclipse.m2e.core.internal.Bundles - 	Entry: C:\Users\BETU\.p2\pool\plugins\org.eclipse.m2e.maven.runtime_3.9.900.20240824-1409\jars\org.eclipse.sisu.plexus-0.9.0.M3.jar
2025-08-08 16:45:46,916 [Worker-51: Launching mavenrun-34e62051-1ee9-42ba-98fb-01d19ecb690a] INFO  o.eclipse.m2e.core.internal.Bundles - 	Entry: C:\Users\BETU\.p2\pool\plugins\org.eclipse.m2e.maven.runtime_3.9.900.20240824-1409\jars\plexus-build-api-0.0.7.jar
2025-08-08 16:45:46,916 [Worker-51: Launching mavenrun-34e62051-1ee9-42ba-98fb-01d19ecb690a] INFO  o.eclipse.m2e.core.internal.Bundles - 	Entry: C:\Users\BETU\.p2\pool\plugins\org.eclipse.m2e.maven.runtime_3.9.900.20240824-1409\jars\plexus-build-api-1.2.0.jar
2025-08-08 16:45:46,917 [Worker-51: Launching mavenrun-34e62051-1ee9-42ba-98fb-01d19ecb690a] INFO  o.eclipse.m2e.core.internal.Bundles - 	Entry: C:\Users\BETU\.p2\pool\plugins\org.eclipse.m2e.maven.runtime_3.9.900.20240824-1409\jars\plexus-cipher-2.0.jar
2025-08-08 16:45:46,917 [Worker-51: Launching mavenrun-34e62051-1ee9-42ba-98fb-01d19ecb690a] INFO  o.eclipse.m2e.core.internal.Bundles - 	Entry: C:\Users\BETU\.p2\pool\plugins\org.eclipse.m2e.maven.runtime_3.9.900.20240824-1409\jars\plexus-classworlds-2.8.0.jar
2025-08-08 16:45:46,918 [Worker-51: Launching mavenrun-34e62051-1ee9-42ba-98fb-01d19ecb690a] INFO  o.eclipse.m2e.core.internal.Bundles - 	Entry: C:\Users\BETU\.p2\pool\plugins\org.eclipse.m2e.maven.runtime_3.9.900.20240824-1409\jars\plexus-component-annotations-2.1.0.jar
2025-08-08 16:45:46,918 [Worker-51: Launching mavenrun-34e62051-1ee9-42ba-98fb-01d19ecb690a] INFO  o.eclipse.m2e.core.internal.Bundles - 	Entry: C:\Users\BETU\.p2\pool\plugins\org.eclipse.m2e.maven.runtime_3.9.900.20240824-1409\jars\plexus-interpolation-1.27.jar
2025-08-08 16:45:46,919 [Worker-51: Launching mavenrun-34e62051-1ee9-42ba-98fb-01d19ecb690a] INFO  o.eclipse.m2e.core.internal.Bundles - 	Entry: C:\Users\BETU\.p2\pool\plugins\org.eclipse.m2e.maven.runtime_3.9.900.20240824-1409\jars\plexus-sec-dispatcher-2.0.jar
2025-08-08 16:45:46,919 [Worker-51: Launching mavenrun-34e62051-1ee9-42ba-98fb-01d19ecb690a] INFO  o.eclipse.m2e.core.internal.Bundles - 	Entry: C:\Users\BETU\.p2\pool\plugins\org.eclipse.m2e.maven.runtime_3.9.900.20240824-1409\jars\plexus-utils-3.5.1.jar
2025-08-08 16:45:46,920 [Worker-51: Launching mavenrun-34e62051-1ee9-42ba-98fb-01d19ecb690a] INFO  o.eclipse.m2e.core.internal.Bundles - 	Entry: C:\Users\BETU\.p2\pool\plugins\org.eclipse.m2e.maven.runtime_3.9.900.20240824-1409\jars\plexus-xml-3.0.1.jar
2025-08-08 16:45:46,921 [Worker-51: Launching mavenrun-34e62051-1ee9-42ba-98fb-01d19ecb690a] INFO  o.eclipse.m2e.core.internal.Bundles - 	Entry: C:\Users\BETU\.p2\pool\plugins\org.eclipse.m2e.maven.runtime_3.9.900.20240824-1409\jars\wagon-file-3.5.3.jar
2025-08-08 16:45:46,921 [Worker-51: Launching mavenrun-34e62051-1ee9-42ba-98fb-01d19ecb690a] INFO  o.eclipse.m2e.core.internal.Bundles - 	Entry: C:\Users\BETU\.p2\pool\plugins\org.eclipse.m2e.maven.runtime_3.9.900.20240824-1409\jars\wagon-http-3.5.3.jar
2025-08-08 16:45:46,922 [Worker-51: Launching mavenrun-34e62051-1ee9-42ba-98fb-01d19ecb690a] INFO  o.eclipse.m2e.core.internal.Bundles - 	Entry: C:\Users\BETU\.p2\pool\plugins\org.eclipse.m2e.maven.runtime_3.9.900.20240824-1409\jars\wagon-http-shared-3.5.3.jar
2025-08-08 16:45:46,922 [Worker-51: Launching mavenrun-34e62051-1ee9-42ba-98fb-01d19ecb690a] INFO  o.eclipse.m2e.core.internal.Bundles - 	Entry: C:\Users\BETU\.p2\pool\plugins\org.eclipse.m2e.maven.runtime_3.9.900.20240824-1409\jars\wagon-provider-api-3.5.3.jar
2025-08-08 16:45:46,923 [Worker-51: Launching mavenrun-34e62051-1ee9-42ba-98fb-01d19ecb690a] INFO  o.eclipse.m2e.core.internal.Bundles - getClasspathEntries(Bundle=com.google.guava_33.3.1.jre [16])
2025-08-08 16:45:46,925 [Worker-51: Launching mavenrun-34e62051-1ee9-42ba-98fb-01d19ecb690a] INFO  o.eclipse.m2e.core.internal.Bundles - 	Entry: C:\Users\BETU\.p2\pool\plugins\com.google.guava_33.3.1.jre.jar
2025-08-08 16:45:46,925 [Worker-51: Launching mavenrun-34e62051-1ee9-42ba-98fb-01d19ecb690a] INFO  o.eclipse.m2e.core.internal.Bundles - getClasspathEntries(Bundle=slf4j.api_2.0.16 [1005])
2025-08-08 16:45:46,926 [Worker-51: Launching mavenrun-34e62051-1ee9-42ba-98fb-01d19ecb690a] INFO  o.eclipse.m2e.core.internal.Bundles - 	Entry: C:\Users\BETU\.p2\pool\plugins\slf4j.api_2.0.16.jar
2025-08-08 16:45:46,926 [Worker-51: Launching mavenrun-34e62051-1ee9-42ba-98fb-01d19ecb690a] INFO  o.eclipse.m2e.core.internal.Bundles - getClasspathEntries(Bundle=jakarta.inject.jakarta.inject-api_1.0.5 [34])
2025-08-08 16:45:46,927 [Worker-51: Launching mavenrun-34e62051-1ee9-42ba-98fb-01d19ecb690a] INFO  o.eclipse.m2e.core.internal.Bundles - 	Entry: C:\Users\BETU\.p2\pool\plugins\jakarta.inject.jakarta.inject-api_1.0.5.jar
2025-08-08 16:45:46,928 [Worker-51: Launching mavenrun-34e62051-1ee9-42ba-98fb-01d19ecb690a] INFO  o.eclipse.m2e.core.internal.Bundles - getClasspathEntries(Bundle=jakarta.annotation-api_1.3.5 [29])
2025-08-08 16:45:46,929 [Worker-51: Launching mavenrun-34e62051-1ee9-42ba-98fb-01d19ecb690a] INFO  o.eclipse.m2e.core.internal.Bundles - 	Entry: C:\Users\BETU\.p2\pool\plugins\jakarta.annotation-api_1.3.5.jar
2025-08-08 16:45:46,930 [Worker-51: Launching mavenrun-34e62051-1ee9-42ba-98fb-01d19ecb690a] INFO  o.eclipse.m2e.core.internal.Bundles - getClasspathEntries(Bundle=org.apache.commons.cli_1.9.0 [75])
2025-08-08 16:45:46,931 [Worker-51: Launching mavenrun-34e62051-1ee9-42ba-98fb-01d19ecb690a] INFO  o.eclipse.m2e.core.internal.Bundles - 	Entry: C:\Users\BETU\.p2\pool\plugins\org.apache.commons.cli_1.9.0.jar
2025-08-08 16:45:46,931 [Worker-51: Launching mavenrun-34e62051-1ee9-42ba-98fb-01d19ecb690a] INFO  o.eclipse.m2e.core.internal.Bundles - getClasspathEntries(Bundle=org.apache.commons.commons-codec_1.16.0 [78])
2025-08-08 16:45:46,932 [Worker-51: Launching mavenrun-34e62051-1ee9-42ba-98fb-01d19ecb690a] INFO  o.eclipse.m2e.core.internal.Bundles - 	Entry: C:\Users\BETU\.p2\pool\plugins\org.apache.commons.commons-codec_1.16.0.jar
2025-08-08 16:45:46,933 [Worker-51: Launching mavenrun-34e62051-1ee9-42ba-98fb-01d19ecb690a] INFO  o.eclipse.m2e.core.internal.Bundles - getClasspathEntries(Bundle=com.google.guava.failureaccess_1.0.2 [17])
2025-08-08 16:45:46,934 [Worker-51: Launching mavenrun-34e62051-1ee9-42ba-98fb-01d19ecb690a] INFO  o.eclipse.m2e.core.internal.Bundles - 	Entry: C:\Users\BETU\.p2\pool\plugins\com.google.guava.failureaccess_1.0.2.jar
2025-08-08 16:45:46,967 [Worker-51: Launching mavenrun-34e62051-1ee9-42ba-98fb-01d19ecb690a] INFO  o.e.m.i.launch.MavenLaunchDelegate - Run build in "C:\Users\BETU\AppData\Local\Temp\m2e-archetypeGenerator13749851032333356364":
2025-08-08 16:45:46,968 [Worker-51: Launching mavenrun-34e62051-1ee9-42ba-98fb-01d19ecb690a] INFO  o.e.m.i.launch.MavenLaunchDelegate -  mvn  -DarchetypeGroupId=org.apache.maven.archetypes -DarchetypeArtifactId=maven-archetype-webapp -DarchetypeVersion=1.0 -DgroupId=com.univ -DartifactId=Spring-MVC-App2 -Dversion=0.0.1-SNAPSHOT -Dpackage=com.univ -DoutputDirectory=C:\Users\BETU\Desktop\coading\25june25jee\Spring-MVC -Dstyle.color=always -U archetype:generate
2025-08-08 16:46:52,295 [Worker-57: Creating maven-archetype-webapp] INFO  o.e.m.c.i.p.ProjectConfigurationManager - Collecting project info '/pom.xml' C:\Users\BETU\Desktop\coading\25june25jee\Spring-MVC\Spring-MVC-App2\pom.xml
2025-08-08 16:46:52,395 [Worker-57: Creating maven-archetype-webapp] INFO  o.e.m.c.i.l.LifecycleMappingFactory - Using org.maven.ide.eclipse.wtp.WarLifecycleMapping lifecycle mapping for MavenProject: com.univ:Spring-MVC-App2:0.0.1-SNAPSHOT @ C:\Users\BETU\Desktop\coading\25june25jee\Spring-MVC\Spring-MVC-App2\pom.xml.
2025-08-08 16:46:53,187 [Worker-57: Creating maven-archetype-webapp] INFO  o.e.m.j.i.AbstractJavaProjectConfigurator - Adding source folder /Spring-MVC-App2/src/main/java
2025-08-08 16:46:53,188 [Worker-57: Creating maven-archetype-webapp] INFO  o.e.m.j.i.AbstractJavaProjectConfigurator - Adding resource folder /Spring-MVC-App2/src/main/resources
2025-08-08 16:46:53,189 [Worker-57: Creating maven-archetype-webapp] INFO  o.e.m.j.i.AbstractJavaProjectConfigurator - Adding source folder /Spring-MVC-App2/src/test/java
2025-08-08 16:46:53,191 [Worker-57: Creating maven-archetype-webapp] INFO  o.e.m.j.i.AbstractJavaProjectConfigurator - Adding resource folder /Spring-MVC-App2/src/test/resources
2025-08-08 16:46:55,299 [Worker-57: Creating maven-archetype-webapp] INFO  o.e.m.c.i.p.ProjectConfigurationManager - Imported and configured 1 project(s) in 3 sec
2025-08-08 16:46:55,557 [Worker-55: Building] WARN  o.a.m.s.f.DefaultMavenResourcesFiltering - Using platform encoding (UTF-8 actually) to copy filtered resources, i.e. build is platform dependent!
2025-08-08 16:46:55,559 [Worker-55: Building] INFO  o.a.m.s.f.DefaultMavenResourcesFiltering - Copying 0 resource from src\main\resources to target\classes
2025-08-08 16:46:55,565 [Worker-55: Building] WARN  o.a.m.s.f.DefaultMavenResourcesFiltering - Using platform encoding (UTF-8 actually) to copy filtered resources, i.e. build is platform dependent!
2025-08-08 16:46:55,568 [Worker-55: Building] INFO  o.a.m.s.f.DefaultMavenResourcesFiltering - skip non existing resourceDirectory C:\Users\BETU\Desktop\coading\25june25jee\Spring-MVC\Spring-MVC-App2\src\test\resources
2025-08-08 16:47:16,204 [Worker-56: Building] INFO  o.e.m.c.i.l.LifecycleMappingFactory - Using org.maven.ide.eclipse.wtp.WarLifecycleMapping lifecycle mapping for MavenProject: com.univ:Spring-MVC-App2:0.0.1-SNAPSHOT @ C:\Users\BETU\Desktop\coading\25june25jee\Spring-MVC\Spring-MVC-App2\pom.xml.
2025-08-08 16:47:16,287 [Worker-56: Building] WARN  o.a.m.s.f.DefaultMavenResourcesFiltering - Using platform encoding (UTF-8 actually) to copy filtered resources, i.e. build is platform dependent!
2025-08-08 16:47:16,288 [Worker-56: Building] INFO  o.a.m.s.f.DefaultMavenResourcesFiltering - Copying 0 resource from src\main\resources to target\classes
2025-08-08 16:47:16,290 [Worker-56: Building] WARN  o.a.m.s.f.DefaultMavenResourcesFiltering - Using platform encoding (UTF-8 actually) to copy filtered resources, i.e. build is platform dependent!
2025-08-08 16:47:16,291 [Worker-56: Building] INFO  o.a.m.s.f.DefaultMavenResourcesFiltering - skip non existing resourceDirectory C:\Users\BETU\Desktop\coading\25june25jee\Spring-MVC\Spring-MVC-App2\src\test\resources
2025-08-08 16:47:59,901 [Worker-58: Building] WARN  o.a.m.s.f.DefaultMavenResourcesFiltering - Using platform encoding (UTF-8 actually) to copy filtered resources, i.e. build is platform dependent!
2025-08-08 16:47:59,905 [Worker-58: Building] INFO  o.a.m.s.f.DefaultMavenResourcesFiltering - Copying 0 resource from src\main\resources to target\classes
2025-08-08 16:47:59,910 [Worker-58: Building] WARN  o.a.m.s.f.DefaultMavenResourcesFiltering - Using platform encoding (UTF-8 actually) to copy filtered resources, i.e. build is platform dependent!
2025-08-08 16:47:59,913 [Worker-58: Building] INFO  o.a.m.s.f.DefaultMavenResourcesFiltering - skip non existing resourceDirectory C:\Users\BETU\Desktop\coading\25june25jee\Spring-MVC\Spring-MVC-App2\src\test\resources
2025-08-08 16:48:32,528 [Worker-50: Building] WARN  o.a.m.s.f.DefaultMavenResourcesFiltering - Using platform encoding (UTF-8 actually) to copy filtered resources, i.e. build is platform dependent!
2025-08-08 16:48:32,531 [Worker-50: Building] INFO  o.a.m.s.f.DefaultMavenResourcesFiltering - Copying 0 resource from src\main\resources to target\classes
2025-08-08 16:48:32,534 [Worker-50: Building] WARN  o.a.m.s.f.DefaultMavenResourcesFiltering - Using platform encoding (UTF-8 actually) to copy filtered resources, i.e. build is platform dependent!
2025-08-08 16:48:32,535 [Worker-50: Building] INFO  o.a.m.s.f.DefaultMavenResourcesFiltering - skip non existing resourceDirectory C:\Users\BETU\Desktop\coading\25june25jee\Spring-MVC\Spring-MVC-App2\src\test\resources
2025-08-08 16:48:51,237 [Worker-56: Building] WARN  o.a.m.s.f.DefaultMavenResourcesFiltering - Using platform encoding (UTF-8 actually) to copy filtered resources, i.e. build is platform dependent!
2025-08-08 16:48:51,240 [Worker-56: Building] INFO  o.a.m.s.f.DefaultMavenResourcesFiltering - Copying 0 resource from src\main\resources to target\classes
2025-08-08 16:48:51,247 [Worker-56: Building] WARN  o.a.m.s.f.DefaultMavenResourcesFiltering - Using platform encoding (UTF-8 actually) to copy filtered resources, i.e. build is platform dependent!
2025-08-08 16:48:51,249 [Worker-56: Building] INFO  o.a.m.s.f.DefaultMavenResourcesFiltering - skip non existing resourceDirectory C:\Users\BETU\Desktop\coading\25june25jee\Spring-MVC\Spring-MVC-App2\src\test\resources
2025-08-08 16:52:20,331 [Worker-60: Building] WARN  o.a.m.s.f.DefaultMavenResourcesFiltering - Using platform encoding (UTF-8 actually) to copy filtered resources, i.e. build is platform dependent!
2025-08-08 16:52:20,337 [Worker-60: Building] INFO  o.a.m.s.f.DefaultMavenResourcesFiltering - Copying 0 resource from src\main\resources to target\classes
2025-08-08 16:52:20,339 [Worker-60: Building] WARN  o.a.m.s.f.DefaultMavenResourcesFiltering - Using platform encoding (UTF-8 actually) to copy filtered resources, i.e. build is platform dependent!
2025-08-08 16:52:20,340 [Worker-60: Building] INFO  o.a.m.s.f.DefaultMavenResourcesFiltering - skip non existing resourceDirectory C:\Users\BETU\Desktop\coading\25june25jee\Spring-MVC\Spring-MVC-App2\src\test\resources
2025-08-08 16:52:43,401 [Worker-58: Building Project Spring-MVC-App2] WARN  o.a.m.s.f.DefaultMavenResourcesFiltering - Using platform encoding (UTF-8 actually) to copy filtered resources, i.e. build is platform dependent!
2025-08-08 16:52:43,403 [Worker-58: Building Project Spring-MVC-App2] INFO  o.a.m.s.f.DefaultMavenResourcesFiltering - Copying 0 resource from src\main\resources to target\classes
2025-08-08 16:52:43,407 [Worker-58: Building Project Spring-MVC-App2] WARN  o.a.m.s.f.DefaultMavenResourcesFiltering - Using platform encoding (UTF-8 actually) to copy filtered resources, i.e. build is platform dependent!
2025-08-08 16:52:43,409 [Worker-58: Building Project Spring-MVC-App2] INFO  o.a.m.s.f.DefaultMavenResourcesFiltering - skip non existing resourceDirectory C:\Users\BETU\Desktop\coading\25june25jee\Spring-MVC\Spring-MVC-App2\src\test\resources
2025-08-08 16:53:59,792 [Worker-55: Building] WARN  o.a.m.s.f.DefaultMavenResourcesFiltering - Using platform encoding (UTF-8 actually) to copy filtered resources, i.e. build is platform dependent!
2025-08-08 16:53:59,794 [Worker-55: Building] INFO  o.a.m.s.f.DefaultMavenResourcesFiltering - Copying 0 resource from src\main\resources to target\classes
2025-08-08 16:53:59,795 [Worker-55: Building] WARN  o.a.m.s.f.DefaultMavenResourcesFiltering - Using platform encoding (UTF-8 actually) to copy filtered resources, i.e. build is platform dependent!
2025-08-08 16:53:59,796 [Worker-55: Building] INFO  o.a.m.s.f.DefaultMavenResourcesFiltering - skip non existing resourceDirectory C:\Users\BETU\Desktop\coading\25june25jee\Spring-MVC\Spring-MVC-App2\src\test\resources
2025-08-08 16:55:47,438 [Worker-56: Building] WARN  o.a.m.s.f.DefaultMavenResourcesFiltering - Using platform encoding (UTF-8 actually) to copy filtered resources, i.e. build is platform dependent!
2025-08-08 16:55:47,440 [Worker-56: Building] INFO  o.a.m.s.f.DefaultMavenResourcesFiltering - Copying 0 resource from src\main\resources to target\classes
2025-08-08 16:55:47,442 [Worker-56: Building] WARN  o.a.m.s.f.DefaultMavenResourcesFiltering - Using platform encoding (UTF-8 actually) to copy filtered resources, i.e. build is platform dependent!
2025-08-08 16:55:47,443 [Worker-56: Building] INFO  o.a.m.s.f.DefaultMavenResourcesFiltering - skip non existing resourceDirectory C:\Users\BETU\Desktop\coading\25june25jee\Spring-MVC\Spring-MVC-App2\src\test\resources
2025-08-08 16:57:23,046 [Worker-60: Building] WARN  o.a.m.s.f.DefaultMavenResourcesFiltering - Using platform encoding (UTF-8 actually) to copy filtered resources, i.e. build is platform dependent!
2025-08-08 16:57:23,053 [Worker-60: Building] INFO  o.a.m.s.f.DefaultMavenResourcesFiltering - Copying 0 resource from src\main\resources to target\classes
2025-08-08 16:57:23,056 [Worker-60: Building] WARN  o.a.m.s.f.DefaultMavenResourcesFiltering - Using platform encoding (UTF-8 actually) to copy filtered resources, i.e. build is platform dependent!
2025-08-08 16:57:23,057 [Worker-60: Building] INFO  o.a.m.s.f.DefaultMavenResourcesFiltering - skip non existing resourceDirectory C:\Users\BETU\Desktop\coading\25june25jee\Spring-MVC\Spring-MVC-App2\src\test\resources
2025-08-08 16:57:26,204 [Stop Help Server] INFO  org.eclipse.jetty.server.Server - Stopped oejs.Server@4981c9e{STOPPING}[12.0.15,sto=0]
2025-08-08 16:57:26,210 [Stop Help Server] INFO  o.e.jetty.server.AbstractConnector - Stopped ServerConnector@35669fd9{HTTP/1.1, (http/1.1)}{127.0.0.1:0}
2025-08-11 10:44:28,116 [Worker-7: Loading available Gradle versions] INFO  o.e.b.c.i.u.g.PublishedGradleVersions - Gradle version information cache is out-of-date. Trying to update.
2025-08-11 10:44:34,849 [Worker-1: Updating Maven Dependencies] INFO  o.e.m.c.i.l.LifecycleMappingFactory - Using org.maven.ide.eclipse.wtp.WarLifecycleMapping lifecycle mapping for MavenProject: com.univ:Spring-MVC-App2:0.0.1-SNAPSHOT @ C:\Users\BETU\Desktop\coading\25june25jee\Spring-MVC\Spring-MVC-App2\pom.xml.
2025-08-11 10:44:34,849 [Worker-9: Building] INFO  o.e.m.c.i.l.LifecycleMappingFactory - Using org.maven.ide.eclipse.wtp.WarLifecycleMapping lifecycle mapping for MavenProject: com.univ:Spring-MVC:0.0.1-SNAPSHOT @ C:\Users\BETU\Desktop\coading\25june25jee\Spring-MVC\Spring-MVC\pom.xml.
2025-08-11 10:44:45,240 [Worker-9: Building] INFO  o.e.m.c.i.l.LifecycleMappingFactory - Using org.maven.ide.eclipse.wtp.WarLifecycleMapping lifecycle mapping for MavenProject: com.univ:Spring-MVC-App2:0.0.1-SNAPSHOT @ C:\Users\BETU\Desktop\coading\25june25jee\Spring-MVC\Spring-MVC-App2\pom.xml.
2025-08-11 10:44:46,710 [Worker-2: Updating Maven Dependencies] INFO  o.e.m.c.i.l.LifecycleMappingFactory - Using org.maven.ide.eclipse.wtp.WarLifecycleMapping lifecycle mapping for MavenProject: com.univ:Spring-MVC-App2:0.0.1-SNAPSHOT @ C:\Users\BETU\Desktop\coading\25june25jee\Spring-MVC\Spring-MVC-App2\pom.xml.
2025-08-11 10:44:46,838 [Worker-2: Updating Maven Dependencies] INFO  o.e.m.c.i.l.LifecycleMappingFactory - Using org.maven.ide.eclipse.wtp.WarLifecycleMapping lifecycle mapping for MavenProject: com.univ:Spring-MVC:0.0.1-SNAPSHOT @ C:\Users\BETU\Desktop\coading\25june25jee\Spring-MVC\Spring-MVC\pom.xml.
2025-08-11 10:47:38,274 [Worker-14: Building] WARN  o.a.m.s.f.DefaultMavenResourcesFiltering - Using platform encoding (UTF-8 actually) to copy filtered resources, i.e. build is platform dependent!
2025-08-11 10:47:38,286 [Worker-14: Building] INFO  o.a.m.s.f.DefaultMavenResourcesFiltering - Copying 0 resource from src\main\resources to target\classes
2025-08-11 10:47:38,290 [Worker-14: Building] WARN  o.a.m.s.f.DefaultMavenResourcesFiltering - Using platform encoding (UTF-8 actually) to copy filtered resources, i.e. build is platform dependent!
2025-08-11 10:47:38,291 [Worker-14: Building] INFO  o.a.m.s.f.DefaultMavenResourcesFiltering - skip non existing resourceDirectory C:\Users\BETU\Desktop\coading\25june25jee\Spring-MVC\Spring-MVC-App2\src\test\resources
2025-08-11 10:47:46,288 [Worker-14: Building] WARN  o.a.m.s.f.DefaultMavenResourcesFiltering - Using platform encoding (UTF-8 actually) to copy filtered resources, i.e. build is platform dependent!
2025-08-11 10:47:46,291 [Worker-14: Building] INFO  o.a.m.s.f.DefaultMavenResourcesFiltering - Copying 0 resource from src\main\resources to target\classes
2025-08-11 10:47:46,294 [Worker-14: Building] WARN  o.a.m.s.f.DefaultMavenResourcesFiltering - Using platform encoding (UTF-8 actually) to copy filtered resources, i.e. build is platform dependent!
2025-08-11 10:47:46,295 [Worker-14: Building] INFO  o.a.m.s.f.DefaultMavenResourcesFiltering - skip non existing resourceDirectory C:\Users\BETU\Desktop\coading\25june25jee\Spring-MVC\Spring-MVC-App2\src\test\resources
2025-08-11 10:49:53,275 [Worker-3: Building] WARN  o.a.m.s.f.DefaultMavenResourcesFiltering - Using platform encoding (UTF-8 actually) to copy filtered resources, i.e. build is platform dependent!
2025-08-11 10:49:53,279 [Worker-3: Building] INFO  o.a.m.s.f.DefaultMavenResourcesFiltering - Copying 0 resource from src\main\resources to target\classes
2025-08-11 10:49:53,286 [Worker-3: Building] WARN  o.a.m.s.f.DefaultMavenResourcesFiltering - Using platform encoding (UTF-8 actually) to copy filtered resources, i.e. build is platform dependent!
2025-08-11 10:49:53,288 [Worker-3: Building] INFO  o.a.m.s.f.DefaultMavenResourcesFiltering - skip non existing resourceDirectory C:\Users\BETU\Desktop\coading\25june25jee\Spring-MVC\Spring-MVC-App2\src\test\resources
2025-08-11 10:50:04,262 [Worker-14: Building] WARN  o.a.m.s.f.DefaultMavenResourcesFiltering - Using platform encoding (UTF-8 actually) to copy filtered resources, i.e. build is platform dependent!
2025-08-11 10:50:04,264 [Worker-14: Building] INFO  o.a.m.s.f.DefaultMavenResourcesFiltering - Copying 0 resource from src\main\resources to target\classes
2025-08-11 10:50:04,269 [Worker-14: Building] WARN  o.a.m.s.f.DefaultMavenResourcesFiltering - Using platform encoding (UTF-8 actually) to copy filtered resources, i.e. build is platform dependent!
2025-08-11 10:50:04,272 [Worker-14: Building] INFO  o.a.m.s.f.DefaultMavenResourcesFiltering - skip non existing resourceDirectory C:\Users\BETU\Desktop\coading\25june25jee\Spring-MVC\Spring-MVC-App2\src\test\resources
2025-08-11 10:50:26,738 [Worker-23: Building] WARN  o.a.m.s.f.DefaultMavenResourcesFiltering - Using platform encoding (UTF-8 actually) to copy filtered resources, i.e. build is platform dependent!
2025-08-11 10:50:26,740 [Worker-23: Building] INFO  o.a.m.s.f.DefaultMavenResourcesFiltering - Copying 0 resource from src\main\resources to target\classes
2025-08-11 10:50:26,743 [Worker-23: Building] WARN  o.a.m.s.f.DefaultMavenResourcesFiltering - Using platform encoding (UTF-8 actually) to copy filtered resources, i.e. build is platform dependent!
2025-08-11 10:50:26,744 [Worker-23: Building] INFO  o.a.m.s.f.DefaultMavenResourcesFiltering - skip non existing resourceDirectory C:\Users\BETU\Desktop\coading\25june25jee\Spring-MVC\Spring-MVC-App2\src\test\resources
2025-08-11 10:50:40,670 [Worker-16: Building] WARN  o.a.m.s.f.DefaultMavenResourcesFiltering - Using platform encoding (UTF-8 actually) to copy filtered resources, i.e. build is platform dependent!
2025-08-11 10:50:40,673 [Worker-16: Building] INFO  o.a.m.s.f.DefaultMavenResourcesFiltering - Copying 0 resource from src\main\resources to target\classes
2025-08-11 10:50:40,675 [Worker-16: Building] WARN  o.a.m.s.f.DefaultMavenResourcesFiltering - Using platform encoding (UTF-8 actually) to copy filtered resources, i.e. build is platform dependent!
2025-08-11 10:50:40,676 [Worker-16: Building] INFO  o.a.m.s.f.DefaultMavenResourcesFiltering - skip non existing resourceDirectory C:\Users\BETU\Desktop\coading\25june25jee\Spring-MVC\Spring-MVC-App2\src\test\resources
2025-08-11 10:50:41,757 [Worker-28: Building] WARN  o.a.m.s.f.DefaultMavenResourcesFiltering - Using platform encoding (UTF-8 actually) to copy filtered resources, i.e. build is platform dependent!
2025-08-11 10:50:41,758 [Worker-28: Building] INFO  o.a.m.s.f.DefaultMavenResourcesFiltering - Copying 0 resource from src\main\resources to target\classes
2025-08-11 10:50:41,761 [Worker-28: Building] WARN  o.a.m.s.f.DefaultMavenResourcesFiltering - Using platform encoding (UTF-8 actually) to copy filtered resources, i.e. build is platform dependent!
2025-08-11 10:50:41,762 [Worker-28: Building] INFO  o.a.m.s.f.DefaultMavenResourcesFiltering - skip non existing resourceDirectory C:\Users\BETU\Desktop\coading\25june25jee\Spring-MVC\Spring-MVC-App2\src\test\resources
2025-08-11 10:53:35,440 [Worker-7: Launching mavenrun-c35ef6a4-cf8c-48d5-b7f3-05d2071621ac] INFO  o.eclipse.m2e.core.internal.Bundles - getClasspathEntries(Bundle=org.eclipse.m2e.maven.runtime_3.9.900.20240824-1409 [638])
2025-08-11 10:53:35,443 [Worker-7: Launching mavenrun-c35ef6a4-cf8c-48d5-b7f3-05d2071621ac] INFO  o.eclipse.m2e.core.internal.Bundles - 	Entry: C:\Users\BETU\.p2\pool\plugins\org.eclipse.m2e.maven.runtime_3.9.900.20240824-1409
2025-08-11 10:53:35,444 [Worker-7: Launching mavenrun-c35ef6a4-cf8c-48d5-b7f3-05d2071621ac] INFO  o.eclipse.m2e.core.internal.Bundles - 	Entry: C:\Users\BETU\.p2\pool\plugins\org.eclipse.m2e.maven.runtime_3.9.900.20240824-1409\jars\aopalliance-1.0.jar
2025-08-11 10:53:35,444 [Worker-7: Launching mavenrun-c35ef6a4-cf8c-48d5-b7f3-05d2071621ac] INFO  o.eclipse.m2e.core.internal.Bundles - 	Entry: C:\Users\BETU\.p2\pool\plugins\org.eclipse.m2e.maven.runtime_3.9.900.20240824-1409\jars\guice-5.1.0.jar
2025-08-11 10:53:35,444 [Worker-7: Launching mavenrun-c35ef6a4-cf8c-48d5-b7f3-05d2071621ac] INFO  o.eclipse.m2e.core.internal.Bundles - 	Entry: C:\Users\BETU\.p2\pool\plugins\org.eclipse.m2e.maven.runtime_3.9.900.20240824-1409\jars\httpclient-4.5.14.jar
2025-08-11 10:53:35,445 [Worker-7: Launching mavenrun-c35ef6a4-cf8c-48d5-b7f3-05d2071621ac] INFO  o.eclipse.m2e.core.internal.Bundles - 	Entry: C:\Users\BETU\.p2\pool\plugins\org.eclipse.m2e.maven.runtime_3.9.900.20240824-1409\jars\httpcore-4.4.16.jar
2025-08-11 10:53:35,445 [Worker-7: Launching mavenrun-c35ef6a4-cf8c-48d5-b7f3-05d2071621ac] INFO  o.eclipse.m2e.core.internal.Bundles - 	Entry: C:\Users\BETU\.p2\pool\plugins\org.eclipse.m2e.maven.runtime_3.9.900.20240824-1409\jars\jansi-2.4.1.jar
2025-08-11 10:53:35,445 [Worker-7: Launching mavenrun-c35ef6a4-cf8c-48d5-b7f3-05d2071621ac] INFO  o.eclipse.m2e.core.internal.Bundles - 	Entry: C:\Users\BETU\.p2\pool\plugins\org.eclipse.m2e.maven.runtime_3.9.900.20240824-1409\jars\jcl-over-slf4j-1.7.36.jar
2025-08-11 10:53:35,445 [Worker-7: Launching mavenrun-c35ef6a4-cf8c-48d5-b7f3-05d2071621ac] INFO  o.eclipse.m2e.core.internal.Bundles - 	Entry: C:\Users\BETU\.p2\pool\plugins\org.eclipse.m2e.maven.runtime_3.9.900.20240824-1409\jars\maven-artifact-3.9.9.jar
2025-08-11 10:53:35,445 [Worker-7: Launching mavenrun-c35ef6a4-cf8c-48d5-b7f3-05d2071621ac] INFO  o.eclipse.m2e.core.internal.Bundles - 	Entry: C:\Users\BETU\.p2\pool\plugins\org.eclipse.m2e.maven.runtime_3.9.900.20240824-1409\jars\maven-builder-support-3.9.9.jar
2025-08-11 10:53:35,446 [Worker-7: Launching mavenrun-c35ef6a4-cf8c-48d5-b7f3-05d2071621ac] INFO  o.eclipse.m2e.core.internal.Bundles - 	Entry: C:\Users\BETU\.p2\pool\plugins\org.eclipse.m2e.maven.runtime_3.9.900.20240824-1409\jars\maven-compat-3.9.9.jar
2025-08-11 10:53:35,446 [Worker-7: Launching mavenrun-c35ef6a4-cf8c-48d5-b7f3-05d2071621ac] INFO  o.eclipse.m2e.core.internal.Bundles - 	Entry: C:\Users\BETU\.p2\pool\plugins\org.eclipse.m2e.maven.runtime_3.9.900.20240824-1409\jars\maven-core-3.9.9.jar
2025-08-11 10:53:35,446 [Worker-7: Launching mavenrun-c35ef6a4-cf8c-48d5-b7f3-05d2071621ac] INFO  o.eclipse.m2e.core.internal.Bundles - 	Entry: C:\Users\BETU\.p2\pool\plugins\org.eclipse.m2e.maven.runtime_3.9.900.20240824-1409\jars\maven-embedder-3.9.9.jar
2025-08-11 10:53:35,446 [Worker-7: Launching mavenrun-c35ef6a4-cf8c-48d5-b7f3-05d2071621ac] INFO  o.eclipse.m2e.core.internal.Bundles - 	Entry: C:\Users\BETU\.p2\pool\plugins\org.eclipse.m2e.maven.runtime_3.9.900.20240824-1409\jars\maven-model-3.9.9.jar
2025-08-11 10:53:35,446 [Worker-7: Launching mavenrun-c35ef6a4-cf8c-48d5-b7f3-05d2071621ac] INFO  o.eclipse.m2e.core.internal.Bundles - 	Entry: C:\Users\BETU\.p2\pool\plugins\org.eclipse.m2e.maven.runtime_3.9.900.20240824-1409\jars\maven-model-builder-3.9.9.jar
2025-08-11 10:53:35,446 [Worker-7: Launching mavenrun-c35ef6a4-cf8c-48d5-b7f3-05d2071621ac] INFO  o.eclipse.m2e.core.internal.Bundles - 	Entry: C:\Users\BETU\.p2\pool\plugins\org.eclipse.m2e.maven.runtime_3.9.900.20240824-1409\jars\maven-plugin-api-3.9.9.jar
2025-08-11 10:53:35,446 [Worker-7: Launching mavenrun-c35ef6a4-cf8c-48d5-b7f3-05d2071621ac] INFO  o.eclipse.m2e.core.internal.Bundles - 	Entry: C:\Users\BETU\.p2\pool\plugins\org.eclipse.m2e.maven.runtime_3.9.900.20240824-1409\jars\maven-repository-metadata-3.9.9.jar
2025-08-11 10:53:35,447 [Worker-7: Launching mavenrun-c35ef6a4-cf8c-48d5-b7f3-05d2071621ac] INFO  o.eclipse.m2e.core.internal.Bundles - 	Entry: C:\Users\BETU\.p2\pool\plugins\org.eclipse.m2e.maven.runtime_3.9.900.20240824-1409\jars\maven-resolver-api-1.9.22.jar
2025-08-11 10:53:35,447 [Worker-7: Launching mavenrun-c35ef6a4-cf8c-48d5-b7f3-05d2071621ac] INFO  o.eclipse.m2e.core.internal.Bundles - 	Entry: C:\Users\BETU\.p2\pool\plugins\org.eclipse.m2e.maven.runtime_3.9.900.20240824-1409\jars\maven-resolver-connector-basic-1.9.22.jar
2025-08-11 10:53:35,447 [Worker-7: Launching mavenrun-c35ef6a4-cf8c-48d5-b7f3-05d2071621ac] INFO  o.eclipse.m2e.core.internal.Bundles - 	Entry: C:\Users\BETU\.p2\pool\plugins\org.eclipse.m2e.maven.runtime_3.9.900.20240824-1409\jars\maven-resolver-impl-1.9.22.jar
2025-08-11 10:53:35,447 [Worker-7: Launching mavenrun-c35ef6a4-cf8c-48d5-b7f3-05d2071621ac] INFO  o.eclipse.m2e.core.internal.Bundles - 	Entry: C:\Users\BETU\.p2\pool\plugins\org.eclipse.m2e.maven.runtime_3.9.900.20240824-1409\jars\maven-resolver-named-locks-1.9.22.jar
2025-08-11 10:53:35,447 [Worker-7: Launching mavenrun-c35ef6a4-cf8c-48d5-b7f3-05d2071621ac] INFO  o.eclipse.m2e.core.internal.Bundles - 	Entry: C:\Users\BETU\.p2\pool\plugins\org.eclipse.m2e.maven.runtime_3.9.900.20240824-1409\jars\maven-resolver-provider-3.9.9.jar
2025-08-11 10:53:35,447 [Worker-7: Launching mavenrun-c35ef6a4-cf8c-48d5-b7f3-05d2071621ac] INFO  o.eclipse.m2e.core.internal.Bundles - 	Entry: C:\Users\BETU\.p2\pool\plugins\org.eclipse.m2e.maven.runtime_3.9.900.20240824-1409\jars\maven-resolver-spi-1.9.22.jar
2025-08-11 10:53:35,447 [Worker-7: Launching mavenrun-c35ef6a4-cf8c-48d5-b7f3-05d2071621ac] INFO  o.eclipse.m2e.core.internal.Bundles - 	Entry: C:\Users\BETU\.p2\pool\plugins\org.eclipse.m2e.maven.runtime_3.9.900.20240824-1409\jars\maven-resolver-transport-file-1.9.22.jar
2025-08-11 10:53:35,448 [Worker-7: Launching mavenrun-c35ef6a4-cf8c-48d5-b7f3-05d2071621ac] INFO  o.eclipse.m2e.core.internal.Bundles - 	Entry: C:\Users\BETU\.p2\pool\plugins\org.eclipse.m2e.maven.runtime_3.9.900.20240824-1409\jars\maven-resolver-transport-http-1.9.22.jar
2025-08-11 10:53:35,448 [Worker-7: Launching mavenrun-c35ef6a4-cf8c-48d5-b7f3-05d2071621ac] INFO  o.eclipse.m2e.core.internal.Bundles - 	Entry: C:\Users\BETU\.p2\pool\plugins\org.eclipse.m2e.maven.runtime_3.9.900.20240824-1409\jars\maven-resolver-transport-wagon-1.9.22.jar
2025-08-11 10:53:35,448 [Worker-7: Launching mavenrun-c35ef6a4-cf8c-48d5-b7f3-05d2071621ac] INFO  o.eclipse.m2e.core.internal.Bundles - 	Entry: C:\Users\BETU\.p2\pool\plugins\org.eclipse.m2e.maven.runtime_3.9.900.20240824-1409\jars\maven-resolver-util-1.9.22.jar
2025-08-11 10:53:35,448 [Worker-7: Launching mavenrun-c35ef6a4-cf8c-48d5-b7f3-05d2071621ac] INFO  o.eclipse.m2e.core.internal.Bundles - 	Entry: C:\Users\BETU\.p2\pool\plugins\org.eclipse.m2e.maven.runtime_3.9.900.20240824-1409\jars\maven-settings-3.9.9.jar
2025-08-11 10:53:35,448 [Worker-7: Launching mavenrun-c35ef6a4-cf8c-48d5-b7f3-05d2071621ac] INFO  o.eclipse.m2e.core.internal.Bundles - 	Entry: C:\Users\BETU\.p2\pool\plugins\org.eclipse.m2e.maven.runtime_3.9.900.20240824-1409\jars\maven-settings-builder-3.9.9.jar
2025-08-11 10:53:35,448 [Worker-7: Launching mavenrun-c35ef6a4-cf8c-48d5-b7f3-05d2071621ac] INFO  o.eclipse.m2e.core.internal.Bundles - 	Entry: C:\Users\BETU\.p2\pool\plugins\org.eclipse.m2e.maven.runtime_3.9.900.20240824-1409\jars\maven-shared-utils-3.4.2.jar
2025-08-11 10:53:35,449 [Worker-7: Launching mavenrun-c35ef6a4-cf8c-48d5-b7f3-05d2071621ac] INFO  o.eclipse.m2e.core.internal.Bundles - 	Entry: C:\Users\BETU\.p2\pool\plugins\org.eclipse.m2e.maven.runtime_3.9.900.20240824-1409\jars\org.eclipse.sisu.inject-0.9.0.M3.jar
2025-08-11 10:53:35,449 [Worker-7: Launching mavenrun-c35ef6a4-cf8c-48d5-b7f3-05d2071621ac] INFO  o.eclipse.m2e.core.internal.Bundles - 	Entry: C:\Users\BETU\.p2\pool\plugins\org.eclipse.m2e.maven.runtime_3.9.900.20240824-1409\jars\org.eclipse.sisu.plexus-0.9.0.M3.jar
2025-08-11 10:53:35,449 [Worker-7: Launching mavenrun-c35ef6a4-cf8c-48d5-b7f3-05d2071621ac] INFO  o.eclipse.m2e.core.internal.Bundles - 	Entry: C:\Users\BETU\.p2\pool\plugins\org.eclipse.m2e.maven.runtime_3.9.900.20240824-1409\jars\plexus-build-api-0.0.7.jar
2025-08-11 10:53:35,449 [Worker-7: Launching mavenrun-c35ef6a4-cf8c-48d5-b7f3-05d2071621ac] INFO  o.eclipse.m2e.core.internal.Bundles - 	Entry: C:\Users\BETU\.p2\pool\plugins\org.eclipse.m2e.maven.runtime_3.9.900.20240824-1409\jars\plexus-build-api-1.2.0.jar
2025-08-11 10:53:35,449 [Worker-7: Launching mavenrun-c35ef6a4-cf8c-48d5-b7f3-05d2071621ac] INFO  o.eclipse.m2e.core.internal.Bundles - 	Entry: C:\Users\BETU\.p2\pool\plugins\org.eclipse.m2e.maven.runtime_3.9.900.20240824-1409\jars\plexus-cipher-2.0.jar
2025-08-11 10:53:35,449 [Worker-7: Launching mavenrun-c35ef6a4-cf8c-48d5-b7f3-05d2071621ac] INFO  o.eclipse.m2e.core.internal.Bundles - 	Entry: C:\Users\BETU\.p2\pool\plugins\org.eclipse.m2e.maven.runtime_3.9.900.20240824-1409\jars\plexus-classworlds-2.8.0.jar
2025-08-11 10:53:35,449 [Worker-7: Launching mavenrun-c35ef6a4-cf8c-48d5-b7f3-05d2071621ac] INFO  o.eclipse.m2e.core.internal.Bundles - 	Entry: C:\Users\BETU\.p2\pool\plugins\org.eclipse.m2e.maven.runtime_3.9.900.20240824-1409\jars\plexus-component-annotations-2.1.0.jar
2025-08-11 10:53:35,450 [Worker-7: Launching mavenrun-c35ef6a4-cf8c-48d5-b7f3-05d2071621ac] INFO  o.eclipse.m2e.core.internal.Bundles - 	Entry: C:\Users\BETU\.p2\pool\plugins\org.eclipse.m2e.maven.runtime_3.9.900.20240824-1409\jars\plexus-interpolation-1.27.jar
2025-08-11 10:53:35,450 [Worker-7: Launching mavenrun-c35ef6a4-cf8c-48d5-b7f3-05d2071621ac] INFO  o.eclipse.m2e.core.internal.Bundles - 	Entry: C:\Users\BETU\.p2\pool\plugins\org.eclipse.m2e.maven.runtime_3.9.900.20240824-1409\jars\plexus-sec-dispatcher-2.0.jar
2025-08-11 10:53:35,450 [Worker-7: Launching mavenrun-c35ef6a4-cf8c-48d5-b7f3-05d2071621ac] INFO  o.eclipse.m2e.core.internal.Bundles - 	Entry: C:\Users\BETU\.p2\pool\plugins\org.eclipse.m2e.maven.runtime_3.9.900.20240824-1409\jars\plexus-utils-3.5.1.jar
2025-08-11 10:53:35,450 [Worker-7: Launching mavenrun-c35ef6a4-cf8c-48d5-b7f3-05d2071621ac] INFO  o.eclipse.m2e.core.internal.Bundles - 	Entry: C:\Users\BETU\.p2\pool\plugins\org.eclipse.m2e.maven.runtime_3.9.900.20240824-1409\jars\plexus-xml-3.0.1.jar
2025-08-11 10:53:35,450 [Worker-7: Launching mavenrun-c35ef6a4-cf8c-48d5-b7f3-05d2071621ac] INFO  o.eclipse.m2e.core.internal.Bundles - 	Entry: C:\Users\BETU\.p2\pool\plugins\org.eclipse.m2e.maven.runtime_3.9.900.20240824-1409\jars\wagon-file-3.5.3.jar
2025-08-11 10:53:35,450 [Worker-7: Launching mavenrun-c35ef6a4-cf8c-48d5-b7f3-05d2071621ac] INFO  o.eclipse.m2e.core.internal.Bundles - 	Entry: C:\Users\BETU\.p2\pool\plugins\org.eclipse.m2e.maven.runtime_3.9.900.20240824-1409\jars\wagon-http-3.5.3.jar
2025-08-11 10:53:35,450 [Worker-7: Launching mavenrun-c35ef6a4-cf8c-48d5-b7f3-05d2071621ac] INFO  o.eclipse.m2e.core.internal.Bundles - 	Entry: C:\Users\BETU\.p2\pool\plugins\org.eclipse.m2e.maven.runtime_3.9.900.20240824-1409\jars\wagon-http-shared-3.5.3.jar
2025-08-11 10:53:35,451 [Worker-7: Launching mavenrun-c35ef6a4-cf8c-48d5-b7f3-05d2071621ac] INFO  o.eclipse.m2e.core.internal.Bundles - 	Entry: C:\Users\BETU\.p2\pool\plugins\org.eclipse.m2e.maven.runtime_3.9.900.20240824-1409\jars\wagon-provider-api-3.5.3.jar
2025-08-11 10:53:35,452 [Worker-7: Launching mavenrun-c35ef6a4-cf8c-48d5-b7f3-05d2071621ac] INFO  o.eclipse.m2e.core.internal.Bundles - getClasspathEntries(Bundle=com.google.guava_33.3.1.jre [16])
2025-08-11 10:53:35,453 [Worker-7: Launching mavenrun-c35ef6a4-cf8c-48d5-b7f3-05d2071621ac] INFO  o.eclipse.m2e.core.internal.Bundles - 	Entry: C:\Users\BETU\.p2\pool\plugins\com.google.guava_33.3.1.jre.jar
2025-08-11 10:53:35,453 [Worker-7: Launching mavenrun-c35ef6a4-cf8c-48d5-b7f3-05d2071621ac] INFO  o.eclipse.m2e.core.internal.Bundles - getClasspathEntries(Bundle=slf4j.api_2.0.16 [1005])
2025-08-11 10:53:35,453 [Worker-7: Launching mavenrun-c35ef6a4-cf8c-48d5-b7f3-05d2071621ac] INFO  o.eclipse.m2e.core.internal.Bundles - 	Entry: C:\Users\BETU\.p2\pool\plugins\slf4j.api_2.0.16.jar
2025-08-11 10:53:35,454 [Worker-7: Launching mavenrun-c35ef6a4-cf8c-48d5-b7f3-05d2071621ac] INFO  o.eclipse.m2e.core.internal.Bundles - getClasspathEntries(Bundle=jakarta.inject.jakarta.inject-api_1.0.5 [34])
2025-08-11 10:53:35,454 [Worker-7: Launching mavenrun-c35ef6a4-cf8c-48d5-b7f3-05d2071621ac] INFO  o.eclipse.m2e.core.internal.Bundles - 	Entry: C:\Users\BETU\.p2\pool\plugins\jakarta.inject.jakarta.inject-api_1.0.5.jar
2025-08-11 10:53:35,454 [Worker-7: Launching mavenrun-c35ef6a4-cf8c-48d5-b7f3-05d2071621ac] INFO  o.eclipse.m2e.core.internal.Bundles - getClasspathEntries(Bundle=jakarta.annotation-api_1.3.5 [29])
2025-08-11 10:53:35,454 [Worker-7: Launching mavenrun-c35ef6a4-cf8c-48d5-b7f3-05d2071621ac] INFO  o.eclipse.m2e.core.internal.Bundles - 	Entry: C:\Users\BETU\.p2\pool\plugins\jakarta.annotation-api_1.3.5.jar
2025-08-11 10:53:35,454 [Worker-7: Launching mavenrun-c35ef6a4-cf8c-48d5-b7f3-05d2071621ac] INFO  o.eclipse.m2e.core.internal.Bundles - getClasspathEntries(Bundle=org.apache.commons.cli_1.9.0 [75])
2025-08-11 10:53:35,455 [Worker-7: Launching mavenrun-c35ef6a4-cf8c-48d5-b7f3-05d2071621ac] INFO  o.eclipse.m2e.core.internal.Bundles - 	Entry: C:\Users\BETU\.p2\pool\plugins\org.apache.commons.cli_1.9.0.jar
2025-08-11 10:53:35,455 [Worker-7: Launching mavenrun-c35ef6a4-cf8c-48d5-b7f3-05d2071621ac] INFO  o.eclipse.m2e.core.internal.Bundles - getClasspathEntries(Bundle=org.apache.commons.commons-codec_1.16.0 [78])
2025-08-11 10:53:35,455 [Worker-7: Launching mavenrun-c35ef6a4-cf8c-48d5-b7f3-05d2071621ac] INFO  o.eclipse.m2e.core.internal.Bundles - 	Entry: C:\Users\BETU\.p2\pool\plugins\org.apache.commons.commons-codec_1.16.0.jar
2025-08-11 10:53:35,455 [Worker-7: Launching mavenrun-c35ef6a4-cf8c-48d5-b7f3-05d2071621ac] INFO  o.eclipse.m2e.core.internal.Bundles - getClasspathEntries(Bundle=com.google.guava.failureaccess_1.0.2 [17])
2025-08-11 10:53:35,456 [Worker-7: Launching mavenrun-c35ef6a4-cf8c-48d5-b7f3-05d2071621ac] INFO  o.eclipse.m2e.core.internal.Bundles - 	Entry: C:\Users\BETU\.p2\pool\plugins\com.google.guava.failureaccess_1.0.2.jar
2025-08-11 10:53:35,462 [Worker-7: Launching mavenrun-c35ef6a4-cf8c-48d5-b7f3-05d2071621ac] INFO  o.e.m.i.launch.MavenLaunchDelegate - Run build in "C:\Users\BETU\AppData\Local\Temp\m2e-archetypeGenerator1523456929492496950":
2025-08-11 10:53:35,483 [Worker-7: Launching mavenrun-c35ef6a4-cf8c-48d5-b7f3-05d2071621ac] INFO  o.e.m.i.launch.MavenLaunchDelegate -  mvn  -DarchetypeGroupId=org.apache.maven.archetypes -DarchetypeArtifactId=maven-archetype-webapp -DarchetypeVersion=1.0 -DgroupId=com.univ -DartifactId=Spring-MVC-App3 -Dversion=0.0.1-SNAPSHOT -Dpackage=com.univ -DoutputDirectory=C:\Users\BETU\Desktop\coading\25june25jee\Spring-MVC -Dstyle.color=always -U archetype:generate
2025-08-11 10:53:45,432 [Worker-4: Creating maven-archetype-webapp] INFO  o.e.m.c.i.p.ProjectConfigurationManager - Collecting project info '/pom.xml' C:\Users\BETU\Desktop\coading\25june25jee\Spring-MVC\Spring-MVC-App3\pom.xml
2025-08-11 10:53:45,970 [Worker-4: Creating maven-archetype-webapp] INFO  o.e.m.c.i.l.LifecycleMappingFactory - Using org.maven.ide.eclipse.wtp.WarLifecycleMapping lifecycle mapping for MavenProject: com.univ:Spring-MVC-App3:0.0.1-SNAPSHOT @ C:\Users\BETU\Desktop\coading\25june25jee\Spring-MVC\Spring-MVC-App3\pom.xml.
2025-08-11 10:53:46,094 [Worker-4: Creating maven-archetype-webapp] INFO  o.e.m.j.i.AbstractJavaProjectConfigurator - Adding source folder /Spring-MVC-App3/src/main/java
2025-08-11 10:53:46,096 [Worker-4: Creating maven-archetype-webapp] INFO  o.e.m.j.i.AbstractJavaProjectConfigurator - Adding resource folder /Spring-MVC-App3/src/main/resources
2025-08-11 10:53:46,097 [Worker-4: Creating maven-archetype-webapp] INFO  o.e.m.j.i.AbstractJavaProjectConfigurator - Adding source folder /Spring-MVC-App3/src/test/java
2025-08-11 10:53:46,097 [Worker-4: Creating maven-archetype-webapp] INFO  o.e.m.j.i.AbstractJavaProjectConfigurator - Adding resource folder /Spring-MVC-App3/src/test/resources
2025-08-11 10:53:47,703 [Worker-4: Creating maven-archetype-webapp] INFO  o.e.m.c.i.p.ProjectConfigurationManager - Imported and configured 1 project(s) in 2 sec
2025-08-11 10:53:48,021 [Worker-14: Building] WARN  o.a.m.s.f.DefaultMavenResourcesFiltering - Using platform encoding (UTF-8 actually) to copy filtered resources, i.e. build is platform dependent!
2025-08-11 10:53:48,023 [Worker-14: Building] INFO  o.a.m.s.f.DefaultMavenResourcesFiltering - Copying 0 resource from src\main\resources to target\classes
2025-08-11 10:53:48,026 [Worker-14: Building] WARN  o.a.m.s.f.DefaultMavenResourcesFiltering - Using platform encoding (UTF-8 actually) to copy filtered resources, i.e. build is platform dependent!
2025-08-11 10:53:48,028 [Worker-14: Building] INFO  o.a.m.s.f.DefaultMavenResourcesFiltering - skip non existing resourceDirectory C:\Users\BETU\Desktop\coading\25june25jee\Spring-MVC\Spring-MVC-App3\src\test\resources
2025-08-11 10:57:38,446 [Worker-7: Building] WARN  o.a.m.s.f.DefaultMavenResourcesFiltering - Using platform encoding (UTF-8 actually) to copy filtered resources, i.e. build is platform dependent!
2025-08-11 10:57:38,449 [Worker-7: Building] INFO  o.a.m.s.f.DefaultMavenResourcesFiltering - Copying 0 resource from src\main\resources to target\classes
2025-08-11 10:57:38,453 [Worker-7: Building] WARN  o.a.m.s.f.DefaultMavenResourcesFiltering - Using platform encoding (UTF-8 actually) to copy filtered resources, i.e. build is platform dependent!
2025-08-11 10:57:38,454 [Worker-7: Building] INFO  o.a.m.s.f.DefaultMavenResourcesFiltering - skip non existing resourceDirectory C:\Users\BETU\Desktop\coading\25june25jee\Spring-MVC\Spring-MVC-App3\src\test\resources
2025-08-11 10:58:37,603 [Start Help Server] INFO  org.eclipse.jetty.server.Server - jetty-12.0.15; built: 2024-11-05T19:44:57.623Z; git: 8281ae9740d4b4225e8166cc476bad237c70213a; jvm 23.0.2+7-58
2025-08-11 10:58:37,667 [Start Help Server] INFO  o.e.j.server.handler.ContextHandler - Started oeje8n.ContextHandler$CoreContextHandler@2169f142{/help,/help,b=null,a=AVAILABLE,h=oeje8n.ContextHandler$CoreContextHandler$CoreToNestedHandler@3c58ea1c{STARTED}}
2025-08-11 10:58:37,668 [Start Help Server] INFO  o.e.j.s.DefaultSessionIdManager - Session workerName=node0
2025-08-11 10:58:37,693 [Start Help Server] INFO  o.e.jetty.server.AbstractConnector - Started ServerConnector@69d47505{HTTP/1.1, (http/1.1)}{127.0.0.1:57305}
2025-08-11 10:58:37,719 [Start Help Server] INFO  org.eclipse.jetty.server.Server - Started oejs.Server@67e335ff{STARTING}[12.0.15,sto=0] @978088ms
2025-08-11 11:45:50,921 [Worker-32: Building Project Spring-MVC-App3] INFO  o.e.m.c.i.l.LifecycleMappingFactory - Using org.maven.ide.eclipse.wtp.WarLifecycleMapping lifecycle mapping for MavenProject: com.univ:Spring-MVC-App3:0.0.1-SNAPSHOT @ C:\Users\BETU\Desktop\coading\25june25jee\Spring-MVC\Spring-MVC-App3\pom.xml.
2025-08-11 11:45:51,299 [Worker-32: Building Project Spring-MVC-App3] WARN  o.a.m.s.f.DefaultMavenResourcesFiltering - Using platform encoding (UTF-8 actually) to copy filtered resources, i.e. build is platform dependent!
2025-08-11 11:45:51,302 [Worker-32: Building Project Spring-MVC-App3] INFO  o.a.m.s.f.DefaultMavenResourcesFiltering - Copying 0 resource from src\main\resources to target\classes
2025-08-11 11:45:51,305 [Worker-32: Building Project Spring-MVC-App3] WARN  o.a.m.s.f.DefaultMavenResourcesFiltering - Using platform encoding (UTF-8 actually) to copy filtered resources, i.e. build is platform dependent!
2025-08-11 11:45:51,306 [Worker-32: Building Project Spring-MVC-App3] INFO  o.a.m.s.f.DefaultMavenResourcesFiltering - skip non existing resourceDirectory C:\Users\BETU\Desktop\coading\25june25jee\Spring-MVC\Spring-MVC-App3\src\test\resources
2025-08-11 11:45:51,440 [Worker-32: Building Project Spring-MVC-App3] WARN  o.a.m.s.f.DefaultMavenResourcesFiltering - Using platform encoding (UTF-8 actually) to copy filtered resources, i.e. build is platform dependent!
2025-08-11 11:45:51,441 [Worker-32: Building Project Spring-MVC-App3] INFO  o.a.m.s.f.DefaultMavenResourcesFiltering - Copying 0 resource from src\main\resources to target\classes
2025-08-11 11:45:51,444 [Worker-32: Building Project Spring-MVC-App3] WARN  o.a.m.s.f.DefaultMavenResourcesFiltering - Using platform encoding (UTF-8 actually) to copy filtered resources, i.e. build is platform dependent!
2025-08-11 11:45:51,445 [Worker-32: Building Project Spring-MVC-App3] INFO  o.a.m.s.f.DefaultMavenResourcesFiltering - skip non existing resourceDirectory C:\Users\BETU\Desktop\coading\25june25jee\Spring-MVC\Spring-MVC\src\test\resources
2025-08-11 11:45:51,492 [Worker-32: Building Project Spring-MVC-App3] WARN  o.a.m.s.f.DefaultMavenResourcesFiltering - Using platform encoding (UTF-8 actually) to copy filtered resources, i.e. build is platform dependent!
2025-08-11 11:45:51,493 [Worker-32: Building Project Spring-MVC-App3] INFO  o.a.m.s.f.DefaultMavenResourcesFiltering - Copying 0 resource from src\main\resources to target\classes
2025-08-11 11:45:51,494 [Worker-32: Building Project Spring-MVC-App3] WARN  o.a.m.s.f.DefaultMavenResourcesFiltering - Using platform encoding (UTF-8 actually) to copy filtered resources, i.e. build is platform dependent!
2025-08-11 11:45:51,495 [Worker-32: Building Project Spring-MVC-App3] INFO  o.a.m.s.f.DefaultMavenResourcesFiltering - skip non existing resourceDirectory C:\Users\BETU\Desktop\coading\25june25jee\Spring-MVC\Spring-MVC-App2\src\test\resources
2025-08-11 12:28:33,161 [Worker-33: Updating Maven Project] INFO  o.e.m.c.i.p.ProjectConfigurationManager - Update started
2025-08-11 12:28:33,225 [Worker-33: Updating Maven Project] INFO  o.e.m.c.i.l.LifecycleMappingFactory - Using org.maven.ide.eclipse.wtp.WarLifecycleMapping lifecycle mapping for MavenProject: com.univ:Spring-MVC-App3:0.0.1-SNAPSHOT @ C:\Users\BETU\Desktop\coading\25june25jee\Spring-MVC\Spring-MVC-App3\pom.xml.
2025-08-11 12:28:33,342 [Worker-33: Updating Maven Project] INFO  o.e.m.j.i.AbstractJavaProjectConfigurator - Adding source folder /Spring-MVC-App3/src/main/java
2025-08-11 12:28:33,343 [Worker-33: Updating Maven Project] INFO  o.e.m.j.i.AbstractJavaProjectConfigurator - Adding resource folder /Spring-MVC-App3/src/main/resources
2025-08-11 12:28:33,344 [Worker-33: Updating Maven Project] INFO  o.e.m.j.i.AbstractJavaProjectConfigurator - Adding source folder /Spring-MVC-App3/src/test/java
2025-08-11 12:28:33,344 [Worker-33: Updating Maven Project] INFO  o.e.m.j.i.AbstractJavaProjectConfigurator - Adding resource folder /Spring-MVC-App3/src/test/resources
2025-08-11 12:28:34,169 [Worker-33: Updating Maven Project] INFO  o.e.m.c.i.p.ProjectConfigurationManager - Update completed for 1 poms: local refresh takes 0.00 sec, refresh facades takes 0.00 sec, update config takes 0.00 sec 
2025-08-11 12:30:52,043 [Worker-34: Launching mavenrun-3d4ee6f1-6f5a-4e36-b4de-c151e515eb52] INFO  o.eclipse.m2e.core.internal.Bundles - getClasspathEntries(Bundle=org.eclipse.m2e.maven.runtime_3.9.900.20240824-1409 [638])
2025-08-11 12:30:52,044 [Worker-34: Launching mavenrun-3d4ee6f1-6f5a-4e36-b4de-c151e515eb52] INFO  o.eclipse.m2e.core.internal.Bundles - 	Entry: C:\Users\BETU\.p2\pool\plugins\org.eclipse.m2e.maven.runtime_3.9.900.20240824-1409
2025-08-11 12:30:52,044 [Worker-34: Launching mavenrun-3d4ee6f1-6f5a-4e36-b4de-c151e515eb52] INFO  o.eclipse.m2e.core.internal.Bundles - 	Entry: C:\Users\BETU\.p2\pool\plugins\org.eclipse.m2e.maven.runtime_3.9.900.20240824-1409\jars\aopalliance-1.0.jar
2025-08-11 12:30:52,045 [Worker-34: Launching mavenrun-3d4ee6f1-6f5a-4e36-b4de-c151e515eb52] INFO  o.eclipse.m2e.core.internal.Bundles - 	Entry: C:\Users\BETU\.p2\pool\plugins\org.eclipse.m2e.maven.runtime_3.9.900.20240824-1409\jars\guice-5.1.0.jar
2025-08-11 12:30:52,045 [Worker-34: Launching mavenrun-3d4ee6f1-6f5a-4e36-b4de-c151e515eb52] INFO  o.eclipse.m2e.core.internal.Bundles - 	Entry: C:\Users\BETU\.p2\pool\plugins\org.eclipse.m2e.maven.runtime_3.9.900.20240824-1409\jars\httpclient-4.5.14.jar
2025-08-11 12:30:52,045 [Worker-34: Launching mavenrun-3d4ee6f1-6f5a-4e36-b4de-c151e515eb52] INFO  o.eclipse.m2e.core.internal.Bundles - 	Entry: C:\Users\BETU\.p2\pool\plugins\org.eclipse.m2e.maven.runtime_3.9.900.20240824-1409\jars\httpcore-4.4.16.jar
2025-08-11 12:30:52,045 [Worker-34: Launching mavenrun-3d4ee6f1-6f5a-4e36-b4de-c151e515eb52] INFO  o.eclipse.m2e.core.internal.Bundles - 	Entry: C:\Users\BETU\.p2\pool\plugins\org.eclipse.m2e.maven.runtime_3.9.900.20240824-1409\jars\jansi-2.4.1.jar
2025-08-11 12:30:52,045 [Worker-34: Launching mavenrun-3d4ee6f1-6f5a-4e36-b4de-c151e515eb52] INFO  o.eclipse.m2e.core.internal.Bundles - 	Entry: C:\Users\BETU\.p2\pool\plugins\org.eclipse.m2e.maven.runtime_3.9.900.20240824-1409\jars\jcl-over-slf4j-1.7.36.jar
2025-08-11 12:30:52,046 [Worker-34: Launching mavenrun-3d4ee6f1-6f5a-4e36-b4de-c151e515eb52] INFO  o.eclipse.m2e.core.internal.Bundles - 	Entry: C:\Users\BETU\.p2\pool\plugins\org.eclipse.m2e.maven.runtime_3.9.900.20240824-1409\jars\maven-artifact-3.9.9.jar
2025-08-11 12:30:52,046 [Worker-34: Launching mavenrun-3d4ee6f1-6f5a-4e36-b4de-c151e515eb52] INFO  o.eclipse.m2e.core.internal.Bundles - 	Entry: C:\Users\BETU\.p2\pool\plugins\org.eclipse.m2e.maven.runtime_3.9.900.20240824-1409\jars\maven-builder-support-3.9.9.jar
2025-08-11 12:30:52,046 [Worker-34: Launching mavenrun-3d4ee6f1-6f5a-4e36-b4de-c151e515eb52] INFO  o.eclipse.m2e.core.internal.Bundles - 	Entry: C:\Users\BETU\.p2\pool\plugins\org.eclipse.m2e.maven.runtime_3.9.900.20240824-1409\jars\maven-compat-3.9.9.jar
2025-08-11 12:30:52,046 [Worker-34: Launching mavenrun-3d4ee6f1-6f5a-4e36-b4de-c151e515eb52] INFO  o.eclipse.m2e.core.internal.Bundles - 	Entry: C:\Users\BETU\.p2\pool\plugins\org.eclipse.m2e.maven.runtime_3.9.900.20240824-1409\jars\maven-core-3.9.9.jar
2025-08-11 12:30:52,047 [Worker-34: Launching mavenrun-3d4ee6f1-6f5a-4e36-b4de-c151e515eb52] INFO  o.eclipse.m2e.core.internal.Bundles - 	Entry: C:\Users\BETU\.p2\pool\plugins\org.eclipse.m2e.maven.runtime_3.9.900.20240824-1409\jars\maven-embedder-3.9.9.jar
2025-08-11 12:30:52,047 [Worker-34: Launching mavenrun-3d4ee6f1-6f5a-4e36-b4de-c151e515eb52] INFO  o.eclipse.m2e.core.internal.Bundles - 	Entry: C:\Users\BETU\.p2\pool\plugins\org.eclipse.m2e.maven.runtime_3.9.900.20240824-1409\jars\maven-model-3.9.9.jar
2025-08-11 12:30:52,047 [Worker-34: Launching mavenrun-3d4ee6f1-6f5a-4e36-b4de-c151e515eb52] INFO  o.eclipse.m2e.core.internal.Bundles - 	Entry: C:\Users\BETU\.p2\pool\plugins\org.eclipse.m2e.maven.runtime_3.9.900.20240824-1409\jars\maven-model-builder-3.9.9.jar
2025-08-11 12:30:52,047 [Worker-34: Launching mavenrun-3d4ee6f1-6f5a-4e36-b4de-c151e515eb52] INFO  o.eclipse.m2e.core.internal.Bundles - 	Entry: C:\Users\BETU\.p2\pool\plugins\org.eclipse.m2e.maven.runtime_3.9.900.20240824-1409\jars\maven-plugin-api-3.9.9.jar
2025-08-11 12:30:52,047 [Worker-34: Launching mavenrun-3d4ee6f1-6f5a-4e36-b4de-c151e515eb52] INFO  o.eclipse.m2e.core.internal.Bundles - 	Entry: C:\Users\BETU\.p2\pool\plugins\org.eclipse.m2e.maven.runtime_3.9.900.20240824-1409\jars\maven-repository-metadata-3.9.9.jar
2025-08-11 12:30:52,047 [Worker-34: Launching mavenrun-3d4ee6f1-6f5a-4e36-b4de-c151e515eb52] INFO  o.eclipse.m2e.core.internal.Bundles - 	Entry: C:\Users\BETU\.p2\pool\plugins\org.eclipse.m2e.maven.runtime_3.9.900.20240824-1409\jars\maven-resolver-api-1.9.22.jar
2025-08-11 12:30:52,048 [Worker-34: Launching mavenrun-3d4ee6f1-6f5a-4e36-b4de-c151e515eb52] INFO  o.eclipse.m2e.core.internal.Bundles - 	Entry: C:\Users\BETU\.p2\pool\plugins\org.eclipse.m2e.maven.runtime_3.9.900.20240824-1409\jars\maven-resolver-connector-basic-1.9.22.jar
2025-08-11 12:30:52,048 [Worker-34: Launching mavenrun-3d4ee6f1-6f5a-4e36-b4de-c151e515eb52] INFO  o.eclipse.m2e.core.internal.Bundles - 	Entry: C:\Users\BETU\.p2\pool\plugins\org.eclipse.m2e.maven.runtime_3.9.900.20240824-1409\jars\maven-resolver-impl-1.9.22.jar
2025-08-11 12:30:52,048 [Worker-34: Launching mavenrun-3d4ee6f1-6f5a-4e36-b4de-c151e515eb52] INFO  o.eclipse.m2e.core.internal.Bundles - 	Entry: C:\Users\BETU\.p2\pool\plugins\org.eclipse.m2e.maven.runtime_3.9.900.20240824-1409\jars\maven-resolver-named-locks-1.9.22.jar
2025-08-11 12:30:52,048 [Worker-34: Launching mavenrun-3d4ee6f1-6f5a-4e36-b4de-c151e515eb52] INFO  o.eclipse.m2e.core.internal.Bundles - 	Entry: C:\Users\BETU\.p2\pool\plugins\org.eclipse.m2e.maven.runtime_3.9.900.20240824-1409\jars\maven-resolver-provider-3.9.9.jar
2025-08-11 12:30:52,048 [Worker-34: Launching mavenrun-3d4ee6f1-6f5a-4e36-b4de-c151e515eb52] INFO  o.eclipse.m2e.core.internal.Bundles - 	Entry: C:\Users\BETU\.p2\pool\plugins\org.eclipse.m2e.maven.runtime_3.9.900.20240824-1409\jars\maven-resolver-spi-1.9.22.jar
2025-08-11 12:30:52,048 [Worker-34: Launching mavenrun-3d4ee6f1-6f5a-4e36-b4de-c151e515eb52] INFO  o.eclipse.m2e.core.internal.Bundles - 	Entry: C:\Users\BETU\.p2\pool\plugins\org.eclipse.m2e.maven.runtime_3.9.900.20240824-1409\jars\maven-resolver-transport-file-1.9.22.jar
2025-08-11 12:30:52,048 [Worker-34: Launching mavenrun-3d4ee6f1-6f5a-4e36-b4de-c151e515eb52] INFO  o.eclipse.m2e.core.internal.Bundles - 	Entry: C:\Users\BETU\.p2\pool\plugins\org.eclipse.m2e.maven.runtime_3.9.900.20240824-1409\jars\maven-resolver-transport-http-1.9.22.jar
2025-08-11 12:30:52,049 [Worker-34: Launching mavenrun-3d4ee6f1-6f5a-4e36-b4de-c151e515eb52] INFO  o.eclipse.m2e.core.internal.Bundles - 	Entry: C:\Users\BETU\.p2\pool\plugins\org.eclipse.m2e.maven.runtime_3.9.900.20240824-1409\jars\maven-resolver-transport-wagon-1.9.22.jar
2025-08-11 12:30:52,049 [Worker-34: Launching mavenrun-3d4ee6f1-6f5a-4e36-b4de-c151e515eb52] INFO  o.eclipse.m2e.core.internal.Bundles - 	Entry: C:\Users\BETU\.p2\pool\plugins\org.eclipse.m2e.maven.runtime_3.9.900.20240824-1409\jars\maven-resolver-util-1.9.22.jar
2025-08-11 12:30:52,049 [Worker-34: Launching mavenrun-3d4ee6f1-6f5a-4e36-b4de-c151e515eb52] INFO  o.eclipse.m2e.core.internal.Bundles - 	Entry: C:\Users\BETU\.p2\pool\plugins\org.eclipse.m2e.maven.runtime_3.9.900.20240824-1409\jars\maven-settings-3.9.9.jar
2025-08-11 12:30:52,049 [Worker-34: Launching mavenrun-3d4ee6f1-6f5a-4e36-b4de-c151e515eb52] INFO  o.eclipse.m2e.core.internal.Bundles - 	Entry: C:\Users\BETU\.p2\pool\plugins\org.eclipse.m2e.maven.runtime_3.9.900.20240824-1409\jars\maven-settings-builder-3.9.9.jar
2025-08-11 12:30:52,049 [Worker-34: Launching mavenrun-3d4ee6f1-6f5a-4e36-b4de-c151e515eb52] INFO  o.eclipse.m2e.core.internal.Bundles - 	Entry: C:\Users\BETU\.p2\pool\plugins\org.eclipse.m2e.maven.runtime_3.9.900.20240824-1409\jars\maven-shared-utils-3.4.2.jar
2025-08-11 12:30:52,050 [Worker-34: Launching mavenrun-3d4ee6f1-6f5a-4e36-b4de-c151e515eb52] INFO  o.eclipse.m2e.core.internal.Bundles - 	Entry: C:\Users\BETU\.p2\pool\plugins\org.eclipse.m2e.maven.runtime_3.9.900.20240824-1409\jars\org.eclipse.sisu.inject-0.9.0.M3.jar
2025-08-11 12:30:52,050 [Worker-34: Launching mavenrun-3d4ee6f1-6f5a-4e36-b4de-c151e515eb52] INFO  o.eclipse.m2e.core.internal.Bundles - 	Entry: C:\Users\BETU\.p2\pool\plugins\org.eclipse.m2e.maven.runtime_3.9.900.20240824-1409\jars\org.eclipse.sisu.plexus-0.9.0.M3.jar
2025-08-11 12:30:52,050 [Worker-34: Launching mavenrun-3d4ee6f1-6f5a-4e36-b4de-c151e515eb52] INFO  o.eclipse.m2e.core.internal.Bundles - 	Entry: C:\Users\BETU\.p2\pool\plugins\org.eclipse.m2e.maven.runtime_3.9.900.20240824-1409\jars\plexus-build-api-0.0.7.jar
2025-08-11 12:30:52,050 [Worker-34: Launching mavenrun-3d4ee6f1-6f5a-4e36-b4de-c151e515eb52] INFO  o.eclipse.m2e.core.internal.Bundles - 	Entry: C:\Users\BETU\.p2\pool\plugins\org.eclipse.m2e.maven.runtime_3.9.900.20240824-1409\jars\plexus-build-api-1.2.0.jar
2025-08-11 12:30:52,050 [Worker-34: Launching mavenrun-3d4ee6f1-6f5a-4e36-b4de-c151e515eb52] INFO  o.eclipse.m2e.core.internal.Bundles - 	Entry: C:\Users\BETU\.p2\pool\plugins\org.eclipse.m2e.maven.runtime_3.9.900.20240824-1409\jars\plexus-cipher-2.0.jar
2025-08-11 12:30:52,050 [Worker-34: Launching mavenrun-3d4ee6f1-6f5a-4e36-b4de-c151e515eb52] INFO  o.eclipse.m2e.core.internal.Bundles - 	Entry: C:\Users\BETU\.p2\pool\plugins\org.eclipse.m2e.maven.runtime_3.9.900.20240824-1409\jars\plexus-classworlds-2.8.0.jar
2025-08-11 12:30:52,050 [Worker-34: Launching mavenrun-3d4ee6f1-6f5a-4e36-b4de-c151e515eb52] INFO  o.eclipse.m2e.core.internal.Bundles - 	Entry: C:\Users\BETU\.p2\pool\plugins\org.eclipse.m2e.maven.runtime_3.9.900.20240824-1409\jars\plexus-component-annotations-2.1.0.jar
2025-08-11 12:30:52,051 [Worker-34: Launching mavenrun-3d4ee6f1-6f5a-4e36-b4de-c151e515eb52] INFO  o.eclipse.m2e.core.internal.Bundles - 	Entry: C:\Users\BETU\.p2\pool\plugins\org.eclipse.m2e.maven.runtime_3.9.900.20240824-1409\jars\plexus-interpolation-1.27.jar
2025-08-11 12:30:52,051 [Worker-34: Launching mavenrun-3d4ee6f1-6f5a-4e36-b4de-c151e515eb52] INFO  o.eclipse.m2e.core.internal.Bundles - 	Entry: C:\Users\BETU\.p2\pool\plugins\org.eclipse.m2e.maven.runtime_3.9.900.20240824-1409\jars\plexus-sec-dispatcher-2.0.jar
2025-08-11 12:30:52,051 [Worker-34: Launching mavenrun-3d4ee6f1-6f5a-4e36-b4de-c151e515eb52] INFO  o.eclipse.m2e.core.internal.Bundles - 	Entry: C:\Users\BETU\.p2\pool\plugins\org.eclipse.m2e.maven.runtime_3.9.900.20240824-1409\jars\plexus-utils-3.5.1.jar
2025-08-11 12:30:52,051 [Worker-34: Launching mavenrun-3d4ee6f1-6f5a-4e36-b4de-c151e515eb52] INFO  o.eclipse.m2e.core.internal.Bundles - 	Entry: C:\Users\BETU\.p2\pool\plugins\org.eclipse.m2e.maven.runtime_3.9.900.20240824-1409\jars\plexus-xml-3.0.1.jar
2025-08-11 12:30:52,051 [Worker-34: Launching mavenrun-3d4ee6f1-6f5a-4e36-b4de-c151e515eb52] INFO  o.eclipse.m2e.core.internal.Bundles - 	Entry: C:\Users\BETU\.p2\pool\plugins\org.eclipse.m2e.maven.runtime_3.9.900.20240824-1409\jars\wagon-file-3.5.3.jar
2025-08-11 12:30:52,051 [Worker-34: Launching mavenrun-3d4ee6f1-6f5a-4e36-b4de-c151e515eb52] INFO  o.eclipse.m2e.core.internal.Bundles - 	Entry: C:\Users\BETU\.p2\pool\plugins\org.eclipse.m2e.maven.runtime_3.9.900.20240824-1409\jars\wagon-http-3.5.3.jar
2025-08-11 12:30:52,051 [Worker-34: Launching mavenrun-3d4ee6f1-6f5a-4e36-b4de-c151e515eb52] INFO  o.eclipse.m2e.core.internal.Bundles - 	Entry: C:\Users\BETU\.p2\pool\plugins\org.eclipse.m2e.maven.runtime_3.9.900.20240824-1409\jars\wagon-http-shared-3.5.3.jar
2025-08-11 12:30:52,052 [Worker-34: Launching mavenrun-3d4ee6f1-6f5a-4e36-b4de-c151e515eb52] INFO  o.eclipse.m2e.core.internal.Bundles - 	Entry: C:\Users\BETU\.p2\pool\plugins\org.eclipse.m2e.maven.runtime_3.9.900.20240824-1409\jars\wagon-provider-api-3.5.3.jar
2025-08-11 12:30:52,052 [Worker-34: Launching mavenrun-3d4ee6f1-6f5a-4e36-b4de-c151e515eb52] INFO  o.eclipse.m2e.core.internal.Bundles - getClasspathEntries(Bundle=com.google.guava_33.3.1.jre [16])
2025-08-11 12:30:52,052 [Worker-34: Launching mavenrun-3d4ee6f1-6f5a-4e36-b4de-c151e515eb52] INFO  o.eclipse.m2e.core.internal.Bundles - 	Entry: C:\Users\BETU\.p2\pool\plugins\com.google.guava_33.3.1.jre.jar
2025-08-11 12:30:52,052 [Worker-34: Launching mavenrun-3d4ee6f1-6f5a-4e36-b4de-c151e515eb52] INFO  o.eclipse.m2e.core.internal.Bundles - getClasspathEntries(Bundle=slf4j.api_2.0.16 [1005])
2025-08-11 12:30:52,053 [Worker-34: Launching mavenrun-3d4ee6f1-6f5a-4e36-b4de-c151e515eb52] INFO  o.eclipse.m2e.core.internal.Bundles - 	Entry: C:\Users\BETU\.p2\pool\plugins\slf4j.api_2.0.16.jar
2025-08-11 12:30:52,053 [Worker-34: Launching mavenrun-3d4ee6f1-6f5a-4e36-b4de-c151e515eb52] INFO  o.eclipse.m2e.core.internal.Bundles - getClasspathEntries(Bundle=jakarta.inject.jakarta.inject-api_1.0.5 [34])
2025-08-11 12:30:52,053 [Worker-34: Launching mavenrun-3d4ee6f1-6f5a-4e36-b4de-c151e515eb52] INFO  o.eclipse.m2e.core.internal.Bundles - 	Entry: C:\Users\BETU\.p2\pool\plugins\jakarta.inject.jakarta.inject-api_1.0.5.jar
2025-08-11 12:30:52,053 [Worker-34: Launching mavenrun-3d4ee6f1-6f5a-4e36-b4de-c151e515eb52] INFO  o.eclipse.m2e.core.internal.Bundles - getClasspathEntries(Bundle=jakarta.annotation-api_1.3.5 [29])
2025-08-11 12:30:52,054 [Worker-34: Launching mavenrun-3d4ee6f1-6f5a-4e36-b4de-c151e515eb52] INFO  o.eclipse.m2e.core.internal.Bundles - 	Entry: C:\Users\BETU\.p2\pool\plugins\jakarta.annotation-api_1.3.5.jar
2025-08-11 12:30:52,054 [Worker-34: Launching mavenrun-3d4ee6f1-6f5a-4e36-b4de-c151e515eb52] INFO  o.eclipse.m2e.core.internal.Bundles - getClasspathEntries(Bundle=org.apache.commons.cli_1.9.0 [75])
2025-08-11 12:30:52,054 [Worker-34: Launching mavenrun-3d4ee6f1-6f5a-4e36-b4de-c151e515eb52] INFO  o.eclipse.m2e.core.internal.Bundles - 	Entry: C:\Users\BETU\.p2\pool\plugins\org.apache.commons.cli_1.9.0.jar
2025-08-11 12:30:52,054 [Worker-34: Launching mavenrun-3d4ee6f1-6f5a-4e36-b4de-c151e515eb52] INFO  o.eclipse.m2e.core.internal.Bundles - getClasspathEntries(Bundle=org.apache.commons.commons-codec_1.16.0 [78])
2025-08-11 12:30:52,055 [Worker-34: Launching mavenrun-3d4ee6f1-6f5a-4e36-b4de-c151e515eb52] INFO  o.eclipse.m2e.core.internal.Bundles - 	Entry: C:\Users\BETU\.p2\pool\plugins\org.apache.commons.commons-codec_1.16.0.jar
2025-08-11 12:30:52,055 [Worker-34: Launching mavenrun-3d4ee6f1-6f5a-4e36-b4de-c151e515eb52] INFO  o.eclipse.m2e.core.internal.Bundles - getClasspathEntries(Bundle=com.google.guava.failureaccess_1.0.2 [17])
2025-08-11 12:30:52,055 [Worker-34: Launching mavenrun-3d4ee6f1-6f5a-4e36-b4de-c151e515eb52] INFO  o.eclipse.m2e.core.internal.Bundles - 	Entry: C:\Users\BETU\.p2\pool\plugins\com.google.guava.failureaccess_1.0.2.jar
2025-08-11 12:30:52,057 [Worker-34: Launching mavenrun-3d4ee6f1-6f5a-4e36-b4de-c151e515eb52] INFO  o.e.m.i.launch.MavenLaunchDelegate - Run build in "C:\Users\BETU\AppData\Local\Temp\m2e-archetypeGenerator13076066518756569077":
2025-08-11 12:30:52,057 [Worker-34: Launching mavenrun-3d4ee6f1-6f5a-4e36-b4de-c151e515eb52] INFO  o.e.m.i.launch.MavenLaunchDelegate -  mvn  -DarchetypeGroupId=org.apache.maven.archetypes -DarchetypeArtifactId=maven-archetype-webapp -DarchetypeVersion=1.0 -DgroupId=com.univ -DartifactId=Spring-MVC-Hello -Dversion=0.0.1-SNAPSHOT -Dpackage=com.univ -DoutputDirectory=C:\Users\BETU\Desktop\coading\25june25jee\Spring-MVC -Dstyle.color=always -U archetype:generate
2025-08-11 12:33:00,820 [Worker-33: Creating maven-archetype-webapp] INFO  o.e.m.c.i.p.ProjectConfigurationManager - Collecting project info '/pom.xml' C:\Users\BETU\Desktop\coading\25june25jee\Spring-MVC\Spring-MVC-Hello\pom.xml
2025-08-11 12:33:00,897 [Worker-33: Creating maven-archetype-webapp] INFO  o.e.m.c.i.l.LifecycleMappingFactory - Using org.maven.ide.eclipse.wtp.WarLifecycleMapping lifecycle mapping for MavenProject: com.univ:Spring-MVC-Hello:0.0.1-SNAPSHOT @ C:\Users\BETU\Desktop\coading\25june25jee\Spring-MVC\Spring-MVC-Hello\pom.xml.
2025-08-11 12:33:00,947 [Worker-33: Creating maven-archetype-webapp] INFO  o.e.m.j.i.AbstractJavaProjectConfigurator - Adding source folder /Spring-MVC-Hello/src/main/java
2025-08-11 12:33:00,948 [Worker-33: Creating maven-archetype-webapp] INFO  o.e.m.j.i.AbstractJavaProjectConfigurator - Adding resource folder /Spring-MVC-Hello/src/main/resources
2025-08-11 12:33:00,948 [Worker-33: Creating maven-archetype-webapp] INFO  o.e.m.j.i.AbstractJavaProjectConfigurator - Adding source folder /Spring-MVC-Hello/src/test/java
2025-08-11 12:33:00,949 [Worker-33: Creating maven-archetype-webapp] INFO  o.e.m.j.i.AbstractJavaProjectConfigurator - Adding resource folder /Spring-MVC-Hello/src/test/resources
2025-08-11 12:33:01,899 [Worker-33: Creating maven-archetype-webapp] INFO  o.e.m.c.i.p.ProjectConfigurationManager - Imported and configured 1 project(s) in 1 sec
2025-08-11 12:37:22,923 [Stop Help Server] INFO  org.eclipse.jetty.server.Server - Stopped oejs.Server@67e335ff{STOPPING}[12.0.15,sto=0]
2025-08-11 12:37:22,968 [Stop Help Server] INFO  o.e.jetty.server.AbstractConnector - Stopped ServerConnector@69d47505{HTTP/1.1, (http/1.1)}{127.0.0.1:0}
2025-08-11 12:38:39,988 [Worker-6: Loading available Gradle versions] INFO  o.e.b.c.i.u.g.PublishedGradleVersions - Gradle version information cache is up-to-date. Trying to read.
2025-08-11 12:38:46,046 [Worker-9: Updating Maven Dependencies] INFO  o.e.m.c.i.l.LifecycleMappingFactory - Using org.maven.ide.eclipse.wtp.WarLifecycleMapping lifecycle mapping for MavenProject: com.univ:Spring-MVC-App2:0.0.1-SNAPSHOT @ C:\Users\BETU\Desktop\coading\25june25jee\Spring-MVC\Spring-MVC-App2\pom.xml.
2025-08-11 12:38:46,231 [Worker-9: Updating Maven Dependencies] INFO  o.e.m.c.i.l.LifecycleMappingFactory - Using org.maven.ide.eclipse.wtp.WarLifecycleMapping lifecycle mapping for MavenProject: com.univ:Spring-MVC:0.0.1-SNAPSHOT @ C:\Users\BETU\Desktop\coading\25june25jee\Spring-MVC\Spring-MVC\pom.xml.
2025-08-11 12:38:46,840 [Worker-9: Updating Maven Dependencies] INFO  o.e.m.c.i.l.LifecycleMappingFactory - Using org.maven.ide.eclipse.wtp.WarLifecycleMapping lifecycle mapping for MavenProject: com.univ:Spring-MVC-Hello:0.0.1-SNAPSHOT @ C:\Users\BETU\Desktop\coading\25june25jee\Spring-MVC\Spring-MVC-Hello\pom.xml.
2025-08-11 12:38:47,002 [Worker-9: Updating Maven Dependencies] INFO  o.e.m.c.i.l.LifecycleMappingFactory - Using org.maven.ide.eclipse.wtp.WarLifecycleMapping lifecycle mapping for MavenProject: com.univ:Spring-MVC-App3:0.0.1-SNAPSHOT @ C:\Users\BETU\Desktop\coading\25june25jee\Spring-MVC\Spring-MVC-App3\pom.xml.
2025-08-11 12:45:38,317 [Worker-23: Updating Maven Project] INFO  o.e.m.c.i.p.ProjectConfigurationManager - Update started
2025-08-11 12:45:38,605 [Worker-23: Updating Maven Project] INFO  o.e.m.c.i.l.LifecycleMappingFactory - Using org.maven.ide.eclipse.wtp.WarLifecycleMapping lifecycle mapping for MavenProject: com.univ:Spring-MVC-App3:0.0.1-SNAPSHOT @ C:\Users\BETU\Desktop\coading\25june25jee\Spring-MVC\Spring-MVC-App3\pom.xml.
2025-08-11 12:45:38,695 [Worker-23: Updating Maven Project] INFO  o.e.m.c.i.l.LifecycleMappingFactory - Using org.maven.ide.eclipse.wtp.WarLifecycleMapping lifecycle mapping for MavenProject: com.univ:Spring-MVC-App2:0.0.1-SNAPSHOT @ C:\Users\BETU\Desktop\coading\25june25jee\Spring-MVC\Spring-MVC-App2\pom.xml.
2025-08-11 12:45:38,762 [Worker-23: Updating Maven Project] INFO  o.e.m.c.i.l.LifecycleMappingFactory - Using org.maven.ide.eclipse.wtp.WarLifecycleMapping lifecycle mapping for MavenProject: com.univ:Spring-MVC:0.0.1-SNAPSHOT @ C:\Users\BETU\Desktop\coading\25june25jee\Spring-MVC\Spring-MVC\pom.xml.
2025-08-11 12:45:38,822 [Worker-23: Updating Maven Project] INFO  o.e.m.c.i.l.LifecycleMappingFactory - Using org.maven.ide.eclipse.wtp.WarLifecycleMapping lifecycle mapping for MavenProject: com.univ:Spring-MVC-Hello:0.0.1-SNAPSHOT @ C:\Users\BETU\Desktop\coading\25june25jee\Spring-MVC\Spring-MVC-Hello\pom.xml.
2025-08-11 12:45:39,681 [Worker-23: Updating Maven Project] INFO  o.e.m.j.i.AbstractJavaProjectConfigurator - Adding source folder /Spring-MVC-App3/src/main/java
2025-08-11 12:45:39,684 [Worker-23: Updating Maven Project] INFO  o.e.m.j.i.AbstractJavaProjectConfigurator - Adding resource folder /Spring-MVC-App3/src/main/resources
2025-08-11 12:45:39,685 [Worker-23: Updating Maven Project] INFO  o.e.m.j.i.AbstractJavaProjectConfigurator - Adding source folder /Spring-MVC-App3/src/test/java
2025-08-11 12:45:39,686 [Worker-23: Updating Maven Project] INFO  o.e.m.j.i.AbstractJavaProjectConfigurator - Adding resource folder /Spring-MVC-App3/src/test/resources
2025-08-11 12:45:40,488 [Worker-23: Updating Maven Project] INFO  o.e.m.c.i.p.ProjectConfigurationManager - Update completed for 1 poms: local refresh takes 0.00 sec, refresh facades takes 1.00 sec, update config takes 0.00 sec 
2025-08-11 12:46:31,823 [Worker-27: Updating Maven Project] INFO  o.e.m.c.i.p.ProjectConfigurationManager - Update started
2025-08-11 12:46:32,132 [Worker-27: Updating Maven Project] INFO  o.e.m.c.i.l.LifecycleMappingFactory - Using org.maven.ide.eclipse.wtp.WarLifecycleMapping lifecycle mapping for MavenProject: com.univ:Spring-MVC-App3:0.0.1-SNAPSHOT @ C:\Users\BETU\Desktop\coading\25june25jee\Spring-MVC\Spring-MVC-App3\pom.xml.
2025-08-11 12:46:32,212 [Worker-27: Updating Maven Project] INFO  o.e.m.c.i.l.LifecycleMappingFactory - Using org.maven.ide.eclipse.wtp.WarLifecycleMapping lifecycle mapping for MavenProject: com.univ:Spring-MVC-App2:0.0.1-SNAPSHOT @ C:\Users\BETU\Desktop\coading\25june25jee\Spring-MVC\Spring-MVC-App2\pom.xml.
2025-08-11 12:46:32,263 [Worker-27: Updating Maven Project] INFO  o.e.m.c.i.l.LifecycleMappingFactory - Using org.maven.ide.eclipse.wtp.WarLifecycleMapping lifecycle mapping for MavenProject: com.univ:Spring-MVC:0.0.1-SNAPSHOT @ C:\Users\BETU\Desktop\coading\25june25jee\Spring-MVC\Spring-MVC\pom.xml.
2025-08-11 12:46:32,321 [Worker-27: Updating Maven Project] INFO  o.e.m.c.i.l.LifecycleMappingFactory - Using org.maven.ide.eclipse.wtp.WarLifecycleMapping lifecycle mapping for MavenProject: com.univ:Spring-MVC-Hello:0.0.1-SNAPSHOT @ C:\Users\BETU\Desktop\coading\25june25jee\Spring-MVC\Spring-MVC-Hello\pom.xml.
2025-08-11 12:46:32,994 [Worker-27: Updating Maven Project] INFO  o.e.m.j.i.AbstractJavaProjectConfigurator - Adding source folder /Spring-MVC-App3/src/main/java
2025-08-11 12:46:32,995 [Worker-27: Updating Maven Project] INFO  o.e.m.j.i.AbstractJavaProjectConfigurator - Adding resource folder /Spring-MVC-App3/src/main/resources
2025-08-11 12:46:32,996 [Worker-27: Updating Maven Project] INFO  o.e.m.j.i.AbstractJavaProjectConfigurator - Adding source folder /Spring-MVC-App3/src/test/java
2025-08-11 12:46:32,997 [Worker-27: Updating Maven Project] INFO  o.e.m.j.i.AbstractJavaProjectConfigurator - Adding resource folder /Spring-MVC-App3/src/test/resources
2025-08-11 12:46:33,758 [Worker-27: Updating Maven Project] INFO  o.e.m.c.i.p.ProjectConfigurationManager - Update completed for 1 poms: local refresh takes 0.00 sec, refresh facades takes 1.00 sec, update config takes 0.00 sec 
2025-08-11 12:51:44,711 [Start Help Server] INFO  org.eclipse.jetty.server.Server - jetty-12.0.15; built: 2024-11-05T19:44:57.623Z; git: 8281ae9740d4b4225e8166cc476bad237c70213a; jvm 23.0.2+7-58
2025-08-11 12:51:44,812 [Start Help Server] INFO  o.e.j.server.handler.ContextHandler - Started oeje8n.ContextHandler$CoreContextHandler@36622d59{/help,/help,b=null,a=AVAILABLE,h=oeje8n.ContextHandler$CoreContextHandler$CoreToNestedHandler@42c49c6c{STARTED}}
2025-08-11 12:51:44,813 [Start Help Server] INFO  o.e.j.s.DefaultSessionIdManager - Session workerName=node0
2025-08-11 12:51:44,849 [Start Help Server] INFO  o.e.jetty.server.AbstractConnector - Started ServerConnector@242cc40d{HTTP/1.1, (http/1.1)}{127.0.0.1:59365}
2025-08-11 12:51:44,871 [Start Help Server] INFO  org.eclipse.jetty.server.Server - Started oejs.Server@7fcc1c5d{STARTING}[12.0.15,sto=0] @858937ms
2025-08-11 12:58:37,728 [Worker-31: Download sources and javadoc] INFO  o.e.m.j.internal.DownloadSourcesJob - Downloaded sources for junit:junit:3.8.1
2025-08-11 12:58:37,755 [Worker-31: Download sources and javadoc] INFO  o.e.m.j.internal.DownloadSourcesJob - Downloaded sources for org.springframework:spring-webmvc:5.3.20
2025-08-11 12:58:37,770 [Worker-31: Download sources and javadoc] INFO  o.e.m.j.internal.DownloadSourcesJob - Downloaded javadoc for org.springframework:spring-webmvc:5.3.20
2025-08-11 12:58:37,783 [Worker-31: Download sources and javadoc] INFO  o.e.m.j.internal.DownloadSourcesJob - Downloaded sources for org.springframework:spring-aop:5.3.20
2025-08-11 12:58:37,795 [Worker-31: Download sources and javadoc] INFO  o.e.m.j.internal.DownloadSourcesJob - Downloaded javadoc for org.springframework:spring-aop:5.3.20
2025-08-11 12:58:37,818 [Worker-31: Download sources and javadoc] INFO  o.e.m.j.internal.DownloadSourcesJob - Downloaded sources for org.springframework:spring-beans:5.3.20
2025-08-11 12:58:37,832 [Worker-31: Download sources and javadoc] INFO  o.e.m.j.internal.DownloadSourcesJob - Downloaded javadoc for org.springframework:spring-beans:5.3.20
2025-08-11 12:58:37,844 [Worker-31: Download sources and javadoc] INFO  o.e.m.j.internal.DownloadSourcesJob - Downloaded sources for org.springframework:spring-core:5.3.20
2025-08-11 12:58:37,852 [Worker-31: Download sources and javadoc] INFO  o.e.m.j.internal.DownloadSourcesJob - Downloaded javadoc for org.springframework:spring-core:5.3.20
2025-08-11 12:58:37,866 [Worker-31: Download sources and javadoc] INFO  o.e.m.j.internal.DownloadSourcesJob - Downloaded sources for org.springframework:spring-jcl:5.3.20
2025-08-11 12:58:37,875 [Worker-31: Download sources and javadoc] INFO  o.e.m.j.internal.DownloadSourcesJob - Downloaded javadoc for org.springframework:spring-jcl:5.3.20
2025-08-11 12:58:37,886 [Worker-31: Download sources and javadoc] INFO  o.e.m.j.internal.DownloadSourcesJob - Downloaded sources for org.springframework:spring-expression:5.3.20
2025-08-11 12:58:37,897 [Worker-31: Download sources and javadoc] INFO  o.e.m.j.internal.DownloadSourcesJob - Downloaded javadoc for org.springframework:spring-expression:5.3.20
2025-08-11 12:58:37,910 [Worker-31: Download sources and javadoc] INFO  o.e.m.j.internal.DownloadSourcesJob - Downloaded sources for org.springframework:spring-web:5.3.20
2025-08-11 12:58:37,918 [Worker-31: Download sources and javadoc] INFO  o.e.m.j.internal.DownloadSourcesJob - Downloaded javadoc for org.springframework:spring-web:5.3.20
2025-08-11 12:58:37,928 [Worker-31: Download sources and javadoc] INFO  o.e.m.j.internal.DownloadSourcesJob - Downloaded sources for org.springframework:spring-context:5.3.20
2025-08-11 12:58:37,936 [Worker-31: Download sources and javadoc] INFO  o.e.m.j.internal.DownloadSourcesJob - Downloaded javadoc for org.springframework:spring-context:5.3.20
2025-08-11 12:58:37,961 [Worker-31: Download sources and javadoc] INFO  o.e.m.j.internal.DownloadSourcesJob - Downloaded sources for junit:junit:3.8.1
2025-08-11 12:58:37,964 [Worker-31: Download sources and javadoc] INFO  o.e.m.j.internal.DownloadSourcesJob - Downloaded sources for org.springframework:spring-webmvc:5.3.20
2025-08-11 12:58:37,979 [Worker-31: Download sources and javadoc] INFO  o.e.m.j.internal.DownloadSourcesJob - Downloaded javadoc for org.springframework:spring-webmvc:5.3.20
2025-08-11 12:58:37,982 [Worker-31: Download sources and javadoc] INFO  o.e.m.j.internal.DownloadSourcesJob - Downloaded sources for org.springframework:spring-aop:5.3.20
2025-08-11 12:58:37,992 [Worker-31: Download sources and javadoc] INFO  o.e.m.j.internal.DownloadSourcesJob - Downloaded javadoc for org.springframework:spring-aop:5.3.20
2025-08-11 12:58:37,995 [Worker-31: Download sources and javadoc] INFO  o.e.m.j.internal.DownloadSourcesJob - Downloaded sources for org.springframework:spring-beans:5.3.20
2025-08-11 12:58:38,004 [Worker-31: Download sources and javadoc] INFO  o.e.m.j.internal.DownloadSourcesJob - Downloaded javadoc for org.springframework:spring-beans:5.3.20
2025-08-11 12:58:38,008 [Worker-31: Download sources and javadoc] INFO  o.e.m.j.internal.DownloadSourcesJob - Downloaded sources for org.springframework:spring-core:5.3.20
2025-08-11 12:58:38,021 [Worker-31: Download sources and javadoc] INFO  o.e.m.j.internal.DownloadSourcesJob - Downloaded javadoc for org.springframework:spring-core:5.3.20
2025-08-11 12:58:38,025 [Worker-31: Download sources and javadoc] INFO  o.e.m.j.internal.DownloadSourcesJob - Downloaded sources for org.springframework:spring-jcl:5.3.20
2025-08-11 12:58:38,032 [Worker-31: Download sources and javadoc] INFO  o.e.m.j.internal.DownloadSourcesJob - Downloaded javadoc for org.springframework:spring-jcl:5.3.20
2025-08-11 12:58:38,035 [Worker-31: Download sources and javadoc] INFO  o.e.m.j.internal.DownloadSourcesJob - Downloaded sources for org.springframework:spring-expression:5.3.20
2025-08-11 12:58:38,045 [Worker-31: Download sources and javadoc] INFO  o.e.m.j.internal.DownloadSourcesJob - Downloaded javadoc for org.springframework:spring-expression:5.3.20
2025-08-11 12:58:38,048 [Worker-31: Download sources and javadoc] INFO  o.e.m.j.internal.DownloadSourcesJob - Downloaded sources for org.springframework:spring-web:5.3.20
2025-08-11 12:58:38,057 [Worker-31: Download sources and javadoc] INFO  o.e.m.j.internal.DownloadSourcesJob - Downloaded javadoc for org.springframework:spring-web:5.3.20
2025-08-11 12:58:38,060 [Worker-31: Download sources and javadoc] INFO  o.e.m.j.internal.DownloadSourcesJob - Downloaded sources for org.springframework:spring-context:5.3.20
2025-08-11 12:58:38,068 [Worker-31: Download sources and javadoc] INFO  o.e.m.j.internal.DownloadSourcesJob - Downloaded javadoc for org.springframework:spring-context:5.3.20
2025-08-11 12:58:38,072 [Worker-31: Download sources and javadoc] INFO  o.e.m.j.internal.DownloadSourcesJob - Downloaded sources for junit:junit:3.8.1
2025-08-11 12:58:38,077 [Worker-31: Download sources and javadoc] INFO  o.e.m.j.internal.DownloadSourcesJob - Downloaded sources for org.springframework:spring-webmvc:5.3.20
2025-08-11 12:58:38,086 [Worker-31: Download sources and javadoc] INFO  o.e.m.j.internal.DownloadSourcesJob - Downloaded javadoc for org.springframework:spring-webmvc:5.3.20
2025-08-11 12:58:38,092 [Worker-31: Download sources and javadoc] INFO  o.e.m.j.internal.DownloadSourcesJob - Downloaded sources for org.springframework:spring-aop:5.3.20
2025-08-11 12:58:38,101 [Worker-31: Download sources and javadoc] INFO  o.e.m.j.internal.DownloadSourcesJob - Downloaded javadoc for org.springframework:spring-aop:5.3.20
2025-08-11 12:58:38,105 [Worker-31: Download sources and javadoc] INFO  o.e.m.j.internal.DownloadSourcesJob - Downloaded sources for org.springframework:spring-beans:5.3.20
2025-08-11 12:58:38,114 [Worker-31: Download sources and javadoc] INFO  o.e.m.j.internal.DownloadSourcesJob - Downloaded javadoc for org.springframework:spring-beans:5.3.20
2025-08-11 12:58:38,117 [Worker-31: Download sources and javadoc] INFO  o.e.m.j.internal.DownloadSourcesJob - Downloaded sources for org.springframework:spring-core:5.3.20
2025-08-11 12:58:38,128 [Worker-31: Download sources and javadoc] INFO  o.e.m.j.internal.DownloadSourcesJob - Downloaded javadoc for org.springframework:spring-core:5.3.20
2025-08-11 12:58:38,130 [Worker-31: Download sources and javadoc] INFO  o.e.m.j.internal.DownloadSourcesJob - Downloaded sources for org.springframework:spring-jcl:5.3.20
2025-08-11 12:58:38,141 [Worker-31: Download sources and javadoc] INFO  o.e.m.j.internal.DownloadSourcesJob - Downloaded javadoc for org.springframework:spring-jcl:5.3.20
2025-08-11 12:58:38,143 [Worker-31: Download sources and javadoc] INFO  o.e.m.j.internal.DownloadSourcesJob - Downloaded sources for org.springframework:spring-expression:5.3.20
2025-08-11 12:58:38,150 [Worker-31: Download sources and javadoc] INFO  o.e.m.j.internal.DownloadSourcesJob - Downloaded javadoc for org.springframework:spring-expression:5.3.20
2025-08-11 12:58:38,153 [Worker-31: Download sources and javadoc] INFO  o.e.m.j.internal.DownloadSourcesJob - Downloaded sources for org.springframework:spring-web:5.3.20
2025-08-11 12:58:38,163 [Worker-31: Download sources and javadoc] INFO  o.e.m.j.internal.DownloadSourcesJob - Downloaded javadoc for org.springframework:spring-web:5.3.20
2025-08-11 12:58:38,166 [Worker-31: Download sources and javadoc] INFO  o.e.m.j.internal.DownloadSourcesJob - Downloaded sources for org.springframework:spring-context:5.3.20
2025-08-11 12:58:38,175 [Worker-31: Download sources and javadoc] INFO  o.e.m.j.internal.DownloadSourcesJob - Downloaded javadoc for org.springframework:spring-context:5.3.20
2025-08-11 12:58:38,178 [Worker-31: Download sources and javadoc] INFO  o.e.m.j.internal.DownloadSourcesJob - Downloaded sources for junit:junit:3.8.1
2025-08-11 12:58:38,180 [Worker-31: Download sources and javadoc] INFO  o.e.m.j.internal.DownloadSourcesJob - Downloaded sources for org.springframework:spring-webmvc:5.3.20
2025-08-11 12:58:38,190 [Worker-31: Download sources and javadoc] INFO  o.e.m.j.internal.DownloadSourcesJob - Downloaded javadoc for org.springframework:spring-webmvc:5.3.20
2025-08-11 12:58:38,193 [Worker-31: Download sources and javadoc] INFO  o.e.m.j.internal.DownloadSourcesJob - Downloaded sources for org.springframework:spring-aop:5.3.20
2025-08-11 12:58:38,202 [Worker-31: Download sources and javadoc] INFO  o.e.m.j.internal.DownloadSourcesJob - Downloaded javadoc for org.springframework:spring-aop:5.3.20
2025-08-11 12:58:38,206 [Worker-31: Download sources and javadoc] INFO  o.e.m.j.internal.DownloadSourcesJob - Downloaded sources for org.springframework:spring-beans:5.3.20
2025-08-11 12:58:38,214 [Worker-31: Download sources and javadoc] INFO  o.e.m.j.internal.DownloadSourcesJob - Downloaded javadoc for org.springframework:spring-beans:5.3.20
2025-08-11 12:58:38,217 [Worker-31: Download sources and javadoc] INFO  o.e.m.j.internal.DownloadSourcesJob - Downloaded sources for org.springframework:spring-core:5.3.20
2025-08-11 12:58:38,227 [Worker-31: Download sources and javadoc] INFO  o.e.m.j.internal.DownloadSourcesJob - Downloaded javadoc for org.springframework:spring-core:5.3.20
2025-08-11 12:58:38,231 [Worker-31: Download sources and javadoc] INFO  o.e.m.j.internal.DownloadSourcesJob - Downloaded sources for org.springframework:spring-jcl:5.3.20
2025-08-11 12:58:38,240 [Worker-31: Download sources and javadoc] INFO  o.e.m.j.internal.DownloadSourcesJob - Downloaded javadoc for org.springframework:spring-jcl:5.3.20
2025-08-11 12:58:38,243 [Worker-31: Download sources and javadoc] INFO  o.e.m.j.internal.DownloadSourcesJob - Downloaded sources for org.springframework:spring-expression:5.3.20
2025-08-11 12:58:38,252 [Worker-31: Download sources and javadoc] INFO  o.e.m.j.internal.DownloadSourcesJob - Downloaded javadoc for org.springframework:spring-expression:5.3.20
2025-08-11 12:58:38,257 [Worker-31: Download sources and javadoc] INFO  o.e.m.j.internal.DownloadSourcesJob - Downloaded sources for org.springframework:spring-web:5.3.20
2025-08-11 12:58:38,265 [Worker-31: Download sources and javadoc] INFO  o.e.m.j.internal.DownloadSourcesJob - Downloaded javadoc for org.springframework:spring-web:5.3.20
2025-08-11 12:58:38,268 [Worker-31: Download sources and javadoc] INFO  o.e.m.j.internal.DownloadSourcesJob - Downloaded sources for org.springframework:spring-context:5.3.20
2025-08-11 12:58:38,278 [Worker-31: Download sources and javadoc] INFO  o.e.m.j.internal.DownloadSourcesJob - Downloaded javadoc for org.springframework:spring-context:5.3.20
2025-08-11 16:14:29,664 [Worker-45: Building Project Spring-MVC-Hello] INFO  o.e.m.c.i.l.LifecycleMappingFactory - Using org.maven.ide.eclipse.wtp.WarLifecycleMapping lifecycle mapping for MavenProject: com.univ:Spring-MVC-Hello:0.0.1-SNAPSHOT @ C:\Users\BETU\Desktop\coading\25june25jee\Spring-MVC\Spring-MVC-Hello\pom.xml.
2025-08-11 16:14:32,914 [Worker-45: Building Project Spring-MVC-Hello] WARN  o.a.m.s.f.DefaultMavenResourcesFiltering - Using platform encoding (UTF-8 actually) to copy filtered resources, i.e. build is platform dependent!
2025-08-11 16:14:32,942 [Worker-45: Building Project Spring-MVC-Hello] INFO  o.a.m.s.f.DefaultMavenResourcesFiltering - Copying 0 resource from src\main\resources to target\classes
2025-08-11 16:14:32,947 [Worker-45: Building Project Spring-MVC-Hello] WARN  o.a.m.s.f.DefaultMavenResourcesFiltering - Using platform encoding (UTF-8 actually) to copy filtered resources, i.e. build is platform dependent!
2025-08-11 16:14:32,948 [Worker-45: Building Project Spring-MVC-Hello] INFO  o.a.m.s.f.DefaultMavenResourcesFiltering - skip non existing resourceDirectory C:\Users\BETU\Desktop\coading\25june25jee\Spring-MVC\Spring-MVC-Hello\src\test\resources
2025-08-11 16:14:33,171 [Worker-45: Building Project Spring-MVC-Hello] WARN  o.a.m.s.f.DefaultMavenResourcesFiltering - Using platform encoding (UTF-8 actually) to copy filtered resources, i.e. build is platform dependent!
2025-08-11 16:14:33,174 [Worker-45: Building Project Spring-MVC-Hello] INFO  o.a.m.s.f.DefaultMavenResourcesFiltering - Copying 0 resource from src\main\resources to target\classes
2025-08-11 16:14:33,177 [Worker-45: Building Project Spring-MVC-Hello] WARN  o.a.m.s.f.DefaultMavenResourcesFiltering - Using platform encoding (UTF-8 actually) to copy filtered resources, i.e. build is platform dependent!
2025-08-11 16:14:33,179 [Worker-45: Building Project Spring-MVC-Hello] INFO  o.a.m.s.f.DefaultMavenResourcesFiltering - skip non existing resourceDirectory C:\Users\BETU\Desktop\coading\25june25jee\Spring-MVC\Spring-MVC\src\test\resources
2025-08-11 16:14:33,865 [Worker-45: Building Project Spring-MVC-Hello] INFO  o.e.m.c.i.l.LifecycleMappingFactory - Using org.maven.ide.eclipse.wtp.WarLifecycleMapping lifecycle mapping for MavenProject: com.univ:Spring-MVC-App3:0.0.1-SNAPSHOT @ C:\Users\BETU\Desktop\coading\25june25jee\Spring-MVC\Spring-MVC-App3\pom.xml.
2025-08-11 16:14:34,030 [Worker-45: Building Project Spring-MVC-Hello] WARN  o.a.m.s.f.DefaultMavenResourcesFiltering - Using platform encoding (UTF-8 actually) to copy filtered resources, i.e. build is platform dependent!
2025-08-11 16:14:34,034 [Worker-45: Building Project Spring-MVC-Hello] INFO  o.a.m.s.f.DefaultMavenResourcesFiltering - Copying 0 resource from src\main\resources to target\classes
2025-08-11 16:14:34,038 [Worker-45: Building Project Spring-MVC-Hello] WARN  o.a.m.s.f.DefaultMavenResourcesFiltering - Using platform encoding (UTF-8 actually) to copy filtered resources, i.e. build is platform dependent!
2025-08-11 16:14:34,040 [Worker-45: Building Project Spring-MVC-Hello] INFO  o.a.m.s.f.DefaultMavenResourcesFiltering - skip non existing resourceDirectory C:\Users\BETU\Desktop\coading\25june25jee\Spring-MVC\Spring-MVC-App3\src\test\resources
2025-08-12 12:52:07,300 [Worker-7: Loading available Gradle versions] INFO  o.e.b.c.i.u.g.PublishedGradleVersions - Gradle version information cache is out-of-date. Trying to update.
2025-08-12 12:52:14,920 [Worker-10: Updating Maven Dependencies] INFO  o.e.m.c.i.l.LifecycleMappingFactory - Using org.maven.ide.eclipse.wtp.WarLifecycleMapping lifecycle mapping for MavenProject: com.univ:Spring-MVC-App2:0.0.1-SNAPSHOT @ C:\Users\BETU\Desktop\coading\25june25jee\Spring-MVC\Spring-MVC-App2\pom.xml.
2025-08-12 12:52:15,305 [Worker-10: Updating Maven Dependencies] INFO  o.e.m.c.i.l.LifecycleMappingFactory - Using org.maven.ide.eclipse.wtp.WarLifecycleMapping lifecycle mapping for MavenProject: com.univ:Spring-MVC:0.0.1-SNAPSHOT @ C:\Users\BETU\Desktop\coading\25june25jee\Spring-MVC\Spring-MVC\pom.xml.
2025-08-12 12:52:15,377 [Worker-10: Updating Maven Dependencies] INFO  o.e.m.c.i.l.LifecycleMappingFactory - Using org.maven.ide.eclipse.wtp.WarLifecycleMapping lifecycle mapping for MavenProject: com.univ:Spring-MVC-Hello:0.0.1-SNAPSHOT @ C:\Users\BETU\Desktop\coading\25june25jee\Spring-MVC\Spring-MVC-Hello\pom.xml.
2025-08-12 12:52:15,446 [Worker-10: Updating Maven Dependencies] INFO  o.e.m.c.i.l.LifecycleMappingFactory - Using org.maven.ide.eclipse.wtp.WarLifecycleMapping lifecycle mapping for MavenProject: com.univ:Spring-MVC-App3:0.0.1-SNAPSHOT @ C:\Users\BETU\Desktop\coading\25june25jee\Spring-MVC\Spring-MVC-App3\pom.xml.
2025-08-12 13:12:03,911 [Worker-6: Loading available Gradle versions] INFO  o.e.b.c.i.u.g.PublishedGradleVersions - Gradle version information cache is up-to-date. Trying to read.
2025-08-12 13:12:07,982 [Worker-2: Updating Maven Dependencies] INFO  o.e.m.c.i.l.LifecycleMappingFactory - Using org.maven.ide.eclipse.wtp.WarLifecycleMapping lifecycle mapping for MavenProject: com.univ:Spring-MVC-App2:0.0.1-SNAPSHOT @ C:\Users\BETU\Desktop\coading\25june25jee\Spring-MVC\Spring-MVC-App2\pom.xml.
2025-08-12 13:12:08,201 [Worker-2: Updating Maven Dependencies] INFO  o.e.m.c.i.l.LifecycleMappingFactory - Using org.maven.ide.eclipse.wtp.WarLifecycleMapping lifecycle mapping for MavenProject: com.univ:Spring-MVC:0.0.1-SNAPSHOT @ C:\Users\BETU\Desktop\coading\25june25jee\Spring-MVC\Spring-MVC\pom.xml.
2025-08-12 13:12:08,324 [Worker-2: Updating Maven Dependencies] INFO  o.e.m.c.i.l.LifecycleMappingFactory - Using org.maven.ide.eclipse.wtp.WarLifecycleMapping lifecycle mapping for MavenProject: com.univ:Spring-MVC-Hello:0.0.1-SNAPSHOT @ C:\Users\BETU\Desktop\coading\25june25jee\Spring-MVC\Spring-MVC-Hello\pom.xml.
2025-08-12 13:12:08,449 [Worker-2: Updating Maven Dependencies] INFO  o.e.m.c.i.l.LifecycleMappingFactory - Using org.maven.ide.eclipse.wtp.WarLifecycleMapping lifecycle mapping for MavenProject: com.univ:Spring-MVC-App3:0.0.1-SNAPSHOT @ C:\Users\BETU\Desktop\coading\25june25jee\Spring-MVC\Spring-MVC-App3\pom.xml.
2025-08-12 13:16:39,004 [Worker-7: Loading available Gradle versions] INFO  o.e.b.c.i.u.g.PublishedGradleVersions - Gradle version information cache is up-to-date. Trying to read.
2025-08-12 13:16:42,327 [Worker-11: Updating Maven Dependencies] INFO  o.e.m.c.i.l.LifecycleMappingFactory - Using org.maven.ide.eclipse.wtp.WarLifecycleMapping lifecycle mapping for MavenProject: com.univ:Spring-MVC-App2:0.0.1-SNAPSHOT @ C:\Users\BETU\Desktop\coading\25june25jee\Spring-MVC\Spring-MVC-App2\pom.xml.
2025-08-12 13:16:42,444 [Worker-11: Updating Maven Dependencies] INFO  o.e.m.c.i.l.LifecycleMappingFactory - Using org.maven.ide.eclipse.wtp.WarLifecycleMapping lifecycle mapping for MavenProject: com.univ:Spring-MVC:0.0.1-SNAPSHOT @ C:\Users\BETU\Desktop\coading\25june25jee\Spring-MVC\Spring-MVC\pom.xml.
2025-08-12 13:16:42,526 [Worker-11: Updating Maven Dependencies] INFO  o.e.m.c.i.l.LifecycleMappingFactory - Using org.maven.ide.eclipse.wtp.WarLifecycleMapping lifecycle mapping for MavenProject: com.univ:Spring-MVC-Hello:0.0.1-SNAPSHOT @ C:\Users\BETU\Desktop\coading\25june25jee\Spring-MVC\Spring-MVC-Hello\pom.xml.
2025-08-12 13:16:42,621 [Worker-11: Updating Maven Dependencies] INFO  o.e.m.c.i.l.LifecycleMappingFactory - Using org.maven.ide.eclipse.wtp.WarLifecycleMapping lifecycle mapping for MavenProject: com.univ:Spring-MVC-App3:0.0.1-SNAPSHOT @ C:\Users\BETU\Desktop\coading\25june25jee\Spring-MVC\Spring-MVC-App3\pom.xml.
